{"registers": [-0.0053876182064414024, 0.0, -0.021934695541858673, 0.0, 30.014360427856445, 25.067201614379883, 25.06913948059082, 0.0, 0.0, 5.0269999504089355, 514.8189697265625, 20.239622116088867, 5.0229997634887695, 507.66400146484375, 20.106489181518555, 7.15496826171875, 28.529190063476562, 0.32049494981765747, 0.0, 0.0, 0.0, 0.0, 0.0, 0.0, 0.0, 0.0, 0.0, 0.0, 0.0, 0.0, 0.0, 0.0, 0.0, 0.0, 0.0, 0.0, 0.0, 0.0, 0.0, 0.0, 0.0, 0.0, 0.0, 0.0, 0.0, 0.0, 0.0, 0.0, 0.0, 0.0, 0.0, 0.0, 0.0, 0.0, 0.0, 0.0, 0.0, 0.0, 0.0, 0.0, 0.0, 0.0, 0.0, 0.0], "fields": {"op_voltage": -0.0053876182064414024, "target_voltage": 0.0, "set_voltage": -0.021934695541858673, "target_dg": 0.0, "cpu_temperature": 30.014360427856445, "x_temperature": 25.067201614379883, "avg_temperature": 25.06913948059082, "wall_clock_time": 0.0, "run_status": 0, "run_time_sample": 5.0269999504089355, "count_rate": 514.8189697265625, "count_rate_err": 20.239622116088867, "run_time_bck": 5.0229997634887695, "count_rate_bck": 507.66400146484375, "count_rate_bck_err": 20.106489181518555, "count_rate_diff": 7.15496826171875, "count_rate_diff_err": 28.529190063476562, "background_probability": 0.32049494981765747, "ts_ready": 0.0, "ts_alarm": 0.0, "ts_net": 0.0, "ts_bck": 0.0, "ts_prob": 0.0, "ts_reset": 0.0}, "user": {"wall_clock_time": 0.0, "counter_active": 0, "active_bank": 0}},
