{"gain_stabilization": 0.0, "peltier": 0.0, "temp_ctrl": 0.0, "temp_target": 27.0, "temp_period": 1.0, "temp_weight": 0.10000000149011612, "cal_temp": 25.0, "cal_ov": 850.0, "cal_dg": 0.0, "cal_target": 20000.0, "cal_roi_low": 600.0, "cal_roi_high": 800.0, "run_mode": 1, "run_action": 0, "run_time_sample": 0.0, "run_time_bck": 0.0, "alarm_thr": 1.0, "roi_low": 600.0, "roi_high": 800.0, "ts_period": 0.10000000149011612, "ts_reset": 0.0, "ts_L": 40.0, "ts_H": 100.0, "ts_wait": 100.0, "ts_B": 60.0, "ts_eps": 0.0, "trigger_width": 4.999999873689376e-06, "trigger_threshold": 0.009999999776482582, "integration_time": 21.0, "dth": 0.0, "dtc": 0.0, "dtx": 1.0},
