{"lut_len": 20.0, "lut_tmin": -30.0, "lut_dt": 5.0, "lut_ov": [1.0628780126571655, 1.0571930408477783, 1.0515079498291016, 1.0458229780197144, 1.0401370525360107, 1.034451961517334, 1.0287669897079468, 1.0231419801712036, 1.0175600051879883, 1.011680006980896, 1.0058399438858032, 1.0003199577331543, 0.995343029499054, 0.9910709857940674, 0.9876099824905396, 0.9850069880485535, 0.9832490086555481, 0.9822660088539124, 0.9810029864311218, 0.9796879887580872], "lut_dg": [0.6868810057640076, 0.7126700282096863, 0.7384600043296814, 0.7642499804496765, 0.7900400161743164, 0.8158289790153503, 0.8416190147399902, 0.865772008895874, 0.8889899849891663, 0.9206519722938538, 0.9586099982261658, 1.0009429454803467, 1.0459599494934082, 1.0922019481658936, 1.1384350061416626, 1.1836589574813843, 1.2271009683609009, 1.2682180404663086, 1.3096070289611816, 1.351431965827942], "lut_led": [1.5998929738998413, 1.5424389839172363, 1.484984040260315, 1.427528977394104, 1.3700740337371826, 1.3126200437545776, 1.2551649808883667, 1.1970239877700806, 1.1382609605789185, 1.0836869478225708, 1.0335869789123535, 0.988057017326355, 0.9470000267028809, 0.9101279973983765, 0.8769630193710327, 0.8468350172042847, 0.8188819885253906, 0.7920519709587097, 0.7649530172348022, 0.7377539873123169], "lut_mode": 0.0},
