{
"lut_len": 20, "lut_tmin": -35.0, "lut_dt": 5.0, 
"lut_ov": [0.92697, 0.93361, 0.94025, 0.94689, 0.95353, 0.96017, 0.96681, 0.97344, 0.98008, 0.98672, 0.99336, 1.00000, 1.00664, 1.01328, 1.01992, 1.02655, 1.03319, 1.03983, 1.04647, 1.05311], 
"lut_dg": [1.00000, 1.00000, 1.00000, 1.00000, 1.00000, 1.00000, 1.00000, 1.00000, 1.00000, 1.00000, 1.00000, 1.00000, 1.00000, 1.00000, 1.00000, 1.00000, 1.00000, 1.00000, 1.00000, 1.00000], 
"lut_led": [0.77576, 0.79615, 0.81653, 0.83692, 0.85730, 0.87769, 0.89807, 0.91846, 0.93884, 0.95923, 0.97962, 1.00000, 1.02039, 1.04077, 1.06116, 1.08154, 1.10193, 1.12231, 1.14270, 1.16309],
"lut_mode": 0,
"comment": "arm_cal file for PMT-3K, N81L voltage divider, R6231 PMT, plastic scintillator, 40MHz ADC, integration_time >= 20 samples = 0.5us"
}
