{"registers": [0.0, 0.0, 0.0, 27.0, 1.0, 0.05000000074505806, 24.600000381469727, 813.0, 11564.0, 540.0, 70.0, 800.0, 1.0, 0.0, 0.0, 0.0, 9.999999974752427e-07, 60.0, 800.0, 0.10000000149011612, 0.0, 40.0, 100.0, 100.0, 60.0, 9.999999747378752e-06, 1.0, 0.004999999888241291, 1.2000000424450263e-06, 0.0, 1024.0, 115200.0, 1.500000053056283e-06, 0.0, 2.0, 3.0, 0.003000000026077032, 0.0, 9.999999974752427e-07, 7.0, 0.0, 0.0, 0.0, 0.0, 0.0, 0.0, 0.0, 0.0, 0.0, 0.0, 0.0, 0.0, 0.0, 0.0, 0.0, 0.0, 0.0, 0.0, 0.0, 0.0, 0.0, 0.0, 0.0, 0.0], "fields": {"gain_stabilization": 0.0, "peltier": 0.0, "temp_ctrl": 0.0, "temp_target": 27.0, "temp_period": 1.0, "temp_weight": 0.05000000074505806, "cal_temp": 24.600000381469727, "cal_ov": 813.0, "cal_dg": 11564.0, "cal_target": 540.0, "cal_roi_low": 70.0, "cal_roi_high": 800.0, "run_mode": 1, "run_action": 0, "run_time_sample": 0.0, "run_time_bck": 0.0, "alarm_thr": 9.999999974752427e-07, "roi_low": 60.0, "roi_high": 800.0, "ts_period": 0.10000000149011612, "ts_reset": 0.0, "ts_L": 40.0, "ts_H": 100.0, "ts_wait": 100.0, "ts_B": 60.0, "ts_eps": 9.999999747378752e-06, "trigger_width": 1.0, "trigger_threshold": 0.004999999888241291, "integration_time": 1.2000000424450263e-06, "led_width": 0.0, "cal_events": 1024.0, "baud": 115200.0, "holdoff": 1.500000053056283e-06, "xctrl_0": 0.0, "gain_select": 2.0, "led_shift": 3.0, "base_threshold": 0.003000000026077032, "pile_up": 0.0, "trace_delay": 9.999999974752427e-07, "lm_lsb": 7.0, "xctrl_7": 0.0}, "user": {"gs_mode": 0, "gs_events": 0, "histogram_run": 1, "acq_type": 0, "active_bank": 0, "read_clear": 0, "two_bank": 0, "histo_4k": 0, "sample_alarm": 0, "time_slice": 0, "rs485": 0, "xpu": 0, "amplitude": 0, "psd_on": 0, "psd_select": 0, "psd_reject": 0, "lm_buffer": 0, "clear_statistics": 0, "clear_histogram": 0, "clear_alarm": 0, "clear_logger": 0, "clear_wall_clock": 0, "clear_trace": 0, "ut_run": 0, "clear_listmode": 0, "clear_lmtime": 0}}