{"comment": "", "serial_number": "E8445270323151512020204B17157FF", "short_sn": 205, "mca_id_str": "0x103", "arm_version": {"registers": [259, 205, 1884439784, 1364275506, 1260396576, 4278654231, 256, 256, 15, 0, 0, 4, 12, 0, 0, 80], "fields": {"mca_id": 259, "short_sn": 205, "unique_sn_0": 1884439784, "unique_sn_1": 1364275506, "unique_sn_2": 1260396576, "unique_sn_3": 4278654231, "arm_hw": 256, "arm_sw": 256, "arm_build": 15, "arm_custom_0": 0, "arm_custom_1": 0, "fpga_version": 4, "fpga_build": 12, "fpga_custom_0": 0, "fpga_custom_1": 0, "fpga_speed": 80}, "user": {"unique_sn": "705244E8515131324B202020FF071517", "fpga_speed": 80000000.0}}, "arm_status": {"registers": [0.0, 806.1648559570312, 806.1648559570312, 27.203645706176758, 27.4375, 27.437206268310547, 0.0, 0.0, 222.0471649169922, 1.0, 4.875173568725586, 1.0, 0.0, 0.0, 0.0, 0.0], "fields": {"op_voltage": 0.0, "voltage_target": 806.1648559570312, "set_voltage": 806.1648559570312, "cpu_temperature": 27.203645706176758, "x_temperature": 27.4375, "avg_temperature": 27.437206268310547, "dg_target": 0.0, "led_target": 0.0, "wall_clock_time": 222.0471649169922, "op_status": 1.0, "supply_voltage": 4.875173568725586, "fpga_count": 1.0, "led_value": 0.0}, "user": {"fpga_status": 1}}, "fpga_status": {"registers": [439, 7163, 294, 18626, 0, 6139, 4432, 3076, 0, 12, 0, 0, 0, 0, 0, 0, 439, 7165, 294, 18626, 0, 6139, 4432, 3076, 0, 12, 0, 0, 0, 0, 0, 0], "fields": {"temperature": 439, "dc_offset": 7163, "status": 294, "anode_current": 18626, "roi_avg": 6139, "version": 4, "adc_bits": 12, "adc_sr": 80, "sensor": 1, "sys_clk": 1, "custom": 0, "build": 12, "rr_10": 0, "rr_11": 0, "rr_12": 0}, "user": {"temperature": 27.4375, "dc_offset": 0.111921875, "histo_done": 0, "lm_done": 1, "trace_done": 1, "led_valid": 0, "impedance": 1100.0, "roi_valid": 0, "max_volt": 0.888078125, "max_current": 0.00080734375, "anode_current": 5.04634597084739e-07, "adc_sr": 80000000.0, "num_buffers": 0}}, "fpga_ctrl": {"registers": [32592, 3, 5, 120, 96, 65280, 100, 1092, 0, 1, 0, 0, 515, 0, 16399, 0], "fields": {"fine_gain": 32592, "baseline_threshold": 3, "cr1_upper": 0, "pulse_threshold": 5, "cr2_upper": 0, "hold_off_time": 120, "integration_time": 96, "roi_bounds": 65280, "trigger_delay": 100, "cr6_upper": 0, "ctrl_7": 1092, "run_time_0": 0, "run_time_1": 1, "short_it": 0, "put": 0, "ecomp": 3, "pcomp": 0, "gain_select": 2, "cr12_upper": 0, "ctrl_13": 0, "led_repeat_time": 15, "led_pulse_width": 64, "ha_mode": 0, "trace_mode": 0, "lm_mode": 0, "led_on": 0, "rtlt": 0, "sel_led": 0, "daq_mode": 0, "nai_mode": 0, "psd_on": 0, "psd_select": 0, "cr15_upper": 0}, "user": {"digital_gain": 8148.0, "integration_time": 1.2e-06, "hold_off_time": 1.5e-06, "short_it": 0.0, "baseline_threshold": 0.003, "pulse_threshold": 0.005, "trigger_delay": 1.25e-06, "roi_low": 0, "roi_high": 4080, "run_time": 53.6870912}}, "rates": {"registers": [176059, 481409, 481327, 884, 0, 0, 0, 0, 7, 481532, 0, 0, 0, 481532, 0, 0], "fields": {"bank_0": {"ct": 176059, "ev": 481409, "ts": 481327, "dt": 884, "xev0": 7, "xev1": 481532, "xev2": 0, "xev3": 0}, "bank_1": {"ct": 0, "ev": 0, "ts": 0, "dt": 0, "xev0": 0, "xev1": 481532, "xev2": 0, "xev3": 0}}, "user": {"bank_0": {"run_time": 144.2275328, "dead_time": 0.7241728, "event_rate": 3337.843965392993, "trigger_rate": 3337.27541930191, "pulse_rate": 3354.116586538461, "xev0_rate": 0.048534422409533165, "xev1_rate": 3338.6967845296176, "xev2_rate": 0.0, "xev3_rate": 0.0, "event_rate_err": 9.62141447734449, "trigger_rate_err": 9.620595018644735, "pulse_rate_err": 9.669144217996708, "xev0_rate_err": 0.03668857477765287, "xev1_rate_err": 9.62264353454795, "xev2_rate_err": 0.0, "xev3_rate_err": 0.0}, "bank_1": {"run_time": 0, "dead_time": 0, "event_rate": 0, "trigger_rate": 0, "pulse_rate": 0, "xev0_rate": 0, "xev1_rate": 0, "xev2_rate": 0, "xev3_rate": 0, "event_rate_err": 0, "trigger_rate_err": 0, "pulse_rate_err": 0, "xev0_rate_err": 0, "xev1_rate_err": 0, "xev2_rate_err": 0, "xev3_rate_err": 0}}},