{
"lut_len": 20, "lut_tmin": -30.0, "lut_dt": 5.0, 
"lut_ov": [1.035495, 1.031925, 1.028354, 1.024783, 1.021213, 1.017642, 1.014071, 1.010282, 1.006360, 1.003619,           1.001999, 1.001435, 1.001857, 1.003190, 1.005351, 1.008255, 1.011808, 1.015888, 1.019690, 1.023493], 
"lut_dg": [1.000000, 1.000000, 1.000000, 1.000000, 1.000000, 1.000000, 1.000000, 1.000000, 1.000000, 1.000000,           1.000000, 1.000000, 1.000000, 1.000000, 1.000000, 1.000000, 1.000000, 1.000000, 1.000000, 1.000000], 
"lut_led": [1.000000, 1.000000, 1.000000, 1.000000, 1.000000, 1.000000, 1.000000, 1.000000, 1.000000, 1.000000,            1.000000, 1.000000, 1.000000, 1.000000, 1.000000, 1.000000, 1.000000, 1.000000, 1.000000, 1.000000],
"lut_mode": 0,
"comment": "arm_cal file for PMT1K S/N 2659808088 INT3K-76P-LED NaI(Tl) Detector: 3M3/3-X, P/N I600-7796, S/N 60021-02949-I, 2021-11-22"
}