{"registers": [0.0, 759.2149658203125, 34.97164535522461, 28.625, 28.62499237060547, 2398.74658203125, 14218.0673828125, 0.0, 1.0, 5.1504082679748535, 1.0, 14261.0, 0.0, 0.0, 0.0, 0.0], "fields": {"op_voltage": 0.0, "target_voltage": 759.2149658203125, "cpu_temperature": 34.97164535522461, "x_temperature": 28.625, "avg_temperature": 28.62499237060547, "dg_target": 2398.74658203125, "led_target": 14218.0673828125, "wc_time": 0.0, "op_status": 1.0, "supply_voltage": 5.1504082679748535, "fpga_count": 1.0, "led_value": 14261.0, "set_voltage": 0.0}, "user": {"wc_time": 0.0, "fpga_status": 1}},
