{"registers": [2.0, 0.0, 1.0, 1.0, 1.0, 0.10000000149011612, 29.0, 761.0, 4700.0, 14189.0, 0.0, 0.0, 0.0, 0.0, 0.0, 0.0], "fields": {"gain_stab": 2.0, "peltier": 0.0, "temp_ctrl": 1.0, "temp_target": 1.0, "temp_period": 1.0, "temp_weight": 0.10000000149011612, "cal_temp": 29.0, "cal_ov": 761.0, "cal_dg": 4700.0, "cal_target": 14189.0, "cal_scint": 0.0, "cal_par_0": 0.0}, "user": {}},
