{
    "eRC4631": {"tmin": -30.0, "dt": 5.0, "len": 20, 
    "ov": [1.077526, 1.070707, 1.063887, 1.057068, 1.050249, 1.043430, 1.036611, 1.029857, 1.023003, 1.016168, 
           1.009628, 1.003609, 0.998282, 0.993768, 0.990134, 0.987394, 0.985512, 0.984397, 0.982954, 0.981484], 
    "dg": [0.646722, 0.674641, 0.702561, 0.730480, 0.758400, 0.786319, 0.814239, 0.838588, 0.866331, 0.902733, 
           0.945486, 0.992503, 1.041917, 1.092082, 1.141575, 1.189191, 1.233948, 1.275085, 1.317756, 1.360568], 
    "led": [1.0, 1.0, 1.0, 1.0, 1.0, 1.0, 1.0, 1.0, 1.0, 1.0, 1.0, 1.0, 1.0, 1.0, 1.0, 1.0, 1.0, 1.0, 1.0, 1.0], 
    "mode": 0,
    "comment": "R2D-NaI-3, measured between 3C and 55C; no LED, eRC4631, IT=48; ie 1.20us, N10T divider, 2021_12_03/histograms_eRC4631_energy.json"
    },
    
    "0x6001": {"tmin": -30.0, "dt": 5.0, "len": 20, "ov": [1.042330954977736, 1.03839726527043, 1.0344635755631242, 1.0305298858558183, 1.0265961961485124, 1.0226625064412065, 1.0187288167339006, 1.0147215516992512, 1.0106450838769117, 1.0069990059388436, 1.0036855278434957, 1.0006637832277616, 0.9979498294069792, 0.9956166473749303, 0.9937941418038414, 0.9926691410443835, 0.9924853971256717, 0.9935435857552657, 0.994301563617651, 0.9948972104135416], "dg": [0.6540722730505976, 0.6835879893952863, 0.7131037057399751, 0.7426194220846638, 0.7721351384293526, 0.8016508547740413, 0.83116657111873, 0.8601514663417485, 0.8884306184098112, 0.9203565929939559, 0.9559207189966666, 0.9948326084354802, 1.036520156442986, 1.0801295412668261, 1.1245252242696961, 1.1682899499293438, 1.2097247458385698, 1.2468489227052277, 1.2849576711119677, 1.3236787292723118], "led": [1.4619617441912083, 1.4174493275685358, 1.3729369109458636, 1.3284244943231913, 1.2839120777005189, 1.2393996610778464, 1.1948872444551741, 1.1491624360587351, 1.1022907736939809, 1.0625134411252755, 1.0278201176228903, 0.9966102957141161, 0.9676932811832633, 0.9402881930716617, 0.9140239636776607, 0.8889393385566289, 0.8654828765209548, 0.8445129496400461, 0.8229717801762518, 0.8010821117679804], "mode": 0,
    "comment": "R2D-NaI-2-LED, Detector: 2M2/2-X, measured between 9.7C and 58.4C, eRC4623, IT=48; ie 1.20us, N10L divider, 2021_11_02/histograms_eRC4623_energy.json"},

    "0x103": {
    "len": 20, "tmin": -30.0, "dt": 5.0, 
    "ov": [1.062878, 1.057193, 1.051508, 1.045823, 1.040137, 1.034452, 1.028767, 1.023142, 1.017560, 1.011680,
               1.005840, 1.000320, 0.995343, 0.991071, 0.987610, 0.985007, 0.983249, 0.982266, 0.981003, 0.979688], 
    "dg": [0.686881, 0.712670, 0.738460, 0.764250, 0.790040, 0.815829, 0.841619, 0.865772, 0.888990, 0.920652,
	           0.958610, 1.000943, 1.045960, 1.092202, 1.138435, 1.183659, 1.227101, 1.268218, 1.309607, 1.351432], 
    "led": [1.599893, 1.542439, 1.484984, 1.427529, 1.370074, 1.312620, 1.255165, 1.197024, 1.138261, 1.083687, 
	            1.033587, 0.988057, 0.947000, 0.910128, 0.876963, 0.846835, 0.818882, 0.792052, 0.764953, 0.737754],
    "mode": 0,
    "comment": "arm_cal file for PMT3K S/N 312 INT3K-76P-LED NaI(Tl) Detector: 3M3/3-X, P/N I600-7796, S/N 60021-02948-I, 40MHz ADC, integration_time=50 samples = 1.25us, LED_width=64, 2021-11-22"
    },
    
    "0x101": {
    "len": 20, "tmin": -30.0, "dt": 5.0, 
    "ov": [1.035495, 1.031925, 1.028354, 1.024783, 1.021213, 1.017642, 1.014071, 1.010282, 1.006360, 1.003619,
               1.001999, 1.001435, 1.001857, 1.003190, 1.005351, 1.008255, 1.011808, 1.015888, 1.019690, 1.023493], 
    "dg": [1.000000, 1.000000, 1.000000, 1.000000, 1.000000, 1.000000, 1.000000, 1.000000, 1.000000, 1.000000,
               1.000000, 1.000000, 1.000000, 1.000000, 1.000000, 1.000000, 1.000000, 1.000000, 1.000000, 1.000000], 
    "led": [1.845045, 1.763095, 1.681146, 1.599197, 1.517248, 1.435298, 1.353349, 1.266501, 1.186694, 1.116788, 
            1.055580, 1.001870, 0.954470, 0.912195, 0.873869, 0.838321, 0.804389, 0.770914, 0.737205, 0.703495],
    "mode": 0,
    "comment": "arm_cal file for PMT1K S/N 2659808088 INT1K-50P-LED NaI(Tl) Detector: 2M2/2-X, P/N I600-7744, S/N 60019-00588-I, 2021-11-22"
    }
}