{
"lut_len": 20, "lut_tmin": -30.0, "lut_dt": 5.0, 
"lut_ov": [1.062878, 1.057193, 1.051508, 1.045823, 1.040137, 1.034452, 1.028767, 1.023142, 1.017560, 1.011680, 	         1.005840, 1.000320, 0.995343, 0.991071, 0.987610, 0.985007, 0.983249, 0.982266, 0.981003, 0.979688], 
"lut_dg": [0.686881, 0.712670, 0.738460, 0.764250, 0.790040, 0.815829, 0.841619, 0.865772, 0.888990, 0.920652,
           0.958610, 1.000943, 1.045960, 1.092202, 1.138435, 1.183659, 1.227101, 1.268218, 1.309607, 1.351432], 
"lut_led": [1.599893, 1.542439, 1.484984, 1.427529, 1.370074, 1.312620, 1.255165, 1.197024, 1.138261, 1.083687, 
            1.033587, 0.988057, 0.947000, 0.910128, 0.876963, 0.846835, 0.818882, 0.792052, 0.764953, 0.737754],
"lut_mode": 0,
"comment": "arm_cal file for PMT3K S/N 312 INT3K-76P-LED NaI(Tl) Detector: 3M3/3-X, P/N I600-7796, S/N 60021-02948-I, 40MHz ADC, integration_time=50 samples = 1.25us, LED_width=64, 2021-11-22"
}

