{
"lut_len": 20, "lut_tmin": -30.0, "lut_dt": 5.0, 
"lut_ov": [1.035675, 1.032082, 1.028489, 1.024896, 1.021303, 1.017710, 1.014117, 1.010320, 1.006336, 1.003572, 1.001948, 1.001386, 1.001806, 1.003129, 1.005278, 1.008175, 1.011741, 1.015838, 1.019638, 1.023438], 
"lut_dg": [1.000000, 1.000000, 1.000000, 1.000000, 1.000000, 1.000000, 1.000000, 1.000000, 1.000000, 1.000000, 1.000000, 1.000000, 1.000000, 1.000000, 1.000000, 1.000000, 1.000000, 1.000000, 1.000000, 1.000000], 
"lut_led": [1.613712, 1.554352, 1.494992, 1.435632, 1.376272, 1.316912, 1.257552, 1.198192, 1.132326, 1.079472,
 1.036280, 1.000000, 0.968473, 0.940139, 0.914030, 0.889776, 0.867600, 0.848324, 0.833362, 0.816243],
"lut_mode": 0,
"comment": "arm_cal file for PMT-1K, N81L voltage divider, R6233 PMT, NaI(Tl) 76mm SGC scintillator,  3x3NaI 2021-11-22"
}
