{
    "eRC4630": {
        "registers": [
            -30.0,
            5.0,
            20.0,
            1.0453128814697266,
            1.041242003440857,
            1.0371711254119873,
            1.0331002473831177,
            1.029029369354248,
            1.0249584913253784,
            1.0208876132965088,
            1.0168554782867432,
            1.0128856897354126,
            1.0086573362350464,
            1.004498839378357,
            1.0006791353225708,
            0.9974074363708496,
            0.9948338270187378,
            0.9930484890937805,
            0.9920822978019714,
            0.9919065833091736,
            0.9924331307411194,
            0.9927706122398376,
            0.9930322170257568,
            0.658117413520813,
            0.686346709728241,
            0.714576005935669,
            0.7428053021430969,
            0.7710345983505249,
            0.7992638945579529,
            0.8274931907653809,
            0.854701817035675,
            0.879062294960022,
            0.913131594657898,
            0.9545099139213562,
            1.0010441541671753,
            1.0508283376693726,
            1.1022030115127563,
            1.153755784034729,
            1.204321265220642,
            1.2529805898666382,
            1.299061894416809,
            1.3457826375961304,
            1.3928290605545044,
            0.0,
            0.0,
            0.0,
            0.0,
            0.0,
            0.0,
            0.0,
            0.0,
            0.0,
            0.0,
            0.0,
            0.0,
            0.0,
            0.0,
            0.0,
            0.0,
            0.0,
            0.0,
            0.0,
            0.0,
            0.0
        ],
        "fields": {
            "tmin": -30.0,
            "dt": 5.0,
            "len": 20.0,
            "ov": [
                1.0453128814697266,
                1.041242003440857,
                1.0371711254119873,
                1.0331002473831177,
                1.029029369354248,
                1.0249584913253784,
                1.0208876132965088,
                1.0168554782867432,
                1.0128856897354126,
                1.0086573362350464,
                1.004498839378357,
                1.0006791353225708,
                0.9974074363708496,
                0.9948338270187378,
                0.9930484890937805,
                0.9920822978019714,
                0.9919065833091736,
                0.9924331307411194,
                0.9927706122398376,
                0.9930322170257568
            ],
            "dg": [
                0.658117413520813,
                0.686346709728241,
                0.714576005935669,
                0.7428053021430969,
                0.7710345983505249,
                0.7992638945579529,
                0.8274931907653809,
                0.854701817035675,
                0.879062294960022,
                0.913131594657898,
                0.9545099139213562,
                1.0010441541671753,
                1.0508283376693726,
                1.1022030115127563,
                1.153755784034729,
                1.204321265220642,
                1.2529805898666382,
                1.299061894416809,
                1.3457826375961304,
                1.3928290605545044
            ],
            "led": [
                0.0,
                0.0,
                0.0,
                0.0,
                0.0,
                0.0,
                0.0,
                0.0,
                0.0,
                0.0,
                0.0,
                0.0,
                0.0,
                0.0,
                0.0,
                0.0,
                0.0,
                0.0,
                0.0,
                0.0
            ],
            "mode": 0.0
        }
    }
}