{"tmin": -30.0, "dt": 5.0, "len": 20, "ov": [1.0610199005103536, 1.0554746716730465, 1.0499294428357397, 1.0443842139984327, 1.038838985161126, 1.033293756323819, 1.0277485274865121, 1.0222032986492051, 1.0166579427365106, 1.0110785323230957, 1.0056027356644666, 1.0004268554613116, 0.9957256094217964, 0.9916521302615638, 0.9883379657037338, 0.9858930784789032, 0.9844058463251465, 0.9839430619880148, 0.9836974862156533, 0.9831227495550516], "dg": [0.5894475121005152, 0.625476978316048, 0.6615064445315808, 0.6975359107471136, 0.7335653769626465, 0.7695948431781793, 0.8056243093937121, 0.8416537756092449, 0.8763020863470364, 0.9107098717544633, 0.9511828706745915, 0.9960543093084574, 1.0437793995715883, 1.0929353390940029, 1.1422213112202098, 1.1904584850092097, 1.2365900152344935, 1.2796810423840437, 1.321949254271985, 1.36532185183723], "led": [1.0342344643911585, 1.0305550340092886, 1.0268756036274185, 1.0231961732455486, 1.0195167428636787, 1.0158373124818088, 1.0121578820999386, 1.0084784517180687, 1.0042988610032648, 1.0000167426595539, 0.9979786123963941, 0.9976879029678163, 0.9987032766476269, 1.0006386252294077, 1.003163070026516, 1.0060009618720847, 1.008931881119022, 1.0117906376400114, 1.0146047266684468, 1.0174635916420176], "mode": 0}