{"lut_len": 20.0, "lut_tmin": -50.0, "lut_dt": 5.0, "lut_ov": [0.0, 0.10000000149011612, 0.20000000298023224, 0.30000001192092896, 0.4000000059604645, 0.5, 0.6000000238418579, 0.699999988079071, 0.800000011920929, 0.8999999761581421, 1.0, 1.100000023841858, 1.2000000476837158, 1.2999999523162842, 1.399999976158142, 1.5, 1.600000023841858, 1.7000000476837158, 1.7999999523162842, 1.899999976158142], "lut_dg": [0.42952799797058105, 0.4804629981517792, 0.5313979983329773, 0.5823330283164978, 0.6332679986953735, 0.684203028678894, 0.7351379990577698, 0.7860730290412903, 0.837007999420166, 0.8879430294036865, 0.9388779997825623, 0.9898130297660828, 1.0407480001449585, 1.091683030128479, 1.14261794090271, 1.1935529708862305, 1.244488000869751, 1.2954230308532715, 1.3463579416275024, 1.3992960453033447], "lut_led": [1.0, 1.0, 1.0, 1.0, 1.0, 1.0, 1.0, 1.0, 1.0, 1.0, 1.0, 1.0, 1.0, 1.0, 1.0, 1.0, 1.0, 1.0, 1.0, 1.0], "lut_mode": 0.0},
