{"comment": "", "serial_number": "04A415437354E5120202041251A4FF", "short_sn": 1413564928, "mca_id_str": "0x101", "arm_version": {"registers": [257, 1413564928, 1413564928, 1364079927, 1092624416, 4278458917, 126120010, 256, 19, 0, 0, 0, 0, 0, 0, 0], "fields": {"mca_id": 257, "short_sn": 1413564928, "unique_sn_0": 1413564928, "unique_sn_1": 1364079927, "unique_sn_2": 1092624416, "unique_sn_3": 4278458917, "arm_hw": 126120010, "arm_sw": 256, "arm_build": 19, "arm_custom_0": 0, "arm_custom_1": 0}, "user": {"unique_sn": "54414A00514E353741202020FF041A25"}}, "arm_status": {"registers": [0.0, 803.2326049804688, 0.0, 0.0, 27.18251609802246, 26.9375, 26.27442741394043, 606.9275512695312, 1.0, 51.68300247192383, 12805.505859375, 31.48143196105957, 0.0, 0.0, 0.0, 12805.505859375, 31.48143196105957, 0.0, 0.0, 0.0, 0.0, 0.0, 0.0, 0.0, 0.0, 0.0, 9954.7236328125, 27.756885528564453, 0.0, 0.0, 12805.505859375, 27.756885528564453, 0.0, 0.0, 259.0205078125, 145.0, 31.0, 0.0, 0.0, 0.0, 0.0, 0.0, 0.0, 0.0, 0.0, 0.0, 0.0, 0.0, 0.0, 0.0, 0.0, 0.0, 0.0, 0.0, 0.0, 0.0, 0.0, 0.0, 0.0, 0.0, 0.0, 0.0, 0.0, 0.0], "fields": {"op_voltage": 0.0, "voltage_target": 803.2326049804688, "set_voltage": 0.0, "dg_target": 0.0, "cpu_temperature": 27.18251609802246, "x_temperature": 26.9375, "avg_temperature": 26.27442741394043, "wall_clock_time": 606.9275512695312, "run_status": 1, "run_time_sample": 51.68300247192383, "count_rate": 12805.505859375, "count_rate_err": 31.48143196105957, "run_time_bck": 0.0, "count_rate_bck": 0.0, "count_rate_bck_err": 0.0, "count_rate_diff": 12805.505859375, "count_rate_diff_err": 31.48143196105957, "bck_probability": 0.0, "bck_low_probability": 0.0, "bck_high_probability": 0.0, "ts_ready": 0.0, "ts_alarm": 0.0, "ts_net": 0.0, "ts_bck": 0.0, "ts_prob": 0.0, "ts_reset": 0.0, "roi_rate": 9954.7236328125, "roi_rate_err": 27.756885528564453, "roi_rate_bck": 0.0, "roi_rate_bck_err": 0.0, "roi_rate_diff": 12805.505859375, "roi_rate_diff_err": 27.756885528564453, "roi_events": 0.0, "roi_bck": 0.0, "led_val": 259.0205078125, "baseline": 145.0, "trigger_level": 31.0}, "user": {"wall_clock_time": 606.9275512695312, "counter_active": 1, "active_bank": 0}}, "arm_ctrl": {"registers": [0.0, 0.0, 0.0, 27.0, 1.0, 0.05000000074505806, 24.600000381469727, 803.2326049804688, 0.0, 540.0, 60.0, 800.0, 1.0, 0.0, 0.0, 0.0, 9.999999974752427e-07, 60.0, 800.0, 0.10000000149011612, 0.0, 40.0, 100.0, 100.0, 60.0, 9.999999747378752e-06, 1.0, 0.02500000037252903, 23.0, 0.0, 1024.0, 115200.0, 0.0, 0.0, 60.0, 30.0, 0.0, 0.0, 0.0, 0.0, 0.0, 0.0, 0.0, 0.0, 0.0, 0.0, 0.0, 0.0, 0.0, 0.0, 0.0, 0.0, 0.0, 0.0, 0.0, 0.0, 0.0, 0.0, 0.0, 0.0, 0.0, 0.0, 0.0, 0.0], "fields": {"gain_stabilization": 0.0, "peltier": 0.0, "temp_ctrl": 0.0, "temp_target": 27.0, "temp_period": 1.0, "temp_weight": 0.05000000074505806, "cal_temp": 24.600000381469727, "cal_ov": 803.2326049804688, "cal_dg": 0.0, "cal_target": 540.0, "cal_roi_low": 60.0, "cal_roi_high": 800.0, "run_mode": 1, "run_action": 0, "run_time_sample": 0.0, "run_time_bck": 0.0, "alarm_thr": 9.999999974752427e-07, "roi_low": 60.0, "roi_high": 800.0, "ts_period": 0.10000000149011612, "ts_reset": 0.0, "ts_L": 40.0, "ts_H": 100.0, "ts_wait": 100.0, "ts_B": 60.0, "ts_eps": 9.999999747378752e-06, "trigger_width": 1.0, "trigger_threshold": 0.02500000037252903, "integration_time": 23.0, "led_width": 0.0, "cal_events": 1024.0, "baud": 115200.0, "holdoff": 0.0, "xctrl_0": 0.0, "xctrl_1": 60.0, "xctrl_2": 30.0, "xctrl_3": 0.0, "xctrl_4": 0.0, "xctrl_5": 0.0, "xctrl_6": 0.0, "xctrl_7": 0.0}, "user": {"gs_mode": 0, "gs_events": 0, "histogram_run": 1, "acq_type": 0, "active_bank": 0, "read_clear": 0, "two_bank": 0, "histo_2k": 0, "sample_alarm": 0, "time_slice": 0, "rs485": 0, "coincidence": 0, "clear_statistics": 0, "clear_histogram": 0, "clear_alarm": 0, "clear_logger": 0, "clear_wall_clock": 0}}, "histo": {"registers": [1, 40137, 2283, 661827, 51683, 12805506, 0, 0, 0, 0, 0, 0, 0, 0, 403869, 0, 0, 0, 0, 0, 4, 35, 329, 739, 1005, 1189, 1582, 2072, 3272, 6629, 14099, 21164, 16910, 8999, 4996, 3030, 1839, 1575, 1455, 1472, 1460, 1510, 1473, 1489, 1469, 1439, 1494, 1440, 1441, 1525, 1446, 1509, 1502, 1428, 1463, 1514, 1532, 1540, 1547, 1572, 1565, 1468, 1556, 1475, 1498, 1479, 1511, 1541, 1545, 1537, 1559, 1526, 1469, 1568, 1644, 1681, 1610, 1682, 1664, 1650, 1661, 1724, 1686, 1655, 1726, 1710, 1671, 1727, 1651, 1756, 1732, 1816, 1764, 1713, 1676, 1750, 1675, 1768, 1830, 1739, 1777, 1828, 1825, 1850, 1887, 2023, 2059, 2240, 2261, 2602, 2826, 2961, 3208, 3179, 3185, 3174, 3181, 3152, 3043, 2998, 2920, 2810, 2810, 2743, 2556, 2525, 2463, 2466, 2330, 2299, 2229, 2154, 2142, 2142, 2073, 2007, 1970, 1976, 1958, 1894, 1851, 1883, 1876, 1704, 1731, 1709, 1661, 1632, 1691, 1644, 1660, 1578, 1536, 1572, 1505, 1529, 1480, 1546, 1502, 1448, 1435, 1489, 1432, 1388, 1408, 1465, 1440, 1358, 1303, 1341, 1372, 1335, 1343, 1264, 1311, 1302, 1268, 1313, 1251, 1251, 1336, 1287, 1313, 1224, 1249, 1212, 1229, 1280, 1228, 1213, 1232, 1182, 1197, 1196, 1236, 1256, 1185, 1247, 1154, 1183, 1130, 1132, 1165, 1206, 1244, 1211, 1161, 1129, 1178, 1153, 1122, 1180, 1205, 1201, 1217, 1188, 1173, 1116, 1193, 1201, 1199, 1216, 1190, 1165, 1250, 1192, 1216, 1174, 1290, 1190, 1193, 1194, 1258, 1235, 1256, 1306, 1234, 1255, 1230, 1143, 1199, 1200, 1133, 1108, 1076, 1109, 1029, 987, 943, 848, 850, 796, 715, 697, 626, 563, 580, 531, 506, 448, 465, 396, 380, 394, 379, 353, 360, 316, 296, 300, 293, 280, 270, 274, 213, 243, 231, 227, 225, 219, 228, 242, 205, 218, 197, 178, 173, 176, 153, 166, 183, 179, 156, 159, 165, 170, 142, 145, 154, 160, 161, 158, 175, 170, 177, 174, 171, 155, 177, 182, 163, 168, 176, 207, 183, 227, 218, 237, 240, 276, 321, 391, 457, 546, 687, 783, 969, 1205, 1355, 1600, 2008, 2230, 2694, 2997, 3506, 4094, 4543, 5005, 5581, 6240, 6727, 7181, 7646, 8158, 8569, 8713, 8818, 9212, 8744, 8889, 8407, 8212, 7871, 7271, 6665, 6157, 5598, 4864, 4249, 3849, 3323, 2739, 2280, 1970, 1591, 1265, 1017, 790, 597, 422, 336, 250, 223, 132, 99, 87, 68, 39, 39, 31, 30, 25, 32, 25, 20, 34, 18, 20, 17, 26, 12, 18, 16, 16, 22, 17, 19, 24, 14, 17, 16, 19, 12, 14, 13, 16, 14, 20, 15, 16, 20, 22, 16, 11, 14, 13, 18, 10, 17, 13, 12, 11, 15, 17, 15, 11, 10, 9, 17, 18, 13, 13, 16, 20, 18, 15, 15, 7, 5, 17, 16, 16, 12, 10, 10, 13, 21, 19, 18, 14, 22, 11, 17, 8, 14, 16, 11, 14, 15, 19, 13, 17, 17, 15, 14, 11, 16, 16, 10, 19, 16, 8, 11, 16, 15, 20, 12, 9, 8, 16, 11, 11, 9, 11, 8, 7, 8, 13, 11, 10, 12, 7, 6, 11, 11, 13, 6, 6, 7, 9, 7, 6, 10, 7, 5, 9, 5, 9, 8, 8, 8, 8, 9, 11, 5, 4, 2, 3, 10, 8, 6, 4, 9, 7, 9, 7, 4, 9, 7, 4, 9, 6, 3, 8, 6, 10, 7, 6, 9, 6, 8, 7, 9, 4, 9, 5, 9, 3, 9, 4, 8, 4, 6, 2, 10, 5, 1, 3, 6, 7, 5, 6, 7, 4, 5, 7, 3, 3, 2, 3, 4, 6, 3, 6, 4, 4, 4, 5, 4, 8, 7, 4, 9, 4, 4, 2, 2, 8, 5, 4, 5, 7, 5, 6, 2, 4, 4, 4, 4, 3, 4, 2, 6, 2, 4, 3, 1, 6, 1, 2, 2, 5, 2, 3, 0, 2, 2, 3, 4, 1, 0, 1, 3, 0, 3, 3, 3, 4, 2, 2, 1, 1, 1, 1, 2, 4, 2, 3, 4, 0, 2, 4, 3, 0, 5, 3, 2, 1, 1, 0, 5, 1, 3, 4, 3, 2, 0, 1, 2, 3, 2, 0, 5, 2, 4, 0, 5, 2, 2, 2, 5, 4, 2, 3, 1, 3, 5, 3, 6, 6, 7, 7, 6, 1, 7, 5, 3, 8, 3, 3, 7, 6, 4, 4, 2, 9, 2, 5, 8, 2, 6, 7, 6, 10, 7, 3, 5, 7, 8, 9, 2, 6, 9, 7, 6, 15, 7, 4, 8, 8, 4, 8, 6, 8, 2, 4, 6, 4, 3, 2, 1, 3, 2, 2, 0, 2, 1, 5, 0, 1, 4, 1, 0, 1, 0, 2, 2, 0, 0, 0, 0, 0, 0, 1, 0, 0, 1, 0, 1, 0, 0, 0, 0, 2, 0, 0, 0, 0, 0, 0, 0, 0, 1, 0, 0, 0, 0, 0, 0, 0, 0, 0, 0, 0, 1, 0, 0, 0, 0, 1, 0, 0, 0, 0, 0, 0, 0, 1, 0, 0, 0, 1, 0, 0, 0, 0, 0, 0, 1, 1, 0, 0, 0, 0, 1, 0, 0, 2, 1, 0, 0, 0, 0, 0, 0, 0, 0, 2, 0, 1, 0, 0, 0, 1, 0, 0, 1, 0, 0, 0, 0, 0, 0, 0, 0, 1, 0, 1, 0, 0, 0, 0, 0, 0, 0, 0, 1, 0, 0, 0, 0, 0, 0, 1, 0, 0, 0, 0, 0, 0, 0, 0, 0, 0, 0, 0, 2, 0, 0, 0, 0, 0, 0, 0, 0, 0, 0, 0, 0, 0, 0, 0, 0, 0, 0, 0, 0, 0, 0, 0, 0, 0, 0, 0, 0, 0, 0, 0, 0, 0, 0, 1, 0, 0, 0, 0, 0, 0, 0, 0, 0, 0, 0, 0, 0, 0, 0, 0, 0, 0, 0, 0, 0, 0, 0, 0, 0, 0, 0, 0, 0, 0, 0, 0, 0, 0, 0, 0, 0, 0, 0, 0, 0, 0, 0, 0, 0, 0, 0, 0, 0, 0, 0, 0, 0, 0, 0, 0, 0, 0, 0, 0, 0, 0, 0, 0, 0, 0, 0, 1, 0, 1, 0, 2, 2, 2, 2, 0, 0, 3, 0, 4, 2, 2, 4, 1, 3, 5, 6, 4, 5, 