{"mode": 1, "num_events": 72, "energies": [99.625, 57.5, 38.1875, 80.9375, 23.875, 183.5625, 69.375, 91.5, 60.0625, 37.0625, 47.6875, 48.4375, 52.75, 92.625, 37.3125, 374.125, 47.25, 60.375, 120.0, 128.75, 388.625, 44.5625, 43.375, 114.5625, 188.75, 44.9375, 120.625, 27.625, 39.25, 81.875, 83.5625, 227.375, 47.0, 100.6875, 15.625, 37.4375, 141.3125, 52.1875, 36.125, 25.0, 55.1875, 75.9375, 23.0625, 21.9375, 67.625, 56.5, 129.25, 331.0625, 85.3125, 17.0625, 65.75, 80.375, 96.0625, 31.0625, 80.0625, 132.75, 21.75, 60.125, 60.25, 57.5, 30.375, 30.0625, 41.25, 36.625, 153.1875, 52.1875, 35.75, 68.8125, 83.5, 37.75, 79.1875, 21.75], "times": [0.0138912, 0.0630192, 0.0794416, 0.0800128, 0.0823136, 0.0880624, 0.1012736, 0.005064, 0.0097264, 0.0271648, 0.0277776, 0.0488432, 0.0609152, 0.0640208, 0.0664144, 0.0818688, 0.0891776, 0.0893424, 0.0945072, 0.0951408, 0.0282864, 0.0458304, 0.0849904, 0.0266352, 0.0371408, 0.0376768, 0.0403088, 0.0463408, 0.0594736, 0.0068768, 0.014696, 0.0152816, 0.0481808, 0.0521632, 0.0640704, 0.0738384, 0.087736, 0.1037584, 0.0037056, 0.0038976, 0.0206896, 0.0452528, 0.0560432, 0.056784, 0.0709888, 0.079776, 0.0949264, 0.1042928, 0.0161312, 0.0239072, 0.057736, 0.0929072, 0.0965552, 0.0995328, 0.1039776, 0.0265536, 0.030512, 0.070408, 0.0713616, 0.0935888, 0.0084368, 0.0312144, 0.040088, 0.049624, 0.0521712, 0.0641984, 0.0709904, 0.0802288, 0.0125904, 0.0140096, 0.0154656, 0.0467328], "short_sums": [19.0625, 10.875, 7.4375, 15.625, 4.625, 35.1875, 13.375, 17.4375, 11.4375, 7.1875, 9.25, 9.375, 10.125, 17.6875, 7.1875, 71.5625, 9.0625, 11.5, 22.8125, 24.875, 74.25, 8.625, 8.3125, 21.8125, 35.9375, 8.625, 23.0625, 5.25, 7.4375, 15.75, 16.0625, 43.6875, 8.9375, 19.25, 2.9375, 7.25, 27.25, 9.875, 6.8125, 4.875, 10.625, 14.4375, 4.375, 4.25, 13.0, 10.9375, 24.625, 63.5625, 16.0625, 3.25, 12.625, 15.4375, 18.4375, 5.9375, 15.25, 25.4375, 4.25, 11.375, 11.625, 11.0, 5.75, 5.75, 8.0625, 7.0, 29.375, 9.875, 7.0, 13.125, 16.125, 7.3125, 15.1875, 4.125]}
