{"comment": "", "serial_number": "E26EE4237354E5120202041232F4FF", "short_sn": 1108242146, "mca_id_str": "0x101", "arm_version": {"registers": [257, 1108242146, 1108242146, 1364079927, 1092624416, 4278464291, 126120010, 256, 19, 0, 0, 0, 0, 0, 0, 0], "fields": {"mca_id": 257, "short_sn": 1108242146, "unique_sn_0": 1108242146, "unique_sn_1": 1364079927, "unique_sn_2": 1092624416, "unique_sn_3": 4278464291, "arm_hw": 126120010, "arm_sw": 256, "arm_build": 19, "arm_custom_0": 0, "arm_custom_1": 0}, "user": {"unique_sn": "420E6EE2514E353741202020FF042F23"}}, "arm_status": {"registers": [0.0, 859.2142944335938, 0.0, 0.0, 26.095632553100586, 26.3125, 26.311826705932617, 1654.1549072265625, 1.0, 768.405029296875, 2098.18603515625, 3.3048884868621826, 75.21300506591797, 106.25800323486328, 2.377190113067627, 1991.927978515625, 4.0710344314575195, 7.998641388172554e-15, 1.8467808839269356e-20, 3.593643438382088e-10, 0.0, 0.0, 0.0, 0.0, 0.0, 0.0, 1657.944580078125, 2.937784194946289, 70.98506164550781, 1.9429738521575928, 1586.95947265625, 3.5221760272979736, 1451.0, 1177.4627685546875, 210.826171875, 141.0, 18.0, 0.0, 0.0, 0.0, 0.0, 0.0, 0.0, 0.0, 0.0, 0.0, 0.0, 0.0, 0.0, 0.0, 0.0, 0.0, 0.0, 0.0, 0.0, 0.0, 0.0, 0.0, 0.0, 0.0, 0.0, 0.0, 0.0, 0.0], "fields": {"op_voltage": 0.0, "voltage_target": 859.2142944335938, "set_voltage": 0.0, "dg_target": 0.0, "cpu_temperature": 26.095632553100586, "x_temperature": 26.3125, "avg_temperature": 26.311826705932617, "wall_clock_time": 1654.1549072265625, "run_status": 1, "run_time_sample": 768.405029296875, "count_rate": 2098.18603515625, "count_rate_err": 3.3048884868621826, "run_time_bck": 75.21300506591797, "count_rate_bck": 106.25800323486328, "count_rate_bck_err": 2.377190113067627, "count_rate_diff": 1991.927978515625, "count_rate_diff_err": 4.0710344314575195, "bck_probability": 7.998641388172554e-15, "bck_low_probability": 1.8467808839269356e-20, "bck_high_probability": 3.593643438382088e-10, "ts_ready": 0.0, "ts_alarm": 0.0, "ts_net": 0.0, "ts_bck": 0.0, "ts_prob": 0.0, "ts_reset": 0.0, "roi_rate": 1657.944580078125, "roi_rate_err": 2.937784194946289, "roi_rate_bck": 70.98506164550781, "roi_rate_bck_err": 1.9429738521575928, "roi_rate_diff": 1586.95947265625, "roi_rate_diff_err": 3.5221760272979736, "roi_events": 1451.0, "roi_bck": 1177.4627685546875, "led_val": 210.826171875, "baseline": 141.0, "trigger_level": 18.0}, "user": {"wall_clock_time": 1654.1549072265625, "counter_active": 1, "active_bank": 0}}, "arm_ctrl": {"registers": [2.0, 0.0, 1.0, 27.0, 1.0, 0.05000000074505806, 26.649999618530273, 859.7184448242188, 0.0, 209.5361328125, 60.0, 800.0, 1.0, 0.0, 0.0, 0.0, 9.999999974752427e-07, 60.0, 800.0, 0.10000000149011612, 0.0, 40.0, 100.0, 100.0, 60.0, 9.999999747378752e-06, 1.0, 0.014999999664723873, 23.0, 10.0, 1024.0, 115200.0, 0.0, 0.0, 60.0, 30.0, 0.0, 0.0, 0.0, 0.0, 0.0, 0.0, 0.0, 0.0, 0.0, 0.0, 0.0, 0.0, 0.0, 0.0, 0.0, 0.0, 0.0, 0.0, 0.0, 0.0, 0.0, 0.0, 0.0, 0.0, 0.0, 0.0, 0.0, 0.0], "fields": {"gain_stabilization": 2.0, "peltier": 0.0, "temp_ctrl": 1.0, "temp_target": 27.0, "temp_period": 1.0, "temp_weight": 0.05000000074505806, "cal_temp": 26.649999618530273, "cal_ov": 859.7184448242188, "cal_dg": 0.0, "cal_target": 209.5361328125, "cal_roi_low": 60.0, "cal_roi_high": 800.0, "run_mode": 1, "run_action": 0, "run_time_sample": 0.0, "run_time_bck": 0.0, "alarm_thr": 9.999999974752427e-07, "roi_low": 60.0, "roi_high": 800.0, "ts_period": 0.10000000149011612, "ts_reset": 0.0, "ts_L": 40.0, "ts_H": 100.0, "ts_wait": 100.0, "ts_B": 60.0, "ts_eps": 9.999999747378752e-06, "trigger_width": 1.0, "trigger_threshold": 0.014999999664723873, "integration_time": 23.0, "led_width": 10.0, "cal_events": 1024.0, "baud": 115200.0, "holdoff": 0.0, "xctrl_0": 0.0, "xctrl_1": 60.0, "xctrl_2": 30.0, "xctrl_3": 0.0, "xctrl_4": 0.0, "xctrl_5": 0.0, "xctrl_6": 0.0, "xctrl_7": 0.0}, "user": {"gs_mode": 2, "gs_events": 0, "histogram_run": 1, "acq_type": 0, "active_bank": 0, "read_clear": 0, "two_bank": 0, "histo_2k": 0, "sample_alarm": 0, "time_slice": 0, "rs485": 0, "coincidence": 0, "clear_statistics": 0, "clear_histogram": 0, "clear_alarm": 0, "clear_logger": 0, "clear_wall_clock": 0}},