{"gain_stabilization": 0.0, "peltier": 0.0, "temp_ctrl": 1.0, "temp_target": 27.0, "temp_period": 1.0, "temp_weight": 0.10000000149011612, "cal_temp": 25.0, "cal_ov": 31.100000381469727, "cal_dg": 131072.0, "cal_target": 662.0, "cal_roi_low": 580.0, "cal_roi_high": 750.0, "run_mode": 1, "run_action": 0, "run_time_sample": 0.0, "run_time_bck": 0.0, "alarm_thr": 0.0010000000474974513, "roi_low": 0.0, "roi_high": 1023.0, "ts_period": 0.10000000149011612, "ts_reset": 0.0, "ts_L": 40.0, "ts_H": 100.0, "ts_wait": 100.0, "ts_B": 50.0, "ts_eps": 9.999999747378752e-05, "trigger_width": 5.0},
