{"ov": 34.03366470336914, "g_thr": 0.0, "thr": 3730.0, "base": 3751.0}
{"ov": 34.46931076049805, "g_thr": 0.0, "thr": 3731.0, "base": 3751.0}
{"ov": 34.964839935302734, "g_thr": 0.0, "thr": 3731.0, "base": 3751.0}
{"ov": 35.42417526245117, "g_thr": 0.0, "thr": 3731.0, "base": 3751.0}
{"ov": 35.498538970947266, "g_thr": 0.0, "thr": 3731.0, "base": 3751.0}
