{"registers": [580.810546875, 500.0, 0.019999999552965164, 500.0, 25.539714813232422, 24.945709228515625, 26.12324333190918, 90.40585327148438, 1.0, 1378.0, 294.0, 0.0, 0.0, 0.0, 0.0, 0.0, 0.0, 0.0, 0.0, 0.0, 0.0, 0.0, 0.0, 0.0, 0.0, 0.0, 0.0, 0.0, 0.0, 0.0, 0.0, 0.0, 0.0, 0.0, 0.0, 0.0, 0.0, 0.0, 0.0, 0.0, 0.0, 0.0, 0.0, 0.0, 0.0, 0.0, 0.0, 0.0, 0.0, 0.0, 0.0, 0.0, 0.0, 0.0, 0.0, 0.0, 0.0, 0.0, 0.0, 0.0, 0.0, 0.0, 0.0, 0.0], "fields": {"op_voltage": 580.810546875, "voltage_target": 500.0, "hv_power": 0.019999999552965164, "hv_demand": 500.0, "cpu_temperature": 25.539714813232422, "x_temperature": 24.945709228515625, "avg_temperature": 26.12324333190918, "wall_clock_time": 90.40585327148438, "run_status": 1, "hv_period": 1378.0, "hv_width": 294.0}, "user": {"hv_on": 1, "soft_start": 0, "hv_locked": 0, "hv_frequency": 34833.09143686502, "hv_width": 6.125e-06}},
