{"registers": [1225, 30548, 30549, 28, 0, 0, 0, 0, 1, 0, 0, 0, 0, 0, 0, 0], "fields": {"bank_0": {"ct": 1225, "ev": 30548, "ts": 30549, "dt": 28, "xev0": 1, "xev1": 0, "xev2": 0, "xev3": 0}, "bank_1": {"ct": 0, "ev": 0, "ts": 0, "dt": 0, "xev0": 0, "xev1": 0, "xev2": 0, "xev3": 0}}, "user": {"bank_0": {"run_time": 2.00704, "dead_time": 0.0458752, "event_rate": 15220.424107142857, "trigger_rate": 15220.922353316328, "pulse_rate": 15576.967320645364, "xev0_rate": 0.49824617346938777, "xev1_rate": 0.0, "xev2_rate": 0.0, "xev3_rate": 0.0, "event_rate_err": 174.1667944237954, "trigger_rate_err": 174.1696451074587, "pulse_rate_err": 178.24378885266242, "xev0_rate_err": 0.9964923469387755, "xev1_rate_err": 0.0, "xev2_rate_err": 0.0, "xev3_rate_err": 0.0}, "bank_1": {"run_time": 0, "dead_time": 0, "event_rate": 0, "trigger_rate": 0, "pulse_rate": 0, "xev0_rate": 0, "xev1_rate": 0, "xev2_rate": 0, "xev3_rate": 0, "event_rate_err": 0, "trigger_rate_err": 0, "pulse_rate_err": 0, "xev0_rate_err": 0, "xev1_rate_err": 0, "xev2_rate_err": 0, "xev3_rate_err": 0}}}
