{"comment": "", "serial_number": "7D3DF6954525251202020412B2B5FF", "short_sn": 424, "mca_id_str": "0x102", "arm_version": {"registers": [258, 424, 1762606461, 1364349524, 1092624416, 4278528811, 138022020, 256, 1, 0, 0, 280, 3076, 0, 1, 0], "fields": {"mca_id": 258, "short_sn": 424, "unique_sn_0": 1762606461, "unique_sn_1": 1364349524, "unique_sn_2": 1092624416, "unique_sn_3": 4278528811, "arm_hw": 138022020, "arm_sw": 256, "arm_build": 1, "arm_custom_0": 0, "arm_custom_1": 0}, "user": {"unique_sn": "690F3D7D5152525441202020FF052B2B"}}, "arm_status": {"registers": [0.0, 600.0, 0.0, 0.0, 32.27931213378906, 26.9375, 32.25814437866211, 66548.2734375, 12.0, 66509.1953125, 6160.30419921875, 0.6086817383766174, 0.0, 0.0, 0.0, 6160.30419921875, 0.6086817383766174, 0.0, 0.0, 0.0, 528.0, 0.0, 0.0, 0.0, 0.0, 0.0, 5634.86181640625, 0.5821444988250732, 0.0, 0.0, 6160.30419921875, 0.5821444988250732, 0.0, 0.0, 0.0, 483.0, 0.0, 0.0, 0.0, 0.0, 0.0, 0.0, 0.0, 0.0, 0.0, 0.0, 0.0, 0.0, 0.0, 0.0, 0.0, 0.0, 0.0, 0.0, 0.0, 0.0, 0.0, 0.0, 0.0, 0.0, 0.0, 0.0, 0.0, 0.0], "fields": {"op_voltage": 0.0, "voltage_target": 600.0, "set_voltage": 0.0, "dg_target": 0.0, "cpu_temperature": 32.27931213378906, "x_temperature": 26.9375, "avg_temperature": 32.25814437866211, "wall_clock_time": 66548.2734375, "run_status": 12, "run_time_sample": 66509.1953125, "count_rate": 6160.30419921875, "count_rate_err": 0.6086817383766174, "run_time_bck": 0.0, "count_rate_bck": 0.0, "count_rate_bck_err": 0.0, "count_rate_diff": 6160.30419921875, "count_rate_diff_err": 0.6086817383766174, "bck_probability": 0.0, "bck_low_probability": 0.0, "bck_high_probability": 0.0, "ts_ready": 528.0, "ts_alarm": 0.0, "ts_net": 0.0, "ts_bck": 0.0, "ts_prob": 0.0, "ts_reset": 0.0, "roi_rate": 5634.86181640625, "roi_rate_err": 0.5821444988250732, "roi_rate_bck": 0.0, "roi_rate_bck_err": 0.0, "roi_rate_diff": 6160.30419921875, "roi_rate_diff_err": 0.5821444988250732, "roi_events": 0.0, "roi_bck": 0.0, "led_val": 0.0, "baseline": 483.0}, "user": {"wall_clock_time": 66548.2734375, "counter_active": 0, "active_bank": 0, "trace_done": 1, "listmode_done": 1, "flash_busy": 0, "fpga_fail": 0, "power_fail": 0}}, "arm_ctrl": {"registers": [0.0, 0.0, 0.0, 27.0, 1.0, 0.05000000074505806, 24.600000381469727, 600.0, 5000.0, 540.0, 60.0, 800.0, 1.0, 0.0, 0.0, 0.0, 9.999999974752427e-07, 60.0, 800.0, 0.10000000149011612, 0.0, 40.0, 100.0, 100.0, 60.0, 9.999999747378752e-06, 1.0, 0.004999999888241291, 1.2000000424450263e-06, 0.0, 1024.0, 115200.0, 1.500000053056283e-06, 0.0, 2.0, 3.0, 0.003000000026077032, 0.0, 9.999999974752427e-07, 6.0, 0.0, 0.0, 0.0, 0.0, 0.0, 0.0, 0.0, 0.0, 0.0, 0.0, 0.0, 0.0, 0.0, 0.0, 0.0, 0.0, 0.0, 0.0, 0.0, 0.0, 0.0, 0.0, 0.0, 0.0], "fields": {"gain_stabilization": 0.0, "peltier": 0.0, "temp_ctrl": 0.0, "temp_target": 27.0, "temp_period": 1.0, "temp_weight": 0.05000000074505806, "cal_temp": 24.600000381469727, "cal_ov": 600.0, "cal_dg": 5000.0, "cal_target": 540.0, "cal_roi_low": 60.0, "cal_roi_high": 800.0, "run_mode": 1, "run_action": 0, "run_time_sample": 0.0, "run_time_bck": 0.0, "alarm_thr": 9.999999974752427e-07, "roi_low": 60.0, "roi_high": 800.0, "ts_period": 0.10000000149011612, "ts_reset": 0.0, "ts_L": 40.0, "ts_H": 100.0, "ts_wait": 100.0, "ts_B": 60.0, "ts_eps": 9.999999747378752e-06, "trigger_width": 1.0, "trigger_threshold": 0.004999999888241291, "integration_time": 1.2000000424450263e-06, "led_width": 0.0, "cal_events": 1024.0, "baud": 115200.0, "holdoff": 1.500000053056283e-06, "xctrl_0": 0.0, "gain_select": 2.0, "led_shift": 3.0, "base_threshold": 0.003000000026077032, "pile_up": 0.0, "trace_delay": 9.999999974752427e-07, "lm_lsb": 6.0, "xctrl_7": 0.0}, "user": {"gs_mode": 0, "gs_events": 0, "histogram_run": 1, "acq_type": 0, "active_bank": 0, "read_clear": 0, "two_bank": 0, "histo_4k": 0, "sample_alarm": 0, "time_slice": 0, "rs485": 0, "xpu": 0, "amplitude": 0, "psd_on": 0, "psd_select": 0, "psd_reject": 0, "lm_buffer": 0, "clear_statistics": 0, "clear_histogram": 0, "clear_alarm": 0, "clear_logger": 0, "clear_wall_clock": 0, "clear_trace": 0, "ut_run": 0, "clear_listmode": 0, "clear_lmtime": 0}},