{"comment": "", "serial_number": "7D3DF6954525251202020412B2B5FF", "short_sn": 424, "mca_id_str": "0x102", "arm_version": {"registers": [258, 424, 1762606461, 1364349524, 1092624416, 4278528811, 138022020, 256, 1, 0, 0, 280, 3076, 0, 1, 0], "fields": {"mca_id": 258, "short_sn": 424, "unique_sn_0": 1762606461, "unique_sn_1": 1364349524, "unique_sn_2": 1092624416, "unique_sn_3": 4278528811, "arm_hw": 138022020, "arm_sw": 256, "arm_build": 1, "arm_custom_0": 0, "arm_custom_1": 0}, "user": {"unique_sn": "690F3D7D5152525441202020FF052B2B"}}, "arm_status": {"registers": [0.0, 820.0, 0.0, 0.0, 30.525001525878906, 25.625, 25.6021728515625, 71923.5078125, 12.0, 516.8870239257812, 1572.59912109375, 3.4885196685791016, 0.0, 0.0, 0.0, 1572.59912109375, 3.4885196685791016, 0.0, 0.0, 0.0, 0.0, 0.0, 0.0, 0.0, 0.0, 0.0, 1114.100341796875, 2.9362590312957764, 0.0, 0.0, 1572.59912109375, 2.9362590312957764, 0.0, 0.0, 0.0, 501.0, 0.0, 0.0, 0.0, 0.0, 0.0, 0.0, 0.0, 0.0, 0.0, 0.0, 0.0, 0.0, 0.0, 0.0, 0.0, 0.0, 0.0, 0.0, 0.0, 0.0, 0.0, 0.0, 0.0, 0.0, 0.0, 0.0, 0.0, 0.0], "fields": {"op_voltage": 0.0, "voltage_target": 820.0, "set_voltage": 0.0, "dg_target": 0.0, "cpu_temperature": 30.525001525878906, "x_temperature": 25.625, "avg_temperature": 25.6021728515625, "wall_clock_time": 71923.5078125, "run_status": 12, "run_time_sample": 516.8870239257812, "count_rate": 1572.59912109375, "count_rate_err": 3.4885196685791016, "run_time_bck": 0.0, "count_rate_bck": 0.0, "count_rate_bck_err": 0.0, "count_rate_diff": 1572.59912109375, "count_rate_diff_err": 3.4885196685791016, "bck_probability": 0.0, "bck_low_probability": 0.0, "bck_high_probability": 0.0, "ts_ready": 0.0, "ts_alarm": 0.0, "ts_net": 0.0, "ts_bck": 0.0, "ts_prob": 0.0, "ts_reset": 0.0, "roi_rate": 1114.100341796875, "roi_rate_err": 2.9362590312957764, "roi_rate_bck": 0.0, "roi_rate_bck_err": 0.0, "roi_rate_diff": 1572.59912109375, "roi_rate_diff_err": 2.9362590312957764, "roi_events": 0.0, "roi_bck": 0.0, "led_val": 0.0, "baseline": 501.0}, "user": {"wall_clock_time": 71923.5078125, "counter_active": 0, "active_bank": 0, "trace_done": 1, "listmode_done": 1, "flash_busy": 0, "fpga_fail": 0, "power_fail": 0}}, "arm_ctrl": {"registers": [0.0, 0.0, 1.0, 27.0, 1.0, 0.05000000074505806, 24.600000381469727, 820.0, 15000.0, 540.0, 60.0, 800.0, 8193.0, 0.0, 0.0, 0.0, 9.999999974752427e-07, 60.0, 800.0, 0.10000000149011612, 0.0, 40.0, 100.0, 100.0, 60.0, 9.999999747378752e-06, 1.0, 0.019999999552965164, 1.2000000424450263e-06, 0.0, 1024.0, 115200.0, 4.999999873689376e-06, 0.0, 2.0, 3.0, 0.003000000026077032, 0.0, 9.999999974752427e-07, 6.0, 0.0, 0.0, 0.0, 0.0, 0.0, 0.0, 0.0, 0.0, 0.0, 0.0, 0.0, 0.0, 0.0, 0.0, 0.0, 0.0, 0.0, 0.0, 0.0, 0.0, 0.0, 0.0, 0.0, 0.0], "fields": {"gain_stabilization": 0.0, "peltier": 0.0, "temp_ctrl": 1.0, "temp_target": 27.0, "temp_period": 1.0, "temp_weight": 0.05000000074505806, "cal_temp": 24.600000381469727, "cal_ov": 820.0, "cal_dg": 15000.0, "cal_target": 540.0, "cal_roi_low": 60.0, "cal_roi_high": 800.0, "run_mode": 8193, "run_action": 0, "run_time_sample": 0.0, "run_time_bck": 0.0, "alarm_thr": 9.999999974752427e-07, "roi_low": 60.0, "roi_high": 800.0, "ts_period": 0.10000000149011612, "ts_reset": 0.0, "ts_L": 40.0, "ts_H": 100.0, "ts_wait": 100.0, "ts_B": 60.0, "ts_eps": 9.999999747378752e-06, "trigger_width": 1.0, "trigger_threshold": 0.019999999552965164, "integration_time": 1.2000000424450263e-06, "led_width": 0.0, "cal_events": 1024.0, "baud": 115200.0, "holdoff": 4.999999873689376e-06, "xctrl_0": 0.0, "gain_select": 2.0, "led_shift": 3.0, "base_threshold": 0.003000000026077032, "pile_up": 0.0, "trace_delay": 9.999999974752427e-07, "lm_lsb": 6.0, "xctrl_7": 0.0}, "user": {"gs_mode": 0, "gs_events": 0, "histogram_run": 1, "acq_type": 0, "active_bank": 0, "read_clear": 0, "two_bank": 0, "histo_4k": 0, "sample_alarm": 0, "time_slice": 0, "rs485": 0, "xpu": 0, "amplitude": 0, "psd_on": 1, "psd_select": 0, "psd_reject": 0, "lm_buffer": 0, "clear_statistics": 0, "clear_histogram": 0, "clear_alarm": 0, "clear_logger": 0, "clear_wall_clock": 0, "clear_trace": 0, "ut_run": 0, "clear_listmode": 0, "clear_lmtime": 0}},