{"registers": [34.49760818481445, 34.5, 35.05813980102539, 0.0, 25.988452911376953, 27.362701416015625, 27.286237716674805, 30736.0, 1.0, 38.749000549316406, 0.5670000314712524, 0.24176962673664093, 0.0, 0.0, 0.0, 0.5670000314712524, 0.24176962673664093, 0.0, 0.0, 0.0, 0.0, 0.0, 0.0, 0.0, 0.0, 0.0, 0.5677565932273865, 0.24209222197532654, 0.0, 0.0, 0.5670000314712524, 0.24209222197532654, 0.0, 0.0, 0.0, 38.74952697753906, 0.0, 22.0, 0.0, 0.0, 0.0, 0.0, 0.0, 0.0, 0.0, 0.0, 0.0, 0.0, 0.0, 0.0, 0.0, 0.0, 0.0, 0.0, 0.0, 0.0, 0.0, 0.0, 1.0, 3727.0, 3729.0, 0.0, 62.0, 3729.0], "fields": {"op_voltage": 34.49760818481445, "target_voltage": 34.5, "set_voltage": 35.05813980102539, "target_dg": 0.0, "cpu_temperature": 25.988452911376953, "x_temperature": 27.362701416015625, "avg_temperature": 27.286237716674805, "wall_clock_time": 30736.0, "run_status": 1, "run_time_sample": 38.749000549316406, "count_rate": 0.5670000314712524, "count_rate_err": 0.24176962673664093, "run_time_bck": 0.0, "count_rate_bck": 0.0, "count_rate_bck_err": 0.0, "count_rate_diff": 0.5670000314712524, "count_rate_diff_err": 0.24176962673664093, "bck_probability": 0.0, "bck_low_probability": 0.0, "bck_high_probability": 0.0, "ts_ready": 0.0, "ts_alarm": 0.0, "ts_net": 0.0, "ts_bck": 0.0, "ts_prob": 0.0, "ts_reset": 0.0, "roi_rate": 0.5677565932273865, "roi_rate_err": 0.24209222197532654, "roi_rate_bck": 0.0, "roi_rate_bck_err": 0.0, "roi_rate_diff": 0.5670000314712524, "roi_rate_diff_err": 0.24209222197532654, "roi_events": 0.0, "roi_bck": 0.0, "led_val": 0.0}, "user": {"wall_clock_time": 41.964885333333335, "counter_active": 1, "active_bank": 0}},
