{
"lut_len": 20, "lut_tmin": -30.0, "lut_dt": 5.0, 
"lut_ov": [0, 0.1, 0.2, 0.3, 0.4, 0.5, 0.6, 0.7, 0.8, 0.9, 1.0, 1.1, 1.2, 1.3, 1.4, 1.5, 1.6, 1.7, 1.8, 1.9], 
"lut_dg": [0.429528,  0.480463,  0.531398, 0.582333, 0.633268, 0.684203, 0.735138, 0.786073, 0.837008, 0.887943, 0.938878, 0.989813, 1.040748, 1.091683, 1.142618, 1.193553, 1.244488, 1.295423, 1.346358, 1.399296], 
"lut_led": [1, 1, 1, 1, 1, 1, 1, 1, 1, 1, 1, 1, 1, 1, 1, 1, 1, 1, 1, 1 ],
"lut_mode": 0
}