{"registers": [0.0, 0.0, 1.0, 27.0, 1.0, 0.05000000074505806, 23.700000762939453, 34.173828125, 0.0, 328.4700012207031, 60.0, 800.0, 1.0, 0.0, 0.0, 0.0, 9.999999974752427e-07, 60.0, 800.0, 0.10000000149011612, 0.0, 40.0, 100.0, 100.0, 60.0, 9.999999747378752e-06, 1.0, 0.02500000037252903, 23.0, 10.0, 1024.0, 115200.0, 0.0, 0.0, 0.0, 0.0, 0.0, 0.0, 0.0, 0.0, 0.0, 0.0, 0.0, 0.0, 0.0, 0.0, 0.0, 0.0, 0.0, 0.0, 0.0, 0.0, 0.0, 0.0, 0.0, 0.0, 0.0, 0.0, 0.0, 0.0, 0.0, 0.0, 0.0, 0.0], "fields": {"gain_stabilization": 0.0, "peltier": 0.0, "temp_ctrl": 1.0, "temp_target": 27.0, "temp_period": 1.0, "temp_weight": 0.05000000074505806, "cal_temp": 23.700000762939453, "cal_ov": 34.173828125, "cal_dg": 0.0, "cal_target": 328.4700012207031, "cal_roi_low": 60.0, "cal_roi_high": 800.0, "run_mode": 1, "run_action": 0, "run_time_sample": 0.0, "run_time_bck": 0.0, "alarm_thr": 9.999999974752427e-07, "roi_low": 60.0, "roi_high": 800.0, "ts_period": 0.10000000149011612, "ts_reset": 0.0, "ts_L": 40.0, "ts_H": 100.0, "ts_wait": 100.0, "ts_B": 60.0, "ts_eps": 9.999999747378752e-06, "trigger_width": 1.0, "trigger_threshold": 0.02500000037252903, "integration_time": 23.0, "led_width": 10.0, "cal_events": 1024.0, "baud": 115200.0, "holdoff": 0.0, "xctrl_0": 0.0, "xctrl_1": 0.0, "xctrl_2": 0.0, "xctrl_3": 0.0, "xctrl_4": 0.0, "xctrl_5": 0.0, "xctrl_6": 0.0, "xctrl_7": 0.0}, "user": {"gs_mode": 0, "gs_events": 0, "histogram_run": 1, "acq_type": 0, "active_bank": 0, "read_clear": 0, "two_bank": 0, "histo_2k": 0, "sample_alarm": 0, "time_slice": 0, "rs485": 0, "coincidence": 0, "clear_statistics": 0, "clear_histogram": 0, "clear_alarm": 0, "clear_logger": 0, "clear_wall_clock": 0}}