{
    "arm_ctrl": {
        "registers": [
            0.0,
            0.0,
            1.0,
            25.0,
            1.0,
            0.10000000149011612,
            25.0,
            780.0,
            8000.0,
            0.0,
            0.0,
            0.0,
            0.0,
            0.0,
            0.0,
            0.0,
            0.0,
            0.0,
            0.0,
            0.0,
            0.0,
            0.0,
            0.0,
            0.0,
            0.0,
            0.0,
            0.0,
            0.0,
            60.0,
            0.0,
            0.0,
            0.0,
            0.0,
            0.0,
            0.0,
            0.0,
            0.0,
            0.0,
            0.0,
            0.0,
            0.0,
            0.0,
            0.0,
            0.0,
            0.0,
            0.0,
            0.0,
            0.0,
            0.0,
            0.0,
            0.0,
            0.0,
            0.0,
            0.0,
            0.0,
            0.0,
            0.0,
            0.0,
            0.0,
            0.0,
            0.0,
            0.0,
            0.0,
            0.0
        ],
        "fields": {
            "gain_stabilization": 0,
            "peltier": 0.0,
            "temp_ctrl": 1.0,
            "temp_target": 25.0,
            "temp_period": 1.0,
            "temp_weight": 0.10000000149011612,
            "cal_temp": 25.0,
            "cal_ov": 780.0,
            "cal_dg": 8000.0,
            "cal_target": 0.0,
            "cal_scint": 0.0,
            "cal_par_0": 0.0,
            "run_mode": 0,
            "run_action": 0,
            "boot_wait": 60
        },
        "user": {
            "gs_mode": 0,
            "clear_wall_clock": 0
        }
    },
    "fpga_ctrl": {
        "registers": [
            16384,
            10,
            12,
            12,
            10,
            65280,
            100,
            1092,
            0,
            1,
            0,
            0,
            258,
            0,
            16399,
            34838
        ],
        "fields": {
            "fine_gain": 16384,
            "baseline_threshold": 10,
            "cr1_upper": 0,
            "pulse_threshold": 12,
            "cr2_upper": 0,
            "hold_off_time": 12,
            "integration_time": 10,
            "roi_bounds": 65280,
            "trigger_delay": 100,
            "cr6_upper": 0,
            "ctrl_7": 1092,
            "run_time_0": 0,
            "run_time_1": 1,
            "short_it": 0,
            "put": 0,
            "ecomp": 2,
            "pcomp": 0,
            "gain_select": 1,
            "cr12_upper": 0,
            "ctrl_13": 0,
            "led_repeat_time": 15,
            "led_pulse_width": 64,
            "ha_mode": 0,
            "trace_mode": 1,
            "lm_mode": 1,
            "led_on": 0,
            "rtlt": 1,
            "sel_led": 0,
            "daq_mode": 0,
            "nai_mode": 0,
            "psd_on": 0,
            "psd_select": 0,
            "psd_reject": 1,
            "cr15_upper": 8
        },
        "user": {
            "digital_gain": 4096.0,
            "integration_time": 2.5e-07,
            "hold_off_time": 3e-07,
            "short_it": 0.0,
            "baseline_threshold": 0.01,
            "pulse_threshold": 0.012,
            "trigger_delay": 2.5e-06,
            "roi_low": 0,
            "roi_high": 4080,
            "run_time": 107.3741824
        }
    }
}