# Relative_Time(µs) ADC amplitude
0.136606	224.000000
0.149106	448.000000
0.161606	448.000000
0.174106	448.000000
0.186606	448.000000
0.199107	448.000000
0.211607	448.000000
0.224107	448.000000
0.236607	448.000000
0.249107	448.000000
0.261607	432.000000
0.274107	448.000000
0.286607	448.000000
0.299107	432.000000
0.311607	432.000000
0.324108	448.000000
0.336608	448.000000
0.349108	432.000000
0.361608	448.000000
0.374108	448.000000
0.386608	432.000000
0.399108	448.000000
0.411608	448.000000
0.424108	448.000000
0.436608	448.000000
0.449105	448.000000
0.461605	448.000000
0.474105	448.000000
0.486605	448.000000
0.499105	432.000000
0.511605	432.000000
0.524105	448.000000
0.536606	448.000000
0.549106	432.000000
0.561606	448.000000
0.574106	448.000000
0.586606	448.000000
0.599106	448.000000
0.611606	432.000000
0.624106	448.000000
0.636606	432.000000
0.649106	432.000000
0.661606	432.000000
0.674107	432.000000
0.686607	448.000000
0.699107	432.000000
0.711607	448.000000
0.724107	432.000000
0.736607	432.000000
0.749107	432.000000
0.761607	432.000000
0.774107	448.000000
0.786607	448.000000
0.799108	448.000000
0.811608	448.000000
0.824108	448.000000
0.836608	448.000000
0.849108	448.000000
0.861608	448.000000
0.874108	448.000000
0.886608	448.000000
0.899108	448.000000
0.911608	448.000000
0.924108	448.000000
0.936605	448.000000
0.949105	448.000000
0.961605	432.000000
0.974105	448.000000
0.986605	448.000000
0.999105	448.000000
1.011605	448.000000
1.024106	448.000000
1.036606	448.000000
1.049106	432.000000
1.061606	448.000000
1.074106	432.000000
1.086606	432.000000
1.099106	432.000000
1.111606	432.000000
1.124106	448.000000
1.136606	432.000000
1.149107	448.000000
1.161607	448.000000
1.174107	448.000000
1.186607	448.000000
1.199107	432.000000
1.211607	448.000000
1.224107	432.000000
1.236607	432.000000
1.249107	432.000000
1.261607	448.000000
1.274107	448.000000
1.286608	448.000000
1.299108	448.000000
1.311608	448.000000
1.324108	448.000000
1.336608	432.000000
1.349108	448.000000
1.361608	448.000000
1.374108	448.000000
1.386608	448.000000
1.399105	448.000000
1.411605	448.000000
1.424105	448.000000
1.436605	448.000000
1.449105	448.000000
1.461605	432.000000
1.474105	448.000000
1.486605	448.000000
1.499106	432.000000
1.511606	448.000000
1.524106	448.000000
1.536606	448.000000
1.549106	432.000000
1.561606	432.000000
1.574106	448.000000
1.586606	448.000000
1.599106	448.000000
1.611606	448.000000
1.624107	448.000000
1.636607	448.000000
1.649107	448.000000
1.661607	448.000000
1.674107	448.000000
1.686607	448.000000
1.699107	448.000000
1.711607	448.000000
1.724107	432.000000
1.736607	432.000000
1.749107	432.000000
1.761608	448.000000
1.774108	432.000000
1.786608	448.000000
1.799108	448.000000
1.811608	448.000000
1.824108	448.000000
1.836608	448.000000
1.849108	448.000000
1.861608	432.000000
1.874108	432.000000
1.886609	432.000000
1.899105	448.000000
1.911605	448.000000
1.924105	448.000000
1.936605	448.000000
1.949105	448.000000
1.961605	448.000000
1.974106	448.000000
1.986606	448.000000
1.999106	448.000000
2.011606	448.000000
2.024106	448.000000
2.036606	448.000000
2.049106	448.000000
2.061606	448.000000
2.074106	448.000000
2.086606	448.000000
2.099106	448.000000
2.111607	432.000000
2.124107	432.000000
2.136607	448.000000
2.149107	448.000000
2.161607	448.000000
2.174107	448.000000
2.186607	448.000000
2.199107	448.000000
2.211607	448.000000
2.224107	448.000000
2.236608	448.000000
2.249108	432.000000
2.261608	448.000000
2.274108	448.000000
2.286608	448.000000
2.299108	448.000000
2.311608	448.000000
2.324108	448.000000
2.336608	448.000000
2.349108	448.000000
2.361605	448.000000
2.374105	448.000000
2.386605	432.000000
2.399105	448.000000
2.411605	432.000000
2.424105	432.000000
2.436605	432.000000
2.449106	432.000000
2.461606	432.000000
2.474106	432.000000
2.486606	432.000000
2.499106	432.000000
2.511606	448.000000
2.524106	448.000000
2.536606	448.000000
2.549106	448.000000
2.561606	448.000000
2.574106	448.000000
2.586607	448.000000
2.599107	448.000000
2.611607	448.000000
2.624107	448.000000
2.636607	448.000000
2.649107	448.000000
2.661607	448.000000
2.674107	448.000000
2.686607	448.000000
2.699107	448.000000
2.711608	448.000000
2.724108	448.000000
2.736608	432.000000
2.749108	432.000000
2.761608	448.000000
2.774108	448.000000
2.786608	448.000000
2.799108	432.000000
2.811608	448.000000
2.824108	432.000000
2.836608	448.000000
2.849105	432.000000
2.861605	432.000000
2.874105	448.000000
2.886605	432.000000
2.899105	448.000000
2.911605	448.000000
2.924106	448.000000
2.936606	448.000000
2.949106	448.000000
2.961606	448.000000
2.974106	448.000000
2.986606	448.000000
2.999106	448.000000
3.011606	448.000000
3.024106	448.000000
3.036606	448.000000
3.049106	448.000000
3.061607	448.000000
3.074107	448.000000
3.086607	432.000000
3.099107	448.000000
3.111607	448.000000
3.124107	432.000000
3.136607	448.000000
3.149107	448.000000
3.161607	448.000000
3.174107	448.000000
3.186608	432.000000
3.199108	448.000000
3.211608	432.000000
3.224108	432.000000
3.236608	448.000000
3.249108	432.000000
3.261608	448.000000
3.274108	448.000000
3.286608	448.000000
3.299108	448.000000
3.311605	448.000000
3.324105	448.000000
3.336605	448.000000
3.349105	448.000000
3.361605	448.000000
3.374105	448.000000
3.386605	448.000000
3.399105	448.000000
3.411606	448.000000
3.424106	448.000000
3.436606	448.000000
3.449106	448.000000
3.461606	448.000000
3.474106	448.000000
3.486606	448.000000
3.499106	448.000000
3.511606	448.000000
3.524106	448.000000
3.536607	432.000000
3.549107	448.000000
3.561607	448.000000
3.574107	448.000000
3.586607	448.000000
3.599107	448.000000
3.611607	448.000000
3.624107	448.000000
3.636607	432.000000
3.649107	432.000000
3.661607	432.000000
3.674108	448.000000
3.686608	448.000000
3.699108	448.000000
3.711608	448.000000
3.724108	448.000000
3.736608	448.000000
3.749108	432.000000
3.761608	432.000000
3.774108	432.000000
3.786608	432.000000
3.799109	432.000000
3.811605	432.000000
3.824105	448.000000
3.836605	448.000000
3.849105	432.000000
3.861605	432.000000
3.874105	432.000000
3.886606	432.000000
3.899106	448.000000
3.911606	448.000000
3.924106	448.000000
3.936606	432.000000
3.949106	432.000000
3.961606	448.000000
3.974106	448.000000
3.986606	448.000000
3.999106	448.000000
4.011607	448.000000
4.024107	448.000000
4.036607	448.000000
4.049107	448.000000
4.061607	448.000000
4.074107	448.000000
4.086607	448.000000
4.099107	448.000000
4.111607	432.000000
4.124107	448.000000
4.136607	448.000000
4.149108	432.000000
4.161608	432.000000
4.174108	448.000000
4.186608	448.000000
4.199108	448.000000
4.211608	432.000000
4.224108	432.000000
4.236608	448.000000
4.249108	448.000000
4.261608	448.000000
4.274105	448.000000
4.286605	448.000000
4.299105	432.000000
4.311605	448.000000
4.324105	448.000000
4.336605	448.000000
4.349105	432.000000
4.361606	448.000000
4.374106	448.000000
4.386606	432.000000
4.399106	448.000000
4.411606	448.000000
4.424106	448.000000
4.436606	448.000000
4.449106	432.000000
4.461606	448.000000
4.474106	448.000000
4.486606	448.000000
4.499107	448.000000
4.511607	448.000000
4.524107	448.000000
4.536607	432.000000
4.549107	432.000000
4.561607	432.000000
4.574107	432.000000
4.586607	432.000000
4.599107	432.000000
4.611607	448.000000
4.624108	432.000000
4.636608	448.000000
4.649108	448.000000
4.661608	448.000000
4.674108	448.000000
4.686608	448.000000
4.699108	448.000000
4.711608	448.000000
4.724108	448.000000
4.736608	448.000000
4.749108	448.000000
4.761605	432.000000
4.774105	432.000000
4.786605	432.000000
4.799105	448.000000
4.811605	448.000000
4.824105	448.000000
4.836606	448.000000
4.849106	448.000000
4.861606	448.000000
4.874106	448.000000
4.886606	448.000000
4.899106	448.000000
4.911606	432.000000
4.924106	432.000000
4.936606	448.000000
4.949106	448.000000
4.961606	432.000000
4.974107	432.000000
4.986607	432.000000
4.999107	432.000000
5.011607	448.000000
5.024107	448.000000
5.036607	448.000000
5.049107	432.000000
5.061607	432.000000
5.074107	448.000000
5.086607	448.000000
5.099108	448.000000
5.111608	448.000000
5.124108	448.000000
5.136608	448.000000
5.149108	448.000000
5.161608	448.000000
5.174108	448.000000
5.186608	448.000000
5.199108	448.000000
5.211608	448.000000
5.224105	448.000000
5.236605	448.000000
5.249105	432.000000
5.261605	432.000000
5.274105	432.000000
5.286605	448.000000
5.299105	448.000000
5.311605	432.000000
5.324106	448.000000
5.336606	432.000000
5.349106	432.000000
5.361606	448.000000
5.374106	432.000000
5.386606	448.000000
5.399106	432.000000
5.411606	448.000000
5.424106	448.000000
5.436606	448.000000
5.449107	448.000000
5.461607	432.000000
5.474107	432.000000
5.486607	432.000000
5.499107	448.000000
5.511607	448.000000
5.524107	448.000000
5.536607	448.000000
5.549107	448.000000
5.561607	448.000000
5.574107	448.000000
5.586608	448.000000
5.599108	448.000000
5.611608	448.000000
5.624108	448.000000
5.636608	432.000000
5.649108	432.000000
5.661608	432.000000
5.674108	432.000000
5.686608	432.000000
5.699108	432.000000
5.711609	432.000000
5.724105	432.000000
5.736605	448.000000
5.749105	448.000000
5.761605	448.000000
5.774105	448.000000
5.786605	432.000000
5.799106	432.000000
5.811606	432.000000
5.824106	448.000000
5.836606	448.000000
5.849106	448.000000
5.861606	448.000000
5.874106	448.000000
5.886606	448.000000
5.899106	448.000000
5.911606	448.000000
5.924107	448.000000
5.936607	448.000000
5.949107	432.000000
5.961607	448.000000
5.974107	432.000000
5.986607	432.000000
5.999107	432.000000
6.011607	448.000000
6.024107	448.000000
6.036607	432.000000
6.049107	448.000000
6.061608	448.000000
6.074108	448.000000
6.086608	448.000000
6.099108	448.000000
6.111608	448.000000
6.124108	448.000000
6.136608	432.000000
6.149108	448.000000
6.161608	448.000000
6.174108	432.000000
6.186605	448.000000
6.199105	432.000000
6.211605	448.000000
6.224105	448.000000
6.236605	448.000000
6.249105	448.000000
6.261605	448.000000
6.274106	448.000000
6.286606	448.000000
6.299106	448.000000
6.311606	448.000000
6.324106	432.000000
6.336606	432.000000
6.349106	448.000000
6.361606	448.000000
6.374106	448.000000
6.386606	448.000000
6.399106	448.000000
6.411607	448.000000
6.424107	448.000000
6.436607	448.000000
6.449107	448.000000
6.461607	448.000000
6.474107	432.000000
6.486607	448.000000
6.499107	448.000000
6.511607	432.000000
6.524107	432.000000
6.536608	432.000000
6.549108	448.000000
6.561608	432.000000
6.574108	432.000000
6.586608	448.000000
6.599108	432.000000
6.611608	448.000000
6.624108	432.000000
6.636608	448.000000
6.649108	432.000000
6.661608	448.000000
6.674105	448.000000
6.686605	448.000000
6.699105	448.000000
6.711605	432.000000
6.724105	448.000000
6.736605	448.000000
6.749106	448.000000
6.761606	448.000000
6.774106	448.000000
6.786606	448.000000
6.799106	448.000000
6.811606	448.000000
6.824106	448.000000
6.836606	448.000000
6.849106	448.000000
6.861606	432.000000
6.874106	432.000000
6.886607	432.000000
6.899107	448.000000
6.911607	448.000000
6.924107	432.000000
6.936607	448.000000
6.949107	432.000000
6.961607	432.000000
6.974107	448.000000
6.986607	432.000000
6.999107	448.000000
7.011608	448.000000
7.024108	448.000000
7.036608	448.000000
7.049108	448.000000
7.061608	448.000000
7.074108	448.000000
7.086608	448.000000
7.099108	448.000000
7.111608	448.000000
7.124108	432.000000
7.136605	448.000000
7.149105	448.000000
7.161605	448.000000
7.174105	432.000000
7.186605	432.000000
7.199105	448.000000
7.211605	432.000000
7.224106	448.000000
7.236606	432.000000
7.249106	448.000000
7.261606	448.000000
7.274106	432.000000
7.286606	448.000000
7.299106	432.000000
7.311606	448.000000
7.324106	432.000000
7.336606	432.000000
7.349106	448.000000
7.361607	432.000000
7.374107	448.000000
7.386607	448.000000
7.399107	448.000000
7.411607	448.000000
7.424107	448.000000
7.436607	448.000000
7.449107	448.000000
7.461607	448.000000
7.474107	448.000000
7.486608	448.000000
7.499108	448.000000
7.511608	448.000000
7.524108	448.000000
7.536608	448.000000
7.549108	448.000000
7.561608	448.000000
7.574108	448.000000
7.586608	448.000000
7.599108	448.000000
7.611608	448.000000
7.624109	432.000000
7.636605	448.000000
7.649105	448.000000
7.661605	448.000000
7.674105	448.000000
7.686605	432.000000
7.699105	448.000000
7.711606	432.000000
7.724106	432.000000
7.736606	432.000000
7.749106	432.000000
7.761606	448.000000
7.774106	448.000000
7.786606	448.000000
7.799106	432.000000
7.811606	432.000000
7.824106	448.000000
7.836607	448.000000
7.849107	432.000000
7.861607	432.000000
7.874107	448.000000
7.886607	448.000000
7.899107	448.000000
7.911607	432.000000
7.924107	448.000000
7.936607	448.000000
7.949107	448.000000
7.961607	432.000000
7.974108	448.000000
7.986608	448.000000
7.999108	432.000000
8.011608	448.000000
8.024108	432.000000
8.036608	448.000000
8.049108	432.000000
8.061608	432.000000
8.074108	448.000000
8.086608	448.000000
8.099105	448.000000
8.111605	448.000000
8.124105	448.000000
8.136605	448.000000
8.149105	448.000000
8.161605	448.000000
8.174105	448.000000
8.186606	448.000000
8.199106	448.000000
8.211606	448.000000
8.224106	448.000000
8.236606	448.000000
8.249106	448.000000
8.261606	448.000000
8.274106	448.000000
8.286606	448.000000
8.299106	448.000000
8.311607	448.000000
8.324107	448.000000
8.336607	448.000000
8.349107	448.000000
8.361607	448.000000
8.374107	432.000000
8.386607	432.000000
8.399107	432.000000
8.411607	448.000000
8.424107	432.000000
8.436607	448.000000
8.449108	448.000000
8.461608	448.000000
8.474108	448.000000
8.486608	448.000000
8.499108	448.000000
8.511608	448.000000
8.524108	448.000000
8.536608	432.000000
8.549108	432.000000
8.561608	432.000000
8.574109	448.000000
8.586605	432.000000
8.599105	432.000000
8.611605	448.000000
8.624105	432.000000
8.636605	448.000000
8.649105	448.000000
8.661606	448.000000
8.674106	432.000000
8.686606	448.000000
8.699106	448.000000
8.711606	432.000000
8.724106	432.000000
8.736606	448.000000
8.749106	448.000000
8.761606	448.000000
8.774106	448.000000
8.786606	432.000000
8.799107	432.000000
8.811607	448.000000
8.824107	448.000000
8.836607	448.000000
8.849107	448.000000
8.861607	448.000000
8.874107	448.000000
8.886607	448.000000
8.899107	448.000000
8.911607	448.000000
8.924108	448.000000
8.936608	432.000000
8.949108	432.000000
8.961608	432.000000
8.974108	432.000000
8.986608	432.000000
8.999108	432.000000
9.011608	432.000000
9.024108	432.000000
9.036608	432.000000
9.049105	448.000000
9.061605	448.000000
9.074105	448.000000
9.086605	448.000000
9.099105	448.000000
9.111605	448.000000
9.124105	448.000000
9.136606	448.000000
9.149106	448.000000
9.161606	432.000000
9.174106	448.000000
9.186606	448.000000
9.199106	448.000000
9.211606	448.000000
9.224106	448.000000
9.236606	448.000000
9.249106	448.000000
9.261606	448.000000
9.274107	448.000000
9.286607	448.000000
9.299107	448.000000
9.311607	432.000000
9.324107	448.000000
9.336607	432.000000
9.349107	432.000000
9.361607	448.000000
9.374107	432.000000
9.386607	448.000000
9.399108	432.000000
9.411608	432.000000
9.424108	432.000000
9.436608	448.000000
9.449108	448.000000
9.461608	432.000000
9.474108	448.000000
9.486608	432.000000
9.499108	432.000000
9.511608	448.000000
9.524108	448.000000
9.536605	448.000000
9.549105	448.000000
9.561605	448.000000
9.574105	448.000000
9.586605	448.000000
9.599105	448.000000
9.611605	432.000000
9.624106	448.000000
9.636606	448.000000
9.649106	448.000000
9.661606	432.000000
9.674106	432.000000
9.686606	448.000000
9.699106	448.000000
9.711606	448.000000
9.724106	448.000000
9.736606	432.000000
9.749107	432.000000
9.761607	448.000000
9.774107	448.000000
9.786607	448.000000
9.799107	432.000000
9.811607	448.000000
9.824107	448.000000
9.836607	448.000000
9.849107	448.000000
9.861607	432.000000
9.874107	448.000000
9.886608	432.000000
9.899108	448.000000
9.911608	448.000000
9.924108	448.000000
9.936608	448.000000
9.949108	432.000000
9.961608	448.000000
9.974108	448.000000
9.986608	448.000000
9.999105	448.000000
10.011605	432.000000
10.024105	432.000000
10.036605	432.000000
10.049105	432.000000
10.061605	432.000000
10.074105	432.000000
10.086605	432.000000
10.099106	448.000000
10.111606	448.000000
10.124106	448.000000
10.136606	448.000000
10.149106	448.000000
10.161606	448.000000
10.174106	448.000000
10.186606	448.000000
10.199106	448.000000
10.211606	448.000000
10.224107	448.000000
10.236607	448.000000
10.249107	432.000000
10.261607	448.000000
10.274107	448.000000
10.286607	448.000000
10.299107	432.000000
10.311607	432.000000
10.324107	448.000000
10.336607	448.000000
10.349107	448.000000
10.361608	448.000000
10.374108	448.000000
10.386608	432.000000
10.399108	448.000000
10.411608	448.000000
10.424108	448.000000
10.436608	448.000000
10.449108	448.000000
10.461608	432.000000
10.474108	432.000000
10.486609	432.000000
10.499105	432.000000
10.511605	432.000000
10.524105	432.000000
10.536605	432.000000
10.549105	432.000000
10.561605	432.000000
10.574106	448.000000
10.586606	448.000000
10.599106	448.000000
10.611606	448.000000
10.624106	448.000000
10.636606	432.000000
10.649106	448.000000
10.661606	448.000000
10.674106	448.000000
10.686606	432.000000
10.699106	432.000000
10.711607	448.000000
10.724107	448.000000
10.736607	432.000000
10.749107	448.000000
10.761607	448.000000
10.774107	432.000000
10.786607	432.000000
10.799107	448.000000
10.811607	448.000000
10.824107	448.000000
10.836608	448.000000
10.849108	448.000000
10.861608	448.000000
10.874108	448.000000
10.886608	448.000000
10.899108	448.000000
10.911608	448.000000
10.924108	448.000000
10.936608	448.000000
10.949108	448.000000
10.961605	432.000000
10.974105	432.000000
10.986605	432.000000
10.999105	432.000000
11.011605	432.000000
11.024105	432.000000
11.036605	432.000000
11.049106	432.000000
11.061606	448.000000
11.074106	448.000000
11.086606	448.000000
11.099106	448.000000
11.111606	448.000000
11.124106	432.000000
11.136606	448.000000
11.149106	432.000000
11.161606	432.000000
11.174106	448.000000
11.186607	448.000000
11.199107	448.000000
11.211607	448.000000
11.224107	448.000000
11.236607	448.000000
11.249107	448.000000
11.261607	432.000000
11.274107	448.000000
11.286607	448.000000
11.299107	448.000000
11.311608	448.000000
11.324108	448.000000
11.336608	448.000000
11.349108	448.000000
11.361608	432.000000
11.374108	432.000000
11.386608	432.000000
11.399108	432.000000
11.411608	432.000000
11.424108	432.000000
11.436608	448.000000
11.449105	432.000000
11.461605	432.000000
11.474105	432.000000
11.486605	432.000000
11.499105	448.000000
11.511605	448.000000
11.524106	448.000000
11.536606	432.000000
11.549106	432.000000
11.561606	448.000000
11.574106	448.000000
11.586606	448.000000
11.599106	448.000000
11.611606	448.000000
11.624106	448.000000
11.636606	448.000000
11.649106	432.000000
11.661607	432.000000
11.674107	432.000000
11.686607	448.000000
11.699107	448.000000
11.711607	448.000000
11.724107	448.000000
11.736607	432.000000
11.749107	448.000000
11.761607	448.000000
11.774107	448.000000
11.786608	448.000000
11.799108	448.000000
11.811608	448.000000
11.824108	432.000000
11.836608	448.000000
11.849108	432.000000
11.861608	448.000000
11.874108	448.000000
11.886608	448.000000
11.899108	448.000000
11.911605	448.000000
11.924105	448.000000
11.936605	448.000000
11.949105	448.000000
11.961605	448.000000
11.974105	448.000000
11.986605	432.000000
11.999105	432.000000
12.011606	432.000000
12.024106	432.000000
12.036606	432.000000
12.049106	432.000000
12.061606	448.000000
12.074106	432.000000
12.086606	448.000000
12.099106	448.000000
12.111606	448.000000
12.124106	448.000000
12.136607	448.000000
12.149107	448.000000
12.161607	448.000000
12.174107	448.000000
12.186607	448.000000
12.199107	448.000000
12.211607	432.000000
12.224107	448.000000
12.236607	448.000000
12.249107	448.000000
12.261607	448.000000
12.274108	448.000000
12.286608	448.000000
12.299108	448.000000
12.311608	448.000000
12.324108	448.000000
12.336608	448.000000
12.349108	448.000000
12.361608	448.000000
12.374108	448.000000
12.386608	448.000000
12.399109	448.000000
12.411605	448.000000
12.424105	432.000000
12.436605	432.000000
12.449105	432.000000
12.461605	432.000000
12.474105	432.000000
12.486606	432.000000
12.499106	448.000000
12.511606	448.000000
12.524106	448.000000
12.536606	448.000000
12.549106	432.000000
12.561606	432.000000
12.574106	432.000000
12.586606	432.000000
12.599106	448.000000
12.611607	432.000000
12.624107	432.000000
12.636607	432.000000
12.649107	448.000000
12.661607	448.000000
12.674107	448.000000
12.686607	448.000000
12.699107	448.000000
12.711607	448.000000
12.724107	448.000000
12.736607	448.000000
12.749108	448.000000
12.761608	448.000000
12.774108	432.000000
12.786608	432.000000
12.799108	432.000000
12.811608	432.000000
12.824108	432.000000
12.836608	432.000000
12.849108	432.000000
12.861608	448.000000
12.874105	432.000000
12.886605	448.000000
12.899105	448.000000
12.911605	448.000000
12.924105	448.000000
12.936605	448.000000
12.949105	448.000000
12.961606	448.000000
12.974106	448.000000
12.986606	448.000000
12.999106	432.000000
13.011606	448.000000
13.024106	432.000000
13.036606	448.000000
13.049106	448.000000
13.061606	448.000000
13.074106	448.000000
13.086606	432.000000
13.099107	448.000000
13.111607	432.000000
13.124107	432.000000
13.136607	432.000000
13.149107	448.000000
13.161607	448.000000
13.174107	448.000000
13.186607	448.000000
13.199107	448.000000
13.211607	448.000000
13.224108	448.000000
13.236608	448.000000
13.249108	432.000000
13.261608	448.000000
13.274108	448.000000
13.286608	448.000000
13.299108	432.000000
13.311608	432.000000
13.324108	432.000000
13.336608	432.000000
13.349108	432.000000
13.361605	448.000000
13.374105	448.000000
13.386605	432.000000
13.399105	448.000000
13.411605	448.000000
13.424105	448.000000
13.436606	448.000000
13.449106	432.000000
13.461606	432.000000
13.474106	448.000000
13.486606	448.000000
13.499106	432.000000
13.511606	432.000000
13.524106	448.000000
13.536606	432.000000
13.549106	448.000000
13.561606	432.000000
13.574107	448.000000
13.586607	432.000000
13.599107	448.000000
13.611607	448.000000
13.624107	448.000000
13.636607	448.000000
13.649107	448.000000
13.661607	448.000000
13.674107	448.000000
13.686607	448.000000
13.699108	432.000000
13.711608	432.000000
13.724108	432.000000
13.736608	448.000000
13.749108	432.000000
13.761608	448.000000
13.774108	448.000000
13.786608	448.000000
13.799108	448.000000
13.811608	448.000000
13.824105	448.000000
13.836605	448.000000
13.849105	448.000000
13.861605	432.000000
13.874105	432.000000
13.886605	432.000000
13.899105	432.000000
13.911605	448.000000
13.924106	432.000000
13.936606	448.000000
13.949106	448.000000
13.961606	448.000000
13.974106	448.000000
13.986606	448.000000
13.999106	448.000000
14.011606	432.000000
14.024106	448.000000
14.036606	448.000000
14.049107	448.000000
14.061607	432.000000
14.074107	432.000000
14.086607	448.000000
14.099107	448.000000
14.111607	448.000000
14.124107	432.000000
14.136607	448.000000
14.149107	448.000000
14.161607	448.000000
14.174107	448.000000
14.186608	448.000000
14.199108	448.000000
14.211608	448.000000
14.224108	448.000000
14.236608	448.000000
14.249108	432.000000
14.261608	432.000000
14.274108	432.000000
14.286608	448.000000
14.299108	432.000000
14.311609	432.000000
14.324105	432.000000
14.336605	432.000000
14.349105	448.000000
14.361605	448.000000
14.374105	432.000000
14.386605	432.000000
14.399106	432.000000
14.411606	432.000000
14.424106	448.000000
14.436606	448.000000
14.449106	448.000000
14.461606	432.000000
14.474106	448.000000
14.486606	448.000000
14.499106	448.000000
14.511606	448.000000
14.524107	432.000000
14.536607	448.000000
14.549107	448.000000
14.561607	448.000000
14.574107	448.000000
14.586607	448.000000
14.599107	448.000000
14.611607	448.000000
14.624107	432.000000
14.636607	448.000000
14.649107	448.000000
14.661608	432.000000
14.674108	432.000000
14.686608	432.000000
14.699108	448.000000
14.711608	432.000000
14.724108	432.000000
14.736608	432.000000
14.749108	432.000000
14.761608	448.000000
14.774108	448.000000
14.786605	448.000000
14.799105	432.000000
14.811605	448.000000
14.824105	432.000000
14.836605	432.000000
14.849105	432.000000
14.861605	432.000000
14.874106	432.000000
14.886606	432.000000
14.899106	432.000000
14.911606	432.000000
14.924106	432.000000
14.936606	448.000000
14.949106	448.000000
14.961606	448.000000
14.974106	432.000000
14.986606	432.000000
14.999106	448.000000
15.011607	448.000000
15.024107	448.000000
15.036607	448.000000
15.049107	448.000000
15.061607	448.000000
15.074107	448.000000
15.086607	448.000000
15.099107	448.000000
15.111607	448.000000
15.124107	448.000000
15.136608	448.000000
15.149108	448.000000
15.161608	432.000000
15.174108	432.000000
15.186608	432.000000
15.199108	432.000000
15.211608	432.000000
15.224108	448.000000
15.236608	448.000000
15.249108	448.000000
15.261608	448.000000
15.274105	448.000000
15.286605	448.000000
15.299105	448.000000
15.311605	432.000000
15.324105	432.000000
15.336605	432.000000
15.349106	448.000000
15.361606	448.000000
15.374106	448.000000
15.386606	448.000000
15.399106	432.000000
15.411606	432.000000
15.424106	432.000000
15.436606	432.000000
15.449106	432.000000
15.461606	432.000000
15.474106	448.000000
15.486607	448.000000
15.499107	432.000000
15.511607	432.000000
15.524107	432.000000
15.536607	432.000000
15.549107	448.000000
15.561607	432.000000
15.574107	432.000000
15.586607	448.000000
15.599107	448.000000
15.611608	448.000000
15.624108	448.000000
15.636608	448.000000
15.649108	448.000000
15.661608	448.000000
15.674108	448.000000
15.686608	448.000000
15.699108	448.000000
15.711608	448.000000
15.724108	448.000000
15.736605	448.000000
15.749105	448.000000
15.761605	448.000000
15.774105	432.000000
15.786605	432.000000
15.799105	432.000000
15.811605	432.000000
15.824106	448.000000
15.836606	448.000000
15.849106	448.000000
15.861606	432.000000
15.874106	448.000000
15.886606	432.000000
15.899106	448.000000
15.911606	448.000000
15.924106	432.000000
15.936606	448.000000
15.949106	432.000000
15.961607	448.000000
15.974107	448.000000
15.986607	448.000000
15.999107	448.000000
16.011607	448.000000
16.024107	448.000000
16.036607	432.000000
16.049107	432.000000
16.061607	432.000000
16.074107	448.000000
16.086608	448.000000
16.099108	432.000000
16.111608	432.000000
16.124108	432.000000
16.136608	432.000000
16.149108	448.000000
16.161608	432.000000
16.174108	448.000000
16.186608	432.000000
16.199108	448.000000
16.211608	448.000000
16.224105	448.000000
16.236605	448.000000
16.249105	448.000000
16.261605	448.000000
16.274105	448.000000
16.286605	448.000000
16.299105	432.000000
16.311606	432.000000
16.324106	432.000000
16.336606	432.000000
16.349106	448.000000
16.361606	432.000000
16.374106	448.000000
16.386606	448.000000
16.399106	448.000000
16.411606	448.000000
16.424106	448.000000
16.436607	448.000000
16.449107	448.000000
16.461607	448.000000
16.474107	448.000000
16.486607	448.000000
16.499107	448.000000
16.511607	448.000000
16.524107	448.000000
16.536607	448.000000
16.549107	448.000000
16.561607	432.000000
16.574108	432.000000
16.586608	432.000000
16.599108	432.000000
16.611608	432.000000
16.624108	432.000000
16.636608	432.000000
16.649108	432.000000
16.661608	432.000000
16.674108	432.000000
16.686608	432.000000
16.699105	448.000000
16.711605	448.000000
16.724105	448.000000
16.736605	448.000000
16.749105	448.000000
16.761605	448.000000
16.774105	448.000000
16.786606	448.000000
16.799106	448.000000
16.811606	448.000000
16.824106	448.000000
16.836606	464.000000
16.849106	480.000000
16.861606	496.000000
16.874106	496.000000
16.886606	512.000000
16.899106	512.000000
16.911607	512.000000
16.924107	528.000000
16.936607	528.000000
16.949107	528.000000
16.961607	512.000000
16.974107	512.000000
16.986607	512.000000
16.999107	496.000000
17.011607	496.000000
17.024107	496.000000
17.036607	480.000000
17.049108	480.000000
17.061608	480.000000
17.074108	464.000000
17.086608	464.000000
17.099108	464.000000
17.111608	464.000000
17.124108	464.000000
17.136608	448.000000
17.149108	448.000000
17.161608	448.000000
17.174109	448.000000
17.186605	448.000000
17.199105	448.000000
17.211605	448.000000
17.224105	448.000000
17.236605	448.000000
17.249105	448.000000
17.261606	448.000000
17.274106	448.000000
17.286606	448.000000
17.299106	448.000000
17.311606	448.000000
17.324106	448.000000
17.336606	448.000000
17.349106	448.000000
17.361606	448.000000
17.374106	448.000000
17.386606	448.000000
17.399107	448.000000
17.411607	448.000000
17.424107	448.000000
17.436607	448.000000
17.449107	448.000000
17.461607	448.000000
17.474107	448.000000
17.486607	448.000000
17.499107	448.000000
17.511607	448.000000
17.524108	448.000000
17.536608	448.000000
17.549108	448.000000
17.561608	448.000000
17.574108	448.000000
17.586608	448.000000
17.599108	448.000000
17.611608	432.000000
17.624108	448.000000
17.636608	448.000000
17.649105	448.000000
17.661605	448.000000
17.674105	432.000000
17.686605	448.000000
17.699105	448.000000
17.711605	448.000000
17.724105	464.000000
17.736606	480.000000
17.749106	496.000000
17.761606	528.000000
17.774106	544.000000
17.786606	560.000000
17.799106	560.000000
17.811606	576.000000
17.824106	592.000000
17.836606	592.000000
17.849106	576.000000
17.861606	576.000000
17.874107	560.000000
17.886607	560.000000
17.899107	544.000000
17.911607	528.000000
17.924107	528.000000
17.936607	512.000000
17.949107	512.000000
17.961607	496.000000
17.974107	496.000000
17.986607	480.000000
17.999108	480.000000
18.011608	480.000000
18.024108	480.000000
18.036608	464.000000
18.049108	464.000000
18.061608	464.000000
18.074108	464.000000
18.086608	464.000000
18.099108	464.000000
18.111608	464.000000
18.124108	448.000000
18.136605	464.000000
18.149105	464.000000
18.161605	464.000000
18.174105	448.000000
18.186605	448.000000
18.199105	448.000000
18.211605	448.000000
18.224106	448.000000
18.236606	448.000000
18.249106	448.000000
18.261606	448.000000
18.274106	448.000000
18.286606	448.000000
18.299106	448.000000
18.311606	448.000000
18.324106	448.000000
18.336606	448.000000
18.349107	448.000000
18.361607	448.000000
18.374107	448.000000
18.386607	448.000000
18.399107	448.000000
18.411607	448.000000
18.424107	448.000000
18.436607	448.000000
18.449107	448.000000
18.461607	448.000000
18.474107	448.000000
18.486608	448.000000
18.499108	448.000000
18.511608	448.000000
18.524108	448.000000
18.536608	448.000000
18.549108	448.000000
18.561608	448.000000
18.574108	448.000000
18.586608	448.000000
18.599105	448.000000
18.611605	432.000000
18.624105	448.000000
18.636605	448.000000
18.649105	448.000000
18.661605	448.000000
18.674105	448.000000
18.686605	448.000000
18.699106	432.000000
18.711606	432.000000
18.724106	448.000000
18.736606	448.000000
18.749106	432.000000
18.761606	448.000000
18.774106	448.000000
18.786606	432.000000
18.799106	432.000000
18.811606	448.000000
18.824107	448.000000
18.836607	448.000000
18.849107	432.000000
18.861607	432.000000
18.874107	432.000000
18.886607	448.000000
18.899107	432.000000
18.911607	432.000000
18.924107	432.000000
18.936607	432.000000
18.949107	432.000000
18.961608	448.000000
18.974108	448.000000
18.986608	432.000000
18.999108	448.000000
19.011608	448.000000
19.024108	448.000000
19.036608	432.000000
19.049108	432.000000
19.061608	448.000000
19.074108	448.000000
19.086609	432.000000
19.099105	432.000000
19.111605	432.000000
19.124105	432.000000
19.136605	448.000000
19.149105	432.000000
19.161605	432.000000
19.174106	432.000000
19.186606	432.000000
19.199106	448.000000
19.211606	448.000000
19.224106	448.000000
19.236606	448.000000
19.249106	448.000000
19.261606	448.000000
19.274106	448.000000
19.286606	432.000000
19.299106	432.000000
19.311607	432.000000
19.324107	448.000000
19.336607	448.000000
19.349107	448.000000
19.361607	464.000000
19.374107	480.000000
19.386607	496.000000
19.399107	496.000000
19.411607	496.000000
19.424107	512.000000
19.436608	512.000000
19.449108	512.000000
19.461608	512.000000
19.474108	512.000000
19.486608	496.000000
19.499108	496.000000
19.511608	496.000000
19.524108	496.000000
19.536608	480.000000
19.549108	480.000000
19.561605	480.000000
19.574105	480.000000
19.586605	480.000000
19.599105	464.000000
19.611605	464.000000
19.624105	480.000000
19.636605	496.000000
19.649106	512.000000
19.661606	528.000000
19.674106	544.000000
19.686606	560.000000
19.699106	576.000000
19.711606	576.000000
19.724106	592.000000
19.736606	592.000000
19.749106	592.000000
19.761606	592.000000
19.774106	576.000000
19.786607	576.000000
19.799107	560.000000
19.811607	560.000000
19.824107	544.000000
19.836607	528.000000
19.849107	528.000000
19.861607	512.000000
19.874107	512.000000
19.886607	496.000000
19.899107	496.000000
19.911608	480.000000
19.924108	480.000000
19.936608	480.000000
19.949108	480.000000
19.961608	464.000000
19.974108	464.000000
19.986608	464.000000
19.999108	464.000000
20.011608	464.000000
20.024108	464.000000
20.036608	464.000000
20.049105	448.000000
20.061605	448.000000
20.074105	448.000000
20.086605	448.000000
20.099105	448.000000
20.111605	448.000000
20.124106	448.000000
20.136606	448.000000
20.149106	448.000000
20.161606	448.000000
20.174106	448.000000
20.186606	448.000000
20.199106	448.000000
20.211606	448.000000
20.224106	448.000000
20.236606	448.000000
20.249106	464.000000
20.261607	480.000000
20.274107	480.000000
20.286607	496.000000
20.299107	496.000000
20.311607	512.000000
20.324107	512.000000
20.336607	512.000000
20.349107	528.000000
20.361607	528.000000
20.374107	528.000000
20.386608	512.000000
20.399108	512.000000
20.411608	512.000000
20.424108	496.000000
20.436608	496.000000
20.449108	480.000000
20.461608	480.000000
20.474108	480.000000
20.486608	464.000000
20.499108	464.000000
20.511605	464.000000
20.524105	464.000000
20.536605	464.000000
20.549105	464.000000
20.561605	464.000000
20.574105	448.000000
20.586605	464.000000
20.599105	448.000000
20.611606	448.000000
20.624106	448.000000
20.636606	448.000000
20.649106	448.000000
20.661606	448.000000
20.674106	448.000000
20.686606	448.000000
20.699106	448.000000
20.711606	448.000000
20.724106	448.000000
20.736607	448.000000
20.749107	448.000000
20.761607	448.000000
20.774107	448.000000
20.786607	448.000000
20.799107	448.000000
20.811607	448.000000
20.824107	448.000000
20.836607	448.000000
20.849107	448.000000
20.861607	448.000000
20.874108	448.000000
20.886608	448.000000
20.899108	448.000000
20.911608	448.000000
20.924108	448.000000
20.936608	464.000000
20.949108	496.000000
20.961608	544.000000
20.974108	608.000000
20.986608	656.000000
20.999109	704.000000
21.011605	736.000000
21.024105	768.000000
21.036605	768.000000
21.049105	784.000000
21.061605	768.000000
21.074105	768.000000
21.086606	752.000000
21.099106	720.000000
21.111606	704.000000
21.124106	672.000000
21.136606	640.000000
21.149106	624.000000
21.161606	592.000000
21.174106	576.000000
21.186606	560.000000
21.199106	544.000000
21.211607	528.000000
21.224107	528.000000
21.236607	512.000000
21.249107	512.000000
21.261607	512.000000
21.274107	496.000000
21.286607	496.000000
21.299107	496.000000
21.311607	480.000000
21.324107	480.000000
21.336607	480.000000
21.349108	480.000000
21.361608	480.000000
21.374108	464.000000
21.386608	480.000000
21.399108	480.000000
21.411608	480.000000
21.424108	480.000000
21.436608	496.000000
21.449108	512.000000
21.461608	512.000000
21.474105	528.000000
21.486605	544.000000
21.499105	544.000000
21.511605	560.000000
21.524105	560.000000
21.536605	560.000000
21.549105	560.000000
21.561606	544.000000
21.574106	544.000000
21.586606	544.000000
21.599106	528.000000
21.611606	528.000000
21.624106	512.000000
21.636606	512.000000
21.649106	496.000000
21.661606	496.000000
21.674106	480.000000
21.686606	480.000000
21.699107	480.000000
21.711607	480.000000
21.724107	464.000000
21.736607	464.000000
21.749107	464.000000
21.761607	464.000000
21.774107	464.000000
21.786607	448.000000
21.799107	448.000000
21.811607	448.000000
21.824108	448.000000
21.836608	448.000000
21.849108	448.000000
21.861608	448.000000
21.874108	448.000000
21.886608	448.000000
21.899108	448.000000
21.911608	448.000000
21.924108	448.000000
21.936608	448.000000
21.949108	448.000000
21.961605	448.000000
21.974105	448.000000
21.986605	448.000000
21.999105	448.000000
22.011605	448.000000
22.024105	448.000000
22.036606	448.000000
22.049106	448.000000
22.061606	448.000000
22.074106	448.000000
22.086606	448.000000
22.099106	448.000000
22.111606	432.000000
22.124106	448.000000
22.136606	432.000000
22.149106	448.000000
22.161606	448.000000
22.174107	448.000000
22.186607	448.000000
22.199107	432.000000
22.211607	448.000000
22.224107	448.000000
22.236607	448.000000
22.249107	448.000000
22.261607	432.000000
22.274107	448.000000
22.286607	432.000000
22.299108	432.000000
22.311608	432.000000
22.324108	432.000000
22.336608	448.000000
22.349108	432.000000
22.361608	448.000000
22.374108	432.000000
22.386608	432.000000
22.399108	448.000000
22.411608	448.000000
22.424105	448.000000
22.436605	448.000000
22.449105	448.000000
22.461605	448.000000
22.474105	448.000000
22.486605	432.000000
22.499105	448.000000
22.511605	448.000000
22.524106	448.000000
22.536606	448.000000
22.549106	448.000000
22.561606	448.000000
22.574106	448.000000
22.586606	448.000000
22.599106	448.000000
22.611606	448.000000
22.624106	448.000000
22.636606	448.000000
22.649107	448.000000
22.661607	432.000000
22.674107	448.000000
22.686607	448.000000
22.699107	432.000000
22.711607	432.000000
22.724107	432.000000
22.736607	432.000000
22.749107	432.000000
22.761607	432.000000
22.774107	448.000000
22.786608	448.000000
22.799108	448.000000
22.811608	448.000000
22.824108	432.000000
22.836608	448.000000
22.849108	464.000000
22.861608	512.000000
22.874108	592.000000
22.886608	704.000000
22.899108	816.000000
22.911609	928.000000
22.924105	1008.000000
22.936605	1088.000000
22.949105	1152.000000
22.961605	1184.000000
22.974105	1200.000000
22.986605	1200.000000
22.999106	1200.000000
23.011606	1168.000000
23.024106	1136.000000
23.036606	1088.000000
23.049106	1024.000000
23.061606	976.000000
23.074106	944.000000
23.086606	896.000000
23.099106	848.000000
23.111606	800.000000
23.124107	768.000000
23.136607	752.000000
23.149107	704.000000
23.161607	688.000000
23.174107	656.000000
23.186607	640.000000
23.199107	624.000000
23.211607	624.000000
23.224107	608.000000
23.236607	592.000000
23.249107	592.000000
23.261608	576.000000
23.274108	560.000000
23.286608	560.000000
23.299108	544.000000
23.311608	544.000000
23.324108	528.000000
23.336608	528.000000
23.349108	512.000000
23.361608	512.000000
23.374108	512.000000
23.386605	496.000000
23.399105	496.000000
23.411605	496.000000
23.424105	480.000000
23.436605	480.000000
23.449105	480.000000
23.461605	480.000000
23.474106	464.000000
23.486606	464.000000
23.499106	464.000000
23.511606	464.000000
23.524106	464.000000
23.536606	448.000000
23.549106	448.000000
23.561606	448.000000
23.574106	448.000000
23.586606	448.000000
23.599106	448.000000
23.611607	448.000000
23.624107	448.000000
23.636607	448.000000
23.649107	448.000000
23.661607	448.000000
23.674107	448.000000
23.686607	448.000000
23.699107	448.000000
23.711607	448.000000
23.724107	448.000000
23.736608	448.000000
23.749108	448.000000
23.761608	448.000000
23.774108	464.000000
23.786608	448.000000
23.799108	448.000000
23.811608	464.000000
23.824108	464.000000
23.836608	464.000000
23.849108	448.000000
23.861608	448.000000
23.874105	448.000000
23.886605	448.000000
23.899105	448.000000
23.911605	448.000000
23.924105	448.000000
23.936605	448.000000
23.949106	448.000000
23.961606	448.000000
23.974106	448.000000
23.986606	448.000000
23.999106	448.000000
24.011606	432.000000
24.024106	432.000000
24.036606	448.000000
24.049106	448.000000
24.061606	448.000000
24.074106	448.000000
24.086607	448.000000
24.099107	448.000000
24.111607	448.000000
24.124107	448.000000
24.136607	448.000000
24.149107	448.000000
24.161607	448.000000
24.174107	448.000000
24.186607	432.000000
24.199107	432.000000
24.211608	432.000000
24.224108	432.000000
24.236608	432.000000
24.249108	432.000000
24.261608	448.000000
24.274108	432.000000
24.286608	432.000000
24.299108	448.000000
24.311608	448.000000
24.324108	448.000000
24.336605	448.000000
24.349105	448.000000
24.361605	448.000000
24.374105	448.000000
24.386605	448.000000
24.399105	448.000000
24.411605	448.000000
24.424106	432.000000
24.436606	432.000000
24.449106	432.000000
24.461606	432.000000
24.474106	432.000000
24.486606	432.000000
24.499106	432.000000
24.511606	432.000000
24.524106	432.000000
24.536606	432.000000
24.549106	432.000000
24.561607	448.000000
24.574107	448.000000
24.586607	448.000000
24.599107	448.000000
24.611607	448.000000
24.624107	448.000000
24.636607	448.000000
24.649107	448.000000
24.661607	448.000000
24.674107	448.000000
24.686608	432.000000
24.699108	432.000000
24.711608	432.000000
24.724108	432.000000
24.736608	448.000000
24.749108	432.000000
24.761608	448.000000
24.774108	448.000000
24.786608	448.000000
24.799108	448.000000
24.811608	432.000000
24.824105	432.000000
24.836605	432.000000
24.849105	432.000000
24.861605	432.000000
24.874105	432.000000
24.886605	448.000000
24.899105	448.000000
24.911606	432.000000
24.924106	432.000000
24.936606	432.000000
24.949106	448.000000
24.961606	448.000000
24.974106	432.000000
24.986606	432.000000
24.999106	432.000000
25.011606	448.000000
25.024106	432.000000
25.036607	432.000000
25.049107	432.000000
25.061607	432.000000
25.074107	448.000000
25.086607	448.000000
25.099107	448.000000
25.111607	432.000000
25.124107	448.000000
25.136607	448.000000
25.149107	432.000000
25.161607	448.000000
25.174108	448.000000
25.186608	448.000000
25.199108	448.000000
25.211608	448.000000
25.224108	448.000000
25.236608	432.000000
25.249108	448.000000
25.261608	432.000000
25.274108	432.000000
25.286608	432.000000
25.299105	432.000000
25.311605	448.000000
25.324105	432.000000
25.336605	448.000000
25.349105	432.000000
25.361605	432.000000
25.374105	432.000000
25.386606	448.000000
25.399106	448.000000
25.411606	432.000000
25.424106	432.000000
25.436606	432.000000
25.449106	448.000000
25.461606	432.000000
25.474106	432.000000
25.486606	432.000000
25.499106	448.000000
25.511607	448.000000
25.524107	448.000000
25.536607	432.000000
25.549107	448.000000
25.561607	448.000000
25.574107	448.000000
25.586607	448.000000
25.599107	448.000000
25.611607	448.000000
25.624107	448.000000
25.636607	448.000000
25.649108	432.000000
25.661608	432.000000
25.674108	448.000000
25.686608	448.000000
25.699108	448.000000
25.711608	432.000000
25.724108	432.000000
25.736608	432.000000
25.749108	432.000000
25.761608	432.000000
25.774109	432.000000
25.786605	432.000000
25.799105	432.000000
25.811605	448.000000
25.824105	448.000000
25.836605	448.000000
25.849105	448.000000
25.861606	432.000000
25.874106	448.000000
25.886606	432.000000
25.899106	432.000000
25.911606	432.000000
25.924106	432.000000
25.936606	448.000000
25.949106	432.000000
25.961606	448.000000
25.974106	448.000000
25.986606	448.000000
25.999107	448.000000
26.011607	448.000000
26.024107	448.000000
26.036607	432.000000
26.049107	432.000000
26.061607	432.000000
26.074107	432.000000
26.086607	432.000000
26.099107	432.000000
26.111607	448.000000
26.124108	432.000000
26.136608	432.000000
26.149108	432.000000
26.161608	432.000000
26.174108	448.000000
26.186608	448.000000
26.199108	448.000000
26.211608	448.000000
26.224108	448.000000
26.236608	448.000000
26.249105	448.000000
26.261605	448.000000
26.274105	432.000000
26.286605	448.000000
26.299105	448.000000
26.311605	448.000000
26.324105	432.000000
26.336606	432.000000
26.349106	448.000000
26.361606	432.000000
26.374106	432.000000
26.386606	432.000000
26.399106	432.000000
26.411606	432.000000
26.424106	448.000000
26.436606	448.000000
26.449106	432.000000
26.461606	432.000000
26.474107	432.000000
26.486607	432.000000
26.499107	448.000000
26.511607	448.000000
26.524107	448.000000
26.536607	432.000000
26.549107	432.000000
26.561607	432.000000
26.574107	432.000000
26.586607	432.000000
26.599108	432.000000
26.611608	432.000000
26.624108	432.000000
26.636608	448.000000
26.649108	448.000000
26.661608	448.000000
26.674108	432.000000
26.686608	432.000000
26.699108	448.000000
26.711608	448.000000
26.724108	448.000000
26.736605	432.000000
26.749105	448.000000
26.761605	448.000000
26.774105	432.000000
26.786605	432.000000
26.799105	432.000000
26.811605	448.000000
26.824106	448.000000
26.836606	448.000000
26.849106	448.000000
26.861606	448.000000
26.874106	448.000000
26.886606	432.000000
26.899106	432.000000
26.911606	432.000000
26.924106	432.000000
26.936606	432.000000
26.949107	432.000000
26.961607	432.000000
26.974107	432.000000
26.986607	432.000000
26.999107	432.000000
27.011607	432.000000
27.024107	432.000000
27.036607	432.000000
27.049107	432.000000
27.061607	432.000000
27.074107	432.000000
27.086608	432.000000
27.099108	432.000000
27.111608	432.000000
27.124108	448.000000
27.136608	432.000000
27.149108	432.000000
27.161608	432.000000
27.174108	432.000000
27.186608	432.000000
27.199105	432.000000
27.211605	432.000000
27.224105	432.000000
27.236605	432.000000
27.249105	432.000000
27.261605	432.000000
27.274105	448.000000
27.286605	448.000000
27.299106	448.000000
27.311606	432.000000
27.324106	432.000000
27.336606	432.000000
27.349106	432.000000
27.361606	432.000000
27.374106	448.000000
27.386606	448.000000
27.399106	432.000000
27.411606	432.000000
27.424107	432.000000
27.436607	432.000000
27.449107	432.000000
27.461607	432.000000
27.474107	432.000000
27.486607	432.000000
27.499107	432.000000
27.511607	432.000000
27.524107	432.000000
27.536607	432.000000
27.549107	448.000000
27.561608	432.000000
27.574108	432.000000
27.586608	448.000000
27.599108	448.000000
27.611608	432.000000
27.624108	448.000000
27.636608	448.000000
27.649108	448.000000
27.661608	448.000000
27.674108	432.000000
27.686609	432.000000
27.699105	432.000000
27.711605	432.000000
27.724105	432.000000
27.736605	432.000000
27.749105	432.000000
27.761605	432.000000
27.774106	432.000000
27.786606	432.000000
27.799106	432.000000
27.811606	432.000000
27.824106	432.000000
27.836606	432.000000
27.849106	432.000000
27.861606	432.000000
27.874106	432.000000
27.886606	432.000000
27.899106	432.000000
27.911607	432.000000
27.924107	432.000000
27.936607	448.000000
27.949107	432.000000
27.961607	432.000000
27.974107	432.000000
27.986607	432.000000
27.999107	448.000000
28.011607	448.000000
28.024107	432.000000
28.036608	432.000000
28.049108	432.000000
28.061608	432.000000
28.074108	432.000000
28.086608	432.000000
28.099108	432.000000
28.111608	432.000000
28.124108	432.000000
28.136608	432.000000
28.149108	432.000000
28.161605	432.000000
28.174105	432.000000
28.186605	432.000000
28.199105	448.000000
28.211605	448.000000
28.224105	432.000000
28.236605	432.000000
28.249106	432.000000
28.261606	432.000000
28.274106	432.000000
28.286606	432.000000
28.299106	432.000000
28.311606	432.000000
28.324106	432.000000
28.336606	432.000000
28.349106	448.000000
28.361606	448.000000
28.374106	448.000000
28.386607	432.000000
28.399107	432.000000
28.411607	432.000000
28.424107	432.000000
28.436607	432.000000
28.449107	432.000000
28.461607	432.000000
28.474107	432.000000
28.486607	432.000000
28.499107	448.000000
28.511608	432.000000
28.524108	432.000000
28.536608	432.000000
28.549108	432.000000
28.561608	432.000000
28.574108	432.000000
28.586608	448.000000
28.599108	432.000000
28.611608	432.000000
28.624108	432.000000
28.636608	448.000000
28.649105	448.000000
28.661605	432.000000
28.674105	448.000000
28.686605	432.000000
28.699105	432.000000
28.711605	432.000000
28.724106	432.000000
28.736606	432.000000
28.749106	432.000000
28.761606	432.000000
28.774106	432.000000
28.786606	432.000000
28.799106	432.000000
28.811606	432.000000
28.824106	432.000000
28.836606	432.000000
28.849106	432.000000
28.861607	432.000000
28.874107	432.000000
28.886607	448.000000
28.899107	432.000000
28.911607	432.000000
28.924107	432.000000
28.936607	432.000000
28.949107	448.000000
28.961607	432.000000
28.974107	432.000000
28.986608	432.000000
28.999108	432.000000
29.011608	432.000000
29.024108	432.000000
29.036608	432.000000
29.049108	432.000000
29.061608	432.000000
29.074108	432.000000
29.086608	432.000000
29.099108	432.000000
29.111605	432.000000
29.124105	432.000000
29.136605	448.000000
29.149105	432.000000
29.161605	432.000000
29.174105	432.000000
29.186605	432.000000
29.199105	448.000000
29.211606	432.000000
29.224106	448.000000
29.236606	432.000000
29.249106	432.000000
29.261606	448.000000
29.274106	432.000000
29.286606	432.000000
29.299106	432.000000
29.311606	432.000000
29.324106	432.000000
29.336607	432.000000
29.349107	432.000000
29.361607	432.000000
29.374107	432.000000
29.386607	432.000000
29.399107	432.000000
29.411607	432.000000
29.424107	432.000000
29.436607	432.000000
29.449107	448.000000
29.461607	448.000000
29.474108	448.000000
29.486608	432.000000
29.499108	448.000000
29.511608	448.000000
29.524108	448.000000
29.536608	448.000000
29.549108	448.000000
29.561608	448.000000
29.574108	432.000000
29.586608	448.000000
29.599109	432.000000
29.611605	432.000000
29.624105	432.000000
29.636605	432.000000
29.649105	432.000000
29.661605	432.000000
29.674105	432.000000
29.686606	432.000000
29.699106	432.000000
29.711606	432.000000
29.724106	432.000000
29.736606	432.000000
29.749106	448.000000
29.761606	448.000000
29.774106	432.000000
29.786606	448.000000
29.799106	448.000000
29.811607	448.000000
29.824107	448.000000
29.836607	432.000000
29.849107	448.000000
29.861607	432.000000
29.874107	432.000000
29.886607	432.000000
29.899107	432.000000
29.911607	432.000000
29.924107	432.000000
29.936607	432.000000
29.949108	432.000000
29.961608	432.000000
29.974108	432.000000
29.986608	448.000000
29.999108	448.000000
30.011608	448.000000
30.024108	448.000000
30.036608	448.000000
30.049108	448.000000
30.061608	448.000000
30.074105	432.000000
30.086605	432.000000
30.099105	432.000000
30.111605	432.000000
30.124105	432.000000
30.136605	432.000000
30.149105	432.000000
30.161606	432.000000
30.174106	432.000000
30.186606	432.000000
30.199106	432.000000
30.211606	432.000000
30.224106	432.000000
30.236606	432.000000
30.249106	448.000000
30.261606	448.000000
30.274106	432.000000
30.286606	432.000000
30.299107	432.000000
30.311607	432.000000
30.324107	432.000000
30.336607	448.000000
30.349107	448.000000
30.361607	432.000000
30.374107	432.000000
30.386607	432.000000
30.399107	432.000000
30.411607	432.000000
30.424108	432.000000
30.436608	448.000000
30.449108	432.000000
30.461608	448.000000
30.474108	432.000000
30.486608	432.000000
30.499108	448.000000
30.511608	432.000000
30.524108	432.000000
30.536608	432.000000
30.549108	448.000000
30.561605	432.000000
30.574105	432.000000
30.586605	432.000000
30.599105	432.000000
30.611605	432.000000
30.624105	432.000000
30.636606	448.000000
30.649106	432.000000
30.661606	432.000000
30.674106	432.000000
30.686606	448.000000
30.699106	432.000000
30.711606	432.000000
30.724106	432.000000
30.736606	432.000000
30.749106	448.000000
30.761606	448.000000
30.774107	448.000000
30.786607	432.000000
30.799107	432.000000
30.811607	432.000000
30.824107	432.000000
30.836607	432.000000
30.849107	432.000000
30.861607	432.000000
30.874107	432.000000
30.886607	448.000000
30.899108	432.000000
30.911608	432.000000
30.924108	432.000000
30.936608	432.000000
30.949108	432.000000
30.961608	432.000000
30.974108	432.000000
30.986608	432.000000
30.999108	432.000000
31.011608	432.000000
31.024105	432.000000
31.036605	432.000000
31.049105	432.000000
31.061605	432.000000
31.074105	432.000000
31.086605	432.000000
31.099105	432.000000
31.111605	432.000000
31.124106	432.000000
31.136606	432.000000
31.149106	432.000000
31.161606	448.000000
31.174106	448.000000
31.186606	432.000000
31.199106	432.000000
31.211606	432.000000
31.224106	432.000000
31.236606	432.000000
31.249107	432.000000
31.261607	432.000000
31.274107	432.000000
31.286607	432.000000
31.299107	432.000000
31.311607	432.000000
31.324107	448.000000
31.336607	448.000000
31.349107	432.000000
31.361607	432.000000
31.374107	448.000000
31.386608	432.000000
31.399108	432.000000
31.411608	432.000000
31.424108	432.000000
31.436608	432.000000
31.449108	432.000000
31.461608	448.000000
31.474108	432.000000
31.486608	432.000000
31.499108	432.000000
31.511609	432.000000
31.524105	432.000000
31.536605	432.000000
31.549105	448.000000
31.561605	432.000000
31.574105	432.000000
31.586605	432.000000
31.599106	448.000000
31.611606	448.000000
31.624106	432.000000
31.636606	432.000000
31.649106	432.000000
31.661606	432.000000
31.674106	432.000000
31.686606	432.000000
31.699106	432.000000
31.711606	432.000000
31.724107	432.000000
31.736607	432.000000
31.749107	432.000000
31.761607	432.000000
31.774107	432.000000
31.786607	432.000000
31.799107	432.000000
31.811607	432.000000
31.824107	432.000000
31.836607	432.000000
31.849107	432.000000
31.861608	432.000000
31.874108	432.000000
31.886608	448.000000
31.899108	432.000000
31.911608	432.000000
31.924108	432.000000
31.936608	432.000000
31.949108	432.000000
31.961608	448.000000
31.974108	432.000000
31.986605	432.000000
31.999105	432.000000
32.011605	432.000000
32.024105	432.000000
32.036605	432.000000
32.049105	432.000000
32.061605	432.000000
32.074106	432.000000
32.086606	432.000000
32.099106	432.000000
32.111606	432.000000
32.124106	432.000000
32.136606	432.000000
32.149106	432.000000
32.161606	432.000000
32.174106	432.000000
32.186606	432.000000
32.199106	432.000000
32.211607	448.000000
32.224107	448.000000
32.236607	432.000000
32.249107	432.000000
32.261607	432.000000
32.274107	432.000000
32.286607	432.000000
32.299107	432.000000
32.311607	432.000000
32.324107	432.000000
32.336608	432.000000
32.349108	432.000000
32.361608	432.000000
32.374108	432.000000
32.386608	432.000000
32.399108	432.000000
32.411608	432.000000
32.424108	448.000000
32.436608	448.000000
32.449108	432.000000
32.461608	432.000000
32.474105	448.000000
32.486605	432.000000
32.499105	432.000000
32.511605	432.000000
32.524105	432.000000
32.536605	432.000000
32.549106	432.000000
32.561606	432.000000
32.574106	432.000000
32.586606	432.000000
32.599106	432.000000
32.611606	432.000000
32.624106	432.000000
32.636606	432.000000
32.649106	432.000000
32.661606	432.000000
32.674106	432.000000
32.686607	432.000000
32.699107	448.000000
32.711607	432.000000
32.724107	432.000000
32.736607	432.000000
32.749107	448.000000
32.761607	448.000000
32.774107	448.000000
32.786607	448.000000
32.799107	432.000000
32.811608	432.000000
32.824108	432.000000
32.836608	432.000000
32.849108	432.000000
32.861608	432.000000
32.874108	448.000000
32.886608	432.000000
32.899108	432.000000
32.911608	432.000000
32.924108	432.000000
32.936605	432.000000
32.949105	432.000000
32.961605	432.000000
32.974105	432.000000
32.986605	432.000000
32.999105	432.000000
33.011605	432.000000
33.024106	432.000000
33.036606	432.000000
33.049106	432.000000
33.061606	432.000000
33.074106	432.000000
33.086606	432.000000
33.099106	448.000000
33.111606	448.000000
33.124106	448.000000
33.136606	432.000000
33.149106	432.000000
33.161607	448.000000
33.174107	432.000000
33.186607	432.000000
33.199107	432.000000
33.211607	448.000000
33.224107	448.000000
33.236607	432.000000
33.249107	432.000000
33.261607	432.000000
33.274107	432.000000
33.286608	432.000000
33.299108	432.000000
33.311608	432.000000
33.324108	432.000000
33.336608	432.000000
33.349108	432.000000
33.361608	432.000000
33.374108	432.000000
33.386608	432.000000
33.399108	432.000000
33.411608	432.000000
33.424105	432.000000
33.436605	432.000000
33.449105	448.000000
33.461605	448.000000
33.474105	432.000000
33.486605	432.000000
33.499105	448.000000
33.511606	448.000000
33.524106	432.000000
33.536606	432.000000
33.549106	432.000000
33.561606	432.000000
33.574106	432.000000
33.586606	432.000000
33.599106	432.000000
33.611606	432.000000
33.624106	432.000000
33.636607	432.000000
33.649107	432.000000
33.661607	448.000000
33.674107	448.000000
33.686607	432.000000
33.699107	432.000000
33.711607	432.000000
33.724107	432.000000
33.736607	432.000000
33.749107	432.000000
33.761607	432.000000
33.774108	432.000000
33.786608	432.000000
33.799108	432.000000
33.811608	432.000000
33.824108	432.000000
33.836608	432.000000
33.849108	432.000000
33.861608	432.000000
33.874108	432.000000
33.886605	448.000000
33.899105	448.000000
33.911605	448.000000
33.924105	432.000000
33.936605	432.000000
33.949105	432.000000
33.961605	432.000000
33.974105	432.000000
33.986606	432.000000
33.999106	448.000000
34.011606	432.000000
34.024106	448.000000
34.036606	448.000000
34.049106	432.000000
34.061606	432.000000
34.074106	432.000000
34.086606	432.000000
34.099106	448.000000
34.111607	432.000000
34.124107	432.000000
34.136607	432.000000
34.149107	432.000000
34.161607	432.000000
34.174107	432.000000
34.186607	432.000000
34.199107	432.000000
34.211607	432.000000
34.224107	432.000000
34.236607	432.000000
34.249108	432.000000
34.261608	432.000000
34.274108	432.000000
34.286608	432.000000
34.299108	432.000000
34.311608	432.000000
34.324108	432.000000
34.336608	432.000000
34.349108	432.000000
34.361608	432.000000
34.374109	432.000000
34.386605	432.000000
34.399105	432.000000
34.411605	432.000000
34.424105	432.000000
34.436605	432.000000
34.449105	432.000000
34.461606	432.000000
34.474106	432.000000
34.486606	432.000000
34.499106	432.000000
34.511606	432.000000
34.524106	448.000000
34.536606	432.000000
34.549106	432.000000
34.561606	432.000000
34.574106	432.000000
34.586606	432.000000
34.599107	432.000000
34.611607	432.000000
34.624107	432.000000
34.636607	432.000000
34.649107	432.000000
34.661607	432.000000
34.674107	432.000000
34.686607	432.000000
34.699107	432.000000
34.711607	432.000000
34.724108	432.000000
34.736608	432.000000
34.749108	432.000000
34.761608	432.000000
34.774108	432.000000
34.786608	432.000000
34.799108	448.000000
34.811608	432.000000
34.824108	448.000000
34.836608	432.000000
34.849105	448.000000
34.861605	432.000000
34.874105	432.000000
34.886605	432.000000
34.899105	432.000000
34.911605	448.000000
34.924105	432.000000
34.936606	448.000000
34.949106	432.000000
34.961606	432.000000
34.974106	432.000000
34.986606	432.000000
34.999106	432.000000
35.011606	432.000000
35.024106	432.000000
35.036606	448.000000
35.049106	448.000000
35.061606	432.000000
35.074107	432.000000
35.086607	432.000000
35.099107	432.000000
35.111607	432.000000
35.124107	432.000000
35.136607	432.000000
35.149107	432.000000
35.161607	432.000000
35.174107	432.000000
35.186607	432.000000
35.199108	432.000000
35.211608	432.000000
35.224108	432.000000
35.236608	432.000000
35.249108	432.000000
35.261608	432.000000
35.274108	432.000000
35.286608	432.000000
35.299108	432.000000
35.311608	432.000000
35.324108	432.000000
35.336605	432.000000
35.349105	432.000000
35.361605	432.000000
35.374105	432.000000
35.386605	432.000000
35.399105	432.000000
35.411605	432.000000
35.424106	432.000000
35.436606	432.000000
35.449106	432.000000
35.461606	432.000000
35.474106	432.000000
35.486606	448.000000
35.499106	432.000000
35.511606	432.000000
35.524106	432.000000
35.536606	432.000000
35.549107	432.000000
35.561607	432.000000
35.574107	432.000000
35.586607	432.000000
35.599107	432.000000
35.611607	432.000000
35.624107	432.000000
35.636607	448.000000
35.649107	432.000000
35.661607	432.000000
35.674107	432.000000
35.686608	432.000000
35.699108	432.000000
35.711608	432.000000
35.724108	432.000000
35.736608	432.000000
35.749108	432.000000
35.761608	432.000000
35.774108	432.000000
35.786608	432.000000
35.799105	432.000000
35.811605	432.000000
35.824105	432.000000
35.836605	432.000000
35.849105	432.000000
35.861605	432.000000
35.874105	432.000000
35.886605	432.000000
35.899106	432.000000
35.911606	448.000000
35.924106	448.000000
35.936606	448.000000
35.949106	432.000000
35.961606	432.000000
35.974106	432.000000
35.986606	432.000000
35.999106	432.000000
36.011606	432.000000
36.024107	432.000000
36.036607	432.000000
36.049107	432.000000
36.061607	432.000000
36.074107	432.000000
36.086607	432.000000
36.099107	432.000000
36.111607	432.000000
36.124107	432.000000
36.136607	432.000000
36.149107	432.000000
36.161608	432.000000
36.174108	448.000000
36.186608	432.000000
36.199108	432.000000
36.211608	432.000000
36.224108	432.000000
36.236608	432.000000
36.249108	432.000000
36.261608	432.000000
36.274108	432.000000
36.286609	448.000000
36.299105	448.000000
36.311605	432.000000
36.324105	432.000000
36.336605	432.000000
36.349105	432.000000
36.361605	432.000000
36.374106	432.000000
36.386606	432.000000
36.399106	432.000000
36.411606	432.000000
36.424106	432.000000
36.436606	432.000000
36.449106	432.000000
36.461606	432.000000
36.474106	448.000000
36.486606	432.000000
36.499106	448.000000
36.511607	448.000000
36.524107	448.000000
36.536607	448.000000
36.549107	432.000000
36.561607	432.000000
36.574107	432.000000
36.586607	432.000000
36.599107	432.000000
36.611607	432.000000
36.624107	448.000000
36.636608	432.000000
36.649108	448.000000
36.661608	432.000000
36.674108	448.000000
36.686608	432.000000
36.699108	432.000000
36.711608	432.000000
36.724108	432.000000
36.736608	432.000000
36.749108	432.000000
36.761605	448.000000
36.774105	432.000000
36.786605	432.000000
36.799105	432.000000
36.811605	432.000000
36.824105	432.000000
36.836605	432.000000
36.849106	432.000000
36.861606	432.000000
36.874106	432.000000
36.886606	432.000000
36.899106	432.000000
36.911606	432.000000
36.924106	432.000000
36.936606	448.000000
36.949106	448.000000
36.961606	448.000000
36.974106	448.000000
36.986607	432.000000
36.999107	432.000000
37.011607	448.000000
37.024107	432.000000
37.036607	432.000000
37.049107	432.000000
37.061607	432.000000
37.074107	432.000000
37.086607	432.000000
37.099107	432.000000
37.111608	432.000000
37.124108	432.000000
37.136608	448.000000
37.149108	432.000000
37.161608	432.000000
37.174108	432.000000
37.186608	448.000000
37.199108	448.000000
37.211608	432.000000
37.224108	448.000000
37.236608	432.000000
37.249105	432.000000
37.261605	432.000000
37.274105	432.000000
37.286605	448.000000
37.299105	432.000000
37.311605	432.000000
37.324106	432.000000
37.336606	432.000000
37.349106	432.000000
37.361606	432.000000
37.374106	432.000000
37.386606	432.000000
37.399106	432.000000
37.411606	432.000000
37.424106	432.000000
37.436606	432.000000
37.449106	432.000000
37.461607	432.000000
37.474107	432.000000
37.486607	432.000000
37.499107	432.000000
37.511607	432.000000
37.524107	432.000000
37.536607	432.000000
37.549107	432.000000
37.561607	432.000000
37.574107	432.000000
37.586608	432.000000
37.599108	448.000000
37.611608	432.000000
37.624108	448.000000
37.636608	432.000000
37.649108	432.000000
37.661608	432.000000
37.674108	432.000000
37.686608	448.000000
37.699108	448.000000
37.711605	448.000000
37.724105	432.000000
37.736605	432.000000
37.749105	448.000000
37.761605	448.000000
37.774105	432.000000
37.786605	432.000000
37.799105	432.000000
37.811606	432.000000
37.824106	432.000000
37.836606	432.000000
37.849106	432.000000
37.861606	432.000000
37.874106	432.000000
37.886606	432.000000
37.899106	432.000000
37.911606	432.000000
37.924106	432.000000
37.936607	432.000000
37.949107	432.000000
37.961607	432.000000
37.974107	448.000000
37.986607	432.000000
37.999107	432.000000
38.011607	432.000000
38.024107	432.000000
38.036607	432.000000
38.049107	432.000000
38.061607	432.000000
38.074108	432.000000
38.086608	432.000000
38.099108	432.000000
38.111608	432.000000
38.124108	432.000000
38.136608	432.000000
38.149108	432.000000
38.161608	432.000000
38.174108	432.000000
38.186608	432.000000
38.199109	432.000000
38.211605	432.000000
38.224105	432.000000
38.236605	432.000000
38.249105	432.000000
38.261605	432.000000
38.274105	432.000000
38.286606	432.000000
38.299106	432.000000
38.311606	432.000000
38.324106	432.000000
38.336606	432.000000
38.349106	432.000000
38.361606	432.000000
38.374106	432.000000
38.386606	432.000000
38.399106	432.000000
38.411607	432.000000
38.424107	432.000000
38.436607	448.000000
38.449107	432.000000
38.461607	432.000000
38.474107	432.000000
38.486607	432.000000
38.499107	432.000000
38.511607	432.000000
38.524107	432.000000
38.536607	432.000000
38.549108	432.000000
38.561608	432.000000
38.574108	432.000000
38.586608	432.000000
38.599108	432.000000
38.611608	432.000000
38.624108	432.000000
38.636608	432.000000
38.649108	432.000000
38.661608	448.000000
38.674105	432.000000
38.686605	432.000000
38.699105	432.000000
38.711605	432.000000
38.724105	432.000000
38.736605	432.000000
38.749105	432.000000
38.761606	432.000000
38.774106	432.000000
38.786606	432.000000
38.799106	432.000000
38.811606	432.000000
38.824106	432.000000
38.836606	432.000000
38.849106	432.000000
38.861606	432.000000
38.874106	432.000000
38.886606	448.000000
38.899107	432.000000
38.911607	432.000000
38.924107	448.000000
38.936607	432.000000
38.949107	448.000000
38.961607	448.000000
38.974107	448.000000
38.986607	448.000000
38.999107	448.000000
39.011607	448.000000
39.024108	432.000000
39.036608	432.000000
39.049108	432.000000
39.061608	432.000000
39.074108	432.000000
39.086608	432.000000
39.099108	432.000000
39.111608	432.000000
39.124108	432.000000
39.136608	432.000000
39.149108	432.000000
39.161605	448.000000
39.174105	448.000000
39.186605	432.000000
39.199105	432.000000
39.211605	432.000000
39.224105	448.000000
39.236606	432.000000
39.249106	432.000000
39.261606	432.000000
39.274106	432.000000
39.286606	432.000000
39.299106	432.000000
39.311606	432.000000
39.324106	432.000000
39.336606	432.000000
39.349106	432.000000
39.361606	432.000000
39.374107	448.000000
39.386607	448.000000
39.399107	448.000000
39.411607	448.000000
39.424107	448.000000
39.436607	432.000000
39.449107	432.000000
39.461607	432.000000
39.474107	432.000000
39.486607	432.000000
39.499108	432.000000
39.511608	448.000000
39.524108	432.000000
39.536608	432.000000
39.549108	432.000000
39.561608	432.000000
39.574108	432.000000
39.586608	448.000000
39.599108	448.000000
39.611608	432.000000
39.624105	448.000000
39.636605	448.000000
39.649105	432.000000
39.661605	448.000000
39.674105	432.000000
39.686605	432.000000
39.699105	432.000000
39.711605	432.000000
39.724106	448.000000
39.736606	432.000000
39.749106	432.000000
39.761606	448.000000
39.774106	432.000000
39.786606	448.000000
39.799106	432.000000
39.811606	448.000000
39.824106	432.000000
39.836606	432.000000
39.849107	432.000000
39.861607	432.000000
39.874107	448.000000
39.886607	448.000000
39.899107	448.000000
39.911607	432.000000
39.924107	432.000000
39.936607	432.000000
39.949107	432.000000
39.961607	432.000000
39.974107	432.000000
39.986608	448.000000
39.999108	432.000000
40.011608	432.000000
40.024108	432.000000
40.036608	432.000000
40.049108	432.000000
40.061608	432.000000
40.074108	448.000000
40.086608	448.000000
40.099108	432.000000
40.111609	432.000000
40.124105	432.000000
40.136605	432.000000
40.149105	432.000000
40.161605	432.000000
40.174105	432.000000
40.186605	432.000000
40.199106	432.000000
40.211606	432.000000
40.224106	432.000000
40.236606	432.000000
40.249106	432.000000
40.261606	432.000000
40.274106	432.000000
40.286606	432.000000
40.299106	432.000000
40.311606	432.000000
40.324107	448.000000
40.336607	432.000000
40.349107	432.000000
40.361607	432.000000
40.374107	432.000000
40.386607	432.000000
40.399107	432.000000
40.411607	432.000000
40.424107	432.000000
40.436607	432.000000
40.449107	432.000000
40.461608	448.000000
40.474108	448.000000
40.486608	432.000000
40.499108	432.000000
40.511608	432.000000
40.524108	432.000000
40.536608	432.000000
40.549108	432.000000
40.561608	432.000000
40.574108	432.000000
40.586605	432.000000
40.599105	432.000000
40.611605	432.000000
40.624105	432.000000
40.636605	432.000000
40.649105	432.000000
40.661605	448.000000
40.674106	432.000000
40.686606	432.000000
40.699106	432.000000
40.711606	432.000000
40.724106	432.000000
40.736606	432.000000
40.749106	432.000000
40.761606	432.000000
40.774106	448.000000
40.786606	448.000000
40.799107	432.000000
40.811607	432.000000
40.824107	432.000000
40.836607	432.000000
40.849107	432.000000
40.861607	432.000000
40.874107	432.000000
40.886607	432.000000
40.899107	432.000000
40.911607	432.000000
40.924107	432.000000
40.936608	432.000000
40.949108	432.000000
40.961608	432.000000
40.974108	432.000000
40.986608	432.000000
40.999108	432.000000
41.011608	432.000000
41.024108	432.000000
41.036608	432.000000
41.049108	432.000000
41.061608	432.000000
41.074105	432.000000
41.086605	432.000000
41.099105	432.000000
41.111605	432.000000
41.124105	432.000000
41.136605	432.000000
41.149106	432.000000
41.161606	432.000000
41.174106	432.000000
41.186606	432.000000
41.199106	432.000000
41.211606	448.000000
41.224106	432.000000
41.236606	432.000000
41.249106	432.000000
41.261606	432.000000
41.274106	432.000000
41.286607	432.000000
41.299107	432.000000
41.311607	432.000000
41.324107	432.000000
41.336607	432.000000
41.349107	432.000000
41.361607	432.000000
41.374107	432.000000
41.386607	432.000000
41.399107	432.000000
41.411608	448.000000
41.424108	448.000000
41.436608	432.000000
41.449108	432.000000
41.461608	432.000000
41.474108	432.000000
41.486608	432.000000
41.499108	432.000000
41.511608	432.000000
41.524108	432.000000
41.536605	432.000000
41.549105	432.000000
41.561605	432.000000
41.574105	432.000000
41.586605	432.000000
41.599105	432.000000
41.611605	432.000000
41.624106	432.000000
41.636606	432.000000
41.649106	432.000000
41.661606	432.000000
41.674106	432.000000
41.686606	432.000000
41.699106	432.000000
41.711606	432.000000
41.724106	432.000000
41.736606	432.000000
41.749106	432.000000
41.761607	432.000000
41.774107	432.000000
41.786607	432.000000
41.799107	432.000000
41.811607	432.000000
41.824107	432.000000
41.836607	432.000000
41.849107	448.000000
41.861607	432.000000
41.874107	432.000000
41.886608	432.000000
41.899108	432.000000
41.911608	432.000000
41.924108	432.000000
41.936608	432.000000
41.949108	432.000000
41.961608	432.000000
41.974108	432.000000
41.986608	432.000000
41.999108	432.000000
42.011608	432.000000
42.024105	432.000000
42.036605	448.000000
42.049105	448.000000
42.061605	448.000000
42.074105	448.000000
42.086605	432.000000
42.099105	432.000000
42.111606	432.000000
42.124106	432.000000
42.136606	448.000000
42.149106	432.000000
42.161606	432.000000
42.174106	432.000000
42.186606	432.000000
42.199106	432.000000
42.211606	432.000000
42.224106	432.000000
42.236607	432.000000
42.249107	432.000000
42.261607	432.000000
42.274107	432.000000
42.286607	432.000000
42.299107	432.000000
42.311607	432.000000
42.324107	432.000000
42.336607	432.000000
42.349107	432.000000
42.361607	432.000000
42.374108	432.000000
42.386608	432.000000
42.399108	432.000000
42.411608	448.000000
42.424108	448.000000
42.436608	432.000000
42.449108	432.000000
42.461608	432.000000
42.474108	432.000000
42.486605	432.000000
42.499105	448.000000
42.511605	448.000000
42.524105	432.000000
42.536605	432.000000
42.549105	432.000000
42.561605	432.000000
42.574105	448.000000
42.586606	432.000000
42.599106	432.000000
42.611606	432.000000
42.624106	432.000000
42.636606	432.000000
42.649106	432.000000
42.661606	432.000000
42.674106	432.000000
42.686606	432.000000
42.699106	432.000000
42.711607	448.000000
42.724107	448.000000
42.736607	432.000000
42.749107	432.000000
42.761607	432.000000
42.774107	432.000000
42.786607	432.000000
42.799107	432.000000
42.811607	432.000000
42.824107	432.000000
42.836607	432.000000
42.849108	432.000000
42.861608	432.000000
42.874108	432.000000
42.886608	432.000000
42.899108	448.000000
42.911608	432.000000
42.924108	432.000000
42.936608	432.000000
42.949108	432.000000
42.961608	432.000000
42.974109	432.000000
42.986605	432.000000
42.999105	432.000000
43.011605	432.000000
43.024105	432.000000
43.036605	432.000000
43.049105	432.000000
43.061606	432.000000
43.074106	432.000000
43.086606	432.000000
43.099106	432.000000
43.111606	432.000000
43.124106	432.000000
43.136606	448.000000
43.149106	432.000000
43.161606	432.000000
43.174106	432.000000
43.186606	432.000000
43.199107	448.000000
43.211607	448.000000
43.224107	448.000000
43.236607	432.000000
43.249107	432.000000
43.261607	432.000000
43.274107	432.000000
43.286607	432.000000
43.299107	432.000000
43.311607	432.000000
43.324108	432.000000
43.336608	432.000000
43.349108	432.000000
43.361608	432.000000
43.374108	432.000000
43.386608	432.000000
43.399108	432.000000
43.411608	448.000000
43.424108	432.000000
43.436608	432.000000
43.449105	432.000000
43.461605	432.000000
43.474105	432.000000
43.486605	432.000000
43.499105	432.000000
43.511605	432.000000
43.524105	432.000000
43.536606	432.000000
43.549106	432.000000
43.561606	432.000000
43.574106	432.000000
43.586606	432.000000
43.599106	432.000000
43.611606	432.000000
43.624106	432.000000
43.636606	432.000000
43.649106	432.000000
43.661606	432.000000
43.674107	432.000000
43.686607	432.000000
43.699107	432.000000
43.711607	448.000000
43.724107	432.000000
43.736607	432.000000
43.749107	432.000000
43.761607	432.000000
43.774107	432.000000
43.786607	432.000000
43.799108	448.000000
43.811608	432.000000
43.824108	448.000000
43.836608	432.000000
43.849108	432.000000
43.861608	432.000000
43.874108	432.000000
43.886608	432.000000
43.899108	432.000000
43.911608	432.000000
43.924108	432.000000
43.936605	432.000000
43.949105	432.000000
43.961605	432.000000
43.974105	432.000000
43.986605	432.000000
43.999105	432.000000
44.011605	432.000000
44.024106	432.000000
44.036606	432.000000
44.049106	432.000000
44.061606	432.000000
44.074106	432.000000
44.086606	432.000000
44.099106	432.000000
44.111606	432.000000
44.124106	432.000000
44.136606	432.000000
44.149107	432.000000
44.161607	432.000000
44.174107	432.000000
44.186607	432.000000
44.199107	448.000000
44.211607	432.000000
44.224107	432.000000
44.236607	432.000000
44.249107	432.000000
44.261607	432.000000
44.274107	432.000000
44.286608	432.000000
44.299108	432.000000
44.311608	432.000000
44.324108	432.000000
44.336608	432.000000
44.349108	432.000000
44.361608	432.000000
44.374108	432.000000
44.386608	432.000000
44.399105	432.000000
44.411605	432.000000
44.424105	432.000000
44.436605	432.000000
44.449105	432.000000
44.461605	432.000000
44.474105	432.000000
44.486605	448.000000
44.499106	448.000000
44.511606	448.000000
44.524106	432.000000
44.536606	432.000000
44.549106	448.000000
44.561606	432.000000
44.574106	432.000000
44.586606	432.000000
44.599106	432.000000
44.611606	432.000000
44.624107	432.000000
44.636607	432.000000
44.649107	432.000000
44.661607	432.000000
44.674107	432.000000
44.686607	432.000000
44.699107	432.000000
44.711607	432.000000
44.724107	432.000000
44.736607	432.000000
44.749107	432.000000
44.761608	432.000000
44.774108	432.000000
44.786608	432.000000
44.799108	432.000000
44.811608	432.000000
44.824108	432.000000
44.836608	448.000000
44.849108	432.000000
44.861608	448.000000
44.874108	432.000000
44.886609	432.000000
44.899105	448.000000
44.911605	432.000000
44.924105	432.000000
44.936605	432.000000
44.949105	432.000000
44.961605	432.000000
44.974106	432.000000
44.986606	432.000000
44.999106	432.000000
45.011606	432.000000
45.024106	432.000000
45.036606	432.000000
45.049106	432.000000
45.061606	432.000000
45.074106	432.000000
45.086606	432.000000
45.099107	432.000000
45.111607	432.000000
45.124107	432.000000
45.136607	432.000000
45.149107	432.000000
45.161607	432.000000
45.174107	432.000000
45.186607	432.000000
45.199107	432.000000
45.211607	448.000000
45.224107	432.000000
45.236608	448.000000
45.249108	432.000000
45.261608	432.000000
45.274108	432.000000
45.286608	432.000000
45.299108	432.000000
45.311608	432.000000
45.324108	432.000000
45.336608	432.000000
45.349108	432.000000
45.361605	432.000000
45.374105	448.000000
45.386605	448.000000
45.399105	448.000000
45.411605	448.000000
45.424105	432.000000
45.436605	432.000000
45.449106	432.000000
45.461606	432.000000
45.474106	432.000000
45.486606	432.000000
45.499106	432.000000
45.511606	432.000000
45.524106	432.000000
45.536606	448.000000
45.549106	448.000000
45.561606	448.000000
45.574106	464.000000
45.586607	480.000000
45.599107	496.000000
45.611607	512.000000
45.624107	528.000000
45.636607	528.000000
45.649107	544.000000
45.661607	544.000000
45.674107	544.000000
45.686607	544.000000
45.699107	528.000000
45.711608	528.000000
45.724108	528.000000
45.736608	512.000000
45.749108	512.000000
45.761608	512.000000
45.774108	496.000000
45.786608	496.000000
45.799108	496.000000
45.811608	480.000000
45.824108	480.000000
45.836608	464.000000
45.849105	464.000000
45.861605	464.000000
45.874105	464.000000
45.886605	464.000000
45.899105	464.000000
45.911605	464.000000
45.924106	448.000000
45.936606	448.000000
45.949106	448.000000
45.961606	448.000000
45.974106	448.000000
45.986606	448.000000
45.999106	448.000000
46.011606	448.000000
46.024106	448.000000
46.036606	448.000000
46.049106	448.000000
46.061607	448.000000
46.074107	448.000000
46.086607	448.000000
46.099107	448.000000
46.111607	448.000000
46.124107	448.000000
46.136607	448.000000
46.149107	448.000000
46.161607	448.000000
46.174107	432.000000
46.186608	432.000000
46.199108	432.000000
46.211608	432.000000
46.224108	432.000000
46.236608	432.000000
46.249108	448.000000
46.261608	432.000000
46.274108	432.000000
46.286608	432.000000
46.299108	432.000000
46.311605	432.000000
46.324105	448.000000
46.336605	448.000000
46.349105	480.000000
46.361605	512.000000
46.374105	544.000000
46.386605	592.000000
46.399105	640.000000
46.411606	688.000000
46.424106	720.000000
46.436606	752.000000
46.449106	752.000000
46.461606	768.000000
46.474106	752.000000
46.486606	752.000000
46.499106	736.000000
46.511606	704.000000
46.524106	688.000000
46.536607	656.000000
46.549107	640.000000
46.561607	608.000000
46.574107	592.000000
46.586607	576.000000
46.599107	560.000000
46.611607	544.000000
46.624107	528.000000
46.636607	528.000000
46.649107	512.000000
46.661607	496.000000
46.674108	496.000000
46.686608	496.000000
46.699108	496.000000
46.711608	512.000000
46.724108	544.000000
46.736608	560.000000
46.749108	576.000000
46.761608	608.000000
46.774108	624.000000
46.786608	640.000000
46.799109	640.000000
46.811605	640.000000
46.824105	640.000000
46.836605	640.000000
46.849105	624.000000
46.861605	608.000000
46.874105	592.000000
46.886606	576.000000
46.899106	560.000000
46.911606	560.000000
46.924106	544.000000
46.936606	528.000000
46.949106	528.000000
46.961606	512.000000
46.974106	512.000000
46.986606	496.000000
46.999106	496.000000
47.011607	496.000000
47.024107	480.000000
47.036607	480.000000
47.049107	480.000000
47.061607	480.000000
47.074107	480.000000
47.086607	464.000000
47.099107	464.000000
47.111607	464.000000
47.124107	448.000000
47.136607	464.000000
47.149108	464.000000
47.161608	464.000000
47.174108	448.000000
47.186608	464.000000
47.199108	464.000000
47.211608	448.000000
47.224108	448.000000
47.236608	448.000000
47.249108	448.000000
47.261608	448.000000
47.274105	448.000000
47.286605	464.000000
47.299105	464.000000
47.311605	464.000000
47.324105	480.000000
47.336605	480.000000
47.349105	496.000000
47.361606	496.000000
47.374106	496.000000
47.386606	496.000000
47.399106	496.000000
47.411606	496.000000
47.424106	496.000000
47.436606	480.000000
47.449106	480.000000
47.461606	480.000000
47.474106	480.000000
47.486606	464.000000
47.499107	464.000000
47.511607	464.000000
47.524107	464.000000
47.536607	464.000000
47.549107	448.000000
47.561607	448.000000
47.574107	448.000000
47.586607	448.000000
47.599107	448.000000
47.611607	448.000000
47.624108	448.000000
47.636608	448.000000
47.649108	448.000000
47.661608	448.000000
47.674108	448.000000
47.686608	448.000000
47.699108	448.000000
47.711608	448.000000
47.724108	448.000000
47.736608	448.000000
47.749108	448.000000
47.761605	448.000000
47.774105	432.000000
47.786605	432.000000
47.799105	432.000000
47.811605	432.000000
47.824105	432.000000
47.836606	432.000000
47.849106	432.000000
47.861606	432.000000
47.874106	432.000000
47.886606	432.000000
47.899106	448.000000
47.911606	448.000000
47.924106	448.000000
47.936606	432.000000
47.949106	448.000000
47.961606	432.000000
47.974107	448.000000
47.986607	448.000000
47.999107	464.000000
48.011607	480.000000
48.024107	496.000000
48.036607	512.000000
48.049107	544.000000
48.061607	560.000000
48.074107	576.000000
48.086607	592.000000
48.099108	592.000000
48.111608	592.000000
48.124108	592.000000
48.136608	592.000000
48.149108	576.000000
48.161608	576.000000
48.174108	560.000000
48.186608	544.000000
48.199108	544.000000
48.211608	528.000000
48.224105	512.000000
48.236605	512.000000
48.249105	496.000000
48.261605	496.000000
48.274105	480.000000
48.286605	480.000000
48.299105	480.000000
48.311605	480.000000
48.324106	480.000000
48.336606	464.000000
48.349106	464.000000
48.361606	464.000000
48.374106	464.000000
48.386606	464.000000
48.399106	464.000000
48.411606	448.000000
48.424106	448.000000
48.436606	448.000000
48.449107	448.000000
48.461607	448.000000
48.474107	448.000000
48.486607	448.000000
48.499107	448.000000
48.511607	448.000000
48.524107	448.000000
48.536607	448.000000
48.549107	448.000000
48.561607	448.000000
48.574107	448.000000
48.586608	448.000000
48.599108	448.000000
48.611608	448.000000
48.624108	448.000000
48.636608	448.000000
48.649108	448.000000
48.661608	448.000000
48.674108	448.000000
48.686608	448.000000
48.699108	448.000000
48.711609	432.000000
48.724105	432.000000
48.736605	432.000000
48.749105	448.000000
48.761605	432.000000
48.774105	432.000000
48.786605	432.000000
48.799106	432.000000
48.811606	432.000000
48.824106	432.000000
48.836606	432.000000
48.849106	432.000000
48.861606	448.000000
48.874106	448.000000
48.886606	448.000000
48.899106	432.000000
48.911606	448.000000
48.924107	448.000000
48.936607	448.000000
48.949107	448.000000
48.961607	448.000000
48.974107	448.000000
48.986607	432.000000
48.999107	432.000000
49.011607	432.000000
49.024107	432.000000
49.036607	432.000000
49.049107	432.000000
49.061608	432.000000
49.074108	432.000000
49.086608	432.000000
49.099108	432.000000
49.111608	432.000000
49.124108	432.000000
49.136608	432.000000
49.149108	432.000000
49.161608	432.000000
49.174108	432.000000
49.186605	432.000000
49.199105	432.000000
49.211605	432.000000
49.224105	432.000000
49.236605	432.000000
49.249105	432.000000
49.261605	432.000000
49.274106	432.000000
49.286606	432.000000
49.299106	432.000000
49.311606	432.000000
49.324106	448.000000
49.336606	448.000000
49.349106	432.000000
49.361606	432.000000
49.374106	432.000000
49.386606	432.000000
49.399107	432.000000
49.411607	432.000000
49.424107	432.000000
49.436607	432.000000
49.449107	432.000000
49.461607	432.000000
49.474107	432.000000
49.486607	432.000000
49.499107	432.000000
49.511607	432.000000
49.524107	432.000000
49.536608	432.000000
49.549108	432.000000
49.561608	448.000000
49.574108	448.000000
49.586608	448.000000
49.599108	432.000000
49.611608	432.000000
49.624108	432.000000
49.636608	432.000000
49.649108	432.000000
49.661609	432.000000
49.674105	432.000000
49.686605	432.000000
49.699105	432.000000
49.711605	432.000000
49.724105	432.000000
49.736605	432.000000
49.749106	432.000000
49.761606	432.000000
49.774106	432.000000
49.786606	432.000000
49.799106	432.000000
49.811606	432.000000
49.824106	432.000000
49.836606	432.000000
49.849106	432.000000
49.861606	448.000000
49.874106	432.000000
49.886607	448.000000
49.899107	432.000000
49.911607	432.000000
49.924107	432.000000
49.936607	432.000000
49.949107	448.000000
49.961607	432.000000
49.974107	432.000000
49.986607	432.000000
49.999107	432.000000
50.011608	432.000000
50.024108	432.000000
50.036608	432.000000
50.049108	432.000000
50.061608	432.000000
50.074108	432.000000
50.086608	432.000000
50.099108	432.000000
50.111608	432.000000
50.124108	432.000000
50.136605	432.000000
50.149105	432.000000
50.161605	432.000000
50.174105	432.000000
50.186605	432.000000
50.199105	432.000000
50.211605	432.000000
50.224106	432.000000
50.236606	432.000000
50.249106	432.000000
50.261606	432.000000
50.274106	432.000000
50.286606	432.000000
50.299106	432.000000
50.311606	432.000000
50.324106	432.000000
50.336606	432.000000
50.349106	432.000000
50.361607	432.000000
50.374107	432.000000
50.386607	432.000000
50.399107	432.000000
50.411607	432.000000
50.424107	432.000000
50.436607	432.000000
50.449107	448.000000
50.461607	448.000000
50.474107	464.000000
50.486608	480.000000
50.499108	480.000000
50.511608	496.000000
50.524108	512.000000
50.536608	512.000000
50.549108	512.000000
50.561608	512.000000
50.574108	512.000000
50.586608	512.000000
50.599108	512.000000
50.611608	512.000000
50.624105	496.000000
50.636605	496.000000
50.649105	496.000000
50.661605	480.000000
50.674105	480.000000
50.686605	480.000000
50.699105	480.000000
50.711606	464.000000
50.724106	464.000000
50.736606	464.000000
50.749106	448.000000
50.761606	448.000000
50.774106	448.000000
50.786606	448.000000
50.799106	448.000000
50.811606	448.000000
50.824106	448.000000
50.836607	448.000000
50.849107	464.000000
50.861607	464.000000
50.874107	464.000000
50.886607	464.000000
50.899107	480.000000
50.911607	480.000000
50.924107	496.000000
50.936607	496.000000
50.949107	512.000000
50.961607	528.000000
50.974108	528.000000
50.986608	544.000000
50.999108	544.000000
51.011608	544.000000
51.024108	544.000000
51.036608	544.000000
51.049108	544.000000
51.061608	544.000000
51.074108	544.000000
51.086605	528.000000
51.099105	528.000000
51.111605	528.000000
51.124105	528.000000
51.136605	528.000000
51.149105	544.000000
51.161605	544.000000
51.174105	544.000000
51.186606	544.000000
51.199106	528.000000
51.211606	528.000000
51.224106	544.000000
51.236606	544.000000
51.249106	544.000000
51.261606	544.000000
51.274106	528.000000
51.286606	528.000000
51.299106	528.000000
51.311607	528.000000
51.324107	512.000000
51.336607	512.000000
51.349107	512.000000
51.361607	496.000000
51.374107	512.000000
51.386607	544.000000
51.399107	624.000000
51.411607	768.000000
51.424107	928.000000
51.436607	1088.000000
51.449108	1232.000000
51.461608	1360.000000
51.474108	1456.000000
51.486608	1520.000000
51.499108	1568.000000
51.511608	1600.000000
51.524108	1600.000000
51.536608	1600.000000
51.549108	1584.000000
51.561608	1536.000000
51.574109	1504.000000
51.586605	1440.000000
51.599105	1376.000000
51.611605	1312.000000
51.624105	1248.000000
51.636605	1168.000000
51.649105	1104.000000
51.661606	1040.000000
51.674106	992.000000
51.686606	928.000000
51.699106	880.000000
51.711606	832.000000
51.724106	800.000000
51.736606	768.000000
51.749106	736.000000
51.761606	704.000000
51.774106	688.000000
51.786606	656.000000
51.799107	640.000000
51.811607	624.000000
51.824107	608.000000
51.836607	608.000000
51.849107	592.000000
51.861607	592.000000
51.874107	608.000000
51.886607	624.000000
51.899107	640.000000
51.911607	640.000000
51.924108	640.000000
51.936608	640.000000
51.949108	656.000000
51.961608	640.000000
51.974108	640.000000
51.986608	624.000000
51.999108	624.000000
52.011608	608.000000
52.024108	592.000000
52.036608	592.000000
52.049105	576.000000
52.061605	560.000000
52.074105	544.000000
52.086605	528.000000
52.099105	528.000000
52.111605	528.000000
52.124105	528.000000
52.136606	528.000000
52.149106	528.000000
52.161606	528.000000
52.174106	544.000000
52.186606	544.000000
52.199106	560.000000
52.211606	576.000000
52.224106	576.000000
52.236606	576.000000
52.249106	576.000000
52.261606	576.000000
52.274107	576.000000
52.286607	576.000000
52.299107	560.000000
52.311607	560.000000
52.324107	544.000000
52.336607	544.000000
52.349107	528.000000
52.361607	512.000000
52.374107	512.000000
52.386607	512.000000
52.399108	528.000000
52.411608	560.000000
52.424108	608.000000
52.436608	672.000000
52.449108	736.000000
52.461608	800.000000
52.474108	848.000000
52.486608	896.000000
52.499108	944.000000
52.511608	992.000000
52.524108	1040.000000
52.536605	1056.000000
52.549105	1072.000000
52.561605	1072.000000
52.574105	1056.000000
52.586605	1056.000000
52.599105	1120.000000
52.611605	1280.000000
52.624106	1488.000000
52.636606	1728.000000
52.649106	1968.000000
52.661606	2192.000000
52.674106	2384.000000
52.686606	2528.000000
52.699106	2624.000000
52.711606	2672.000000
52.724106	2672.000000
52.736606	2624.000000
52.749107	2544.000000
52.761607	2432.000000
52.774107	2304.000000
52.786607	2160.000000
52.799107	2016.000000
52.811607	1872.000000
52.824107	1728.000000
52.836607	1616.000000
52.849107	1504.000000
52.861607	1408.000000
52.874107	1312.000000
52.886608	1232.000000
52.899108	1184.000000
52.911608	1136.000000
52.924108	1104.000000
52.936608	1072.000000
52.949108	1056.000000
52.961608	1040.000000
52.974108	1024.000000
52.986608	1024.000000
52.999105	1008.000000
53.011605	1008.000000
53.024105	992.000000
53.036605	976.000000
53.049105	960.000000
53.061605	944.000000
53.074105	928.000000
53.086605	896.000000
53.099106	864.000000
53.111606	832.000000
53.124106	800.000000
53.136606	768.000000
53.149106	736.000000
53.161606	720.000000
53.174106	688.000000
53.186606	672.000000
53.199106	656.000000
53.211606	624.000000
53.224107	608.000000
53.236607	592.000000
53.249107	576.000000
53.261607	576.000000
53.274107	560.000000
53.286607	544.000000
53.299107	544.000000
53.311607	528.000000
53.324107	528.000000
53.336607	512.000000
53.349107	512.000000
53.361608	496.000000
53.374108	496.000000
53.386608	496.000000
53.399108	496.000000
53.411608	496.000000
53.424108	480.000000
53.436608	480.000000
53.449108	480.000000
53.461608	480.000000
53.474108	480.000000
53.486609	464.000000
53.499105	464.000000
53.511605	464.000000
53.524105	464.000000
53.536605	464.000000
53.549105	464.000000
53.561605	464.000000
53.574106	464.000000
53.586606	464.000000
53.599106	464.000000
53.611606	448.000000
53.624106	448.000000
53.636606	448.000000
53.649106	448.000000
53.661606	448.000000
53.674106	448.000000
53.686606	448.000000
53.699107	448.000000
53.711607	448.000000
53.724107	448.000000
53.736607	448.000000
53.749107	448.000000
53.761607	448.000000
53.774107	448.000000
53.786607	448.000000
53.799107	464.000000
53.811607	496.000000
53.824107	544.000000
53.836608	592.000000
53.849108	656.000000
53.861608	704.000000
53.874108	768.000000
53.886608	816.000000
53.899108	864.000000
53.911608	912.000000
53.924108	976.000000
53.936608	1024.000000
53.949108	1056.000000
53.961605	1088.000000
53.974105	1104.000000
53.986605	1104.000000
53.999105	1088.000000
54.011605	1056.000000
54.024105	1024.000000
54.036605	992.000000
54.049106	944.000000
54.061606	912.000000
54.074106	864.000000
54.086606	832.000000
54.099106	784.000000
54.111606	752.000000
54.124106	720.000000
54.136606	688.000000
54.149106	656.000000
54.161606	640.000000
54.174106	624.000000
54.186607	608.000000
54.199107	592.000000
54.211607	576.000000
54.224107	560.000000
54.236607	560.000000
54.249107	560.000000
54.261607	560.000000
54.274107	576.000000
54.286607	576.000000
54.299107	592.000000
54.311608	608.000000
54.324108	608.000000
54.336608	608.000000
54.349108	608.000000
54.361608	608.000000
54.374108	608.000000
54.386608	592.000000
54.399108	592.000000
54.411608	576.000000
54.424108	560.000000
54.436608	560.000000
54.449105	544.000000
54.461605	528.000000
54.474105	528.000000
54.486605	512.000000
54.499105	512.000000
54.511605	496.000000
54.524106	496.000000
54.536606	480.000000
54.549106	480.000000
54.561606	480.000000
54.574106	480.000000
54.586606	480.000000
54.599106	464.000000
54.611606	464.000000
54.624106	464.000000
54.636606	464.000000
54.649106	464.000000
54.661607	464.000000
54.674107	464.000000
54.686607	464.000000
54.699107	448.000000
54.711607	448.000000
54.724107	448.000000
54.736607	448.000000
54.749107	448.000000
54.761607	448.000000
54.774107	448.000000
54.786608	448.000000
54.799108	448.000000
54.811608	448.000000
54.824108	448.000000
54.836608	448.000000
54.849108	448.000000
54.861608	448.000000
54.874108	448.000000
54.886608	448.000000
54.899108	448.000000
54.911605	448.000000
54.924105	448.000000
54.936605	448.000000
54.949105	448.000000
54.961605	448.000000
54.974105	448.000000
54.986605	448.000000
54.999105	448.000000
55.011606	448.000000
55.024106	448.000000
55.036606	448.000000
55.049106	432.000000
55.061606	432.000000
55.074106	432.000000
55.086606	432.000000
55.099106	432.000000
55.111606	432.000000
55.124106	432.000000
55.136607	432.000000
55.149107	432.000000
55.161607	432.000000
55.174107	432.000000
55.186607	432.000000
55.199107	432.000000
55.211607	432.000000
55.224107	432.000000
55.236607	432.000000
55.249107	432.000000
55.261607	432.000000
55.274108	432.000000
55.286608	432.000000
55.299108	448.000000
55.311608	448.000000
55.324108	448.000000
55.336608	448.000000
55.349108	448.000000
55.361608	448.000000
55.374108	464.000000
55.386608	448.000000
55.399109	448.000000
55.411605	448.000000
55.424105	448.000000
55.436605	448.000000
55.449105	448.000000
55.461605	448.000000
55.474105	448.000000
55.486606	432.000000
55.499106	432.000000
55.511606	432.000000
55.524106	432.000000
55.536606	432.000000
55.549106	432.000000
55.561606	432.000000
55.574106	448.000000
55.586606	448.000000
55.599106	448.000000
55.611607	448.000000
55.624107	464.000000
55.636607	480.000000
55.649107	480.000000
55.661607	480.000000
55.674107	496.000000
55.686607	496.000000
55.699107	496.000000
55.711607	496.000000
55.724107	496.000000
55.736607	480.000000
55.749108	480.000000
55.761608	480.000000
55.774108	480.000000
55.786608	480.000000
55.799108	464.000000
55.811608	464.000000
55.824108	464.000000
55.836608	464.000000
55.849108	464.000000
55.861608	448.000000
55.874105	448.000000
55.886605	448.000000
55.899105	448.000000
55.911605	448.000000
55.924105	448.000000
55.936605	448.000000
55.949105	448.000000
55.961606	448.000000
55.974106	448.000000
55.986606	448.000000
55.999106	448.000000
56.011606	448.000000
56.024106	448.000000
56.036606	448.000000
56.049106	448.000000
56.061606	464.000000
56.074106	496.000000
56.086606	560.000000
56.099107	640.000000
56.111607	736.000000
56.124107	816.000000
56.136607	880.000000
56.149107	944.000000
56.161607	976.000000
56.174107	992.000000
56.186607	1008.000000
56.199107	992.000000
56.211607	960.000000
56.224108	928.000000
56.236608	896.000000
56.249108	848.000000
56.261608	816.000000
56.274108	768.000000
56.286608	736.000000
56.299108	704.000000
56.311608	672.000000
56.324108	656.000000
56.336608	624.000000
56.349108	608.000000
56.361605	592.000000
56.374105	576.000000
56.386605	560.000000
56.399105	544.000000
56.411605	544.000000
56.424105	528.000000
56.436606	528.000000
56.449106	512.000000
56.461606	512.000000
56.474106	512.000000
56.486606	496.000000
56.499106	496.000000
56.511606	496.000000
56.524106	480.000000
56.536606	480.000000
56.549106	480.000000
56.561606	480.000000
56.574107	464.000000
56.586607	464.000000
56.599107	464.000000
56.611607	464.000000
56.624107	464.000000
56.636607	448.000000
56.649107	448.000000
56.661607	448.000000
56.674107	448.000000
56.686607	448.000000
56.699108	448.000000
56.711608	448.000000
56.724108	448.000000
56.736608	448.000000
56.749108	448.000000
56.761608	448.000000
56.774108	448.000000
56.786608	448.000000
56.799108	448.000000
56.811608	448.000000
56.824105	448.000000
56.836605	448.000000
56.849105	448.000000
56.861605	448.000000
56.874105	448.000000
56.886605	448.000000
56.899105	448.000000
56.911605	448.000000
56.924106	448.000000
56.936606	448.000000
56.949106	448.000000
56.961606	432.000000
56.974106	432.000000
56.986606	432.000000
56.999106	432.000000
57.011606	432.000000
57.024106	432.000000
57.036606	432.000000
57.049107	432.000000
57.061607	432.000000
57.074107	432.000000
57.086607	432.000000
57.099107	432.000000
57.111607	432.000000
57.124107	448.000000
57.136607	432.000000
57.149107	432.000000
57.161607	432.000000
57.174107	432.000000
57.186608	432.000000
57.199108	432.000000
57.211608	432.000000
57.224108	432.000000
57.236608	432.000000
57.249108	432.000000
57.261608	432.000000
57.274108	432.000000
57.286608	432.000000
57.299108	432.000000
57.311609	432.000000
57.324105	432.000000
57.336605	432.000000
57.349105	432.000000
57.361605	432.000000
57.374105	432.000000
57.386605	432.000000
57.399106	432.000000
57.411606	432.000000
57.424106	432.000000
57.436606	432.000000
57.449106	432.000000
57.461606	432.000000
57.474106	432.000000
57.486606	432.000000
57.499106	432.000000
57.511606	432.000000
57.524107	432.000000
57.536607	432.000000
57.549107	432.000000
57.561607	432.000000
57.574107	432.000000
57.586607	432.000000
57.599107	432.000000
57.611607	432.000000
57.624107	432.000000
57.636607	432.000000
57.649107	432.000000
57.661608	448.000000
57.674108	464.000000
57.686608	480.000000
57.699108	512.000000
57.711608	528.000000
57.724108	544.000000
57.736608	560.000000
57.749108	576.000000
57.761608	576.000000
57.774108	576.000000
57.786605	576.000000
57.799105	576.000000
57.811605	560.000000
57.824105	560.000000
57.836605	544.000000
57.849105	544.000000
57.861605	528.000000
57.874106	512.000000
57.886606	512.000000
57.899106	496.000000
57.911606	496.000000
57.924106	480.000000
57.936606	480.000000
57.949106	480.000000
57.961606	464.000000
57.974106	464.000000
57.986606	464.000000
57.999107	464.000000
58.011607	464.000000
58.024107	464.000000
58.036607	464.000000
58.049107	464.000000
58.061607	464.000000
58.074107	448.000000
58.086607	448.000000
58.099107	448.000000
58.111607	448.000000
58.124107	448.000000
58.136608	448.000000
58.149108	448.000000
58.161608	448.000000
58.174108	448.000000
58.186608	448.000000
58.199108	448.000000
58.211608	448.000000
58.224108	432.000000
58.236608	432.000000
58.249108	432.000000
58.261609	432.000000
58.274105	432.000000
58.286605	432.000000
58.299105	432.000000
58.311605	432.000000
58.324105	432.000000
58.336605	432.000000
58.349106	432.000000
58.361606	432.000000
58.374106	432.000000
58.386606	432.000000
58.399106	432.000000
58.411606	432.000000
58.424106	432.000000
58.436606	432.000000
58.449106	432.000000
58.461606	432.000000
58.474106	432.000000
58.486607	432.000000
58.499107	432.000000
58.511607	432.000000
58.524107	432.000000
58.536607	432.000000
58.549107	432.000000
58.561607	432.000000
58.574107	432.000000
58.586607	432.000000
58.599107	432.000000
58.611608	432.000000
58.624108	432.000000
58.636608	432.000000
58.649108	432.000000
58.661608	432.000000
58.674108	432.000000
58.686608	432.000000
58.699108	432.000000
58.711608	432.000000
58.724108	432.000000
58.736605	432.000000
58.749105	432.000000
58.761605	432.000000
58.774105	432.000000
58.786605	432.000000
58.799105	432.000000
58.811605	432.000000
58.824106	432.000000
58.836606	432.000000
58.849106	432.000000
58.861606	432.000000
58.874106	432.000000
58.886606	432.000000
58.899106	432.000000
58.911606	432.000000
58.924106	432.000000
58.936606	432.000000
58.949106	432.000000
58.961607	432.000000
58.974107	432.000000
58.986607	432.000000
58.999107	432.000000
59.011607	432.000000
59.024107	432.000000
59.036607	432.000000
59.049107	432.000000
59.061607	432.000000
59.074107	432.000000
59.086608	432.000000
59.099108	432.000000
59.111608	432.000000
59.124108	432.000000
59.136608	432.000000
59.149108	432.000000
59.161608	432.000000
59.174108	432.000000
59.186608	432.000000
59.199108	432.000000
59.211608	432.000000
59.224105	432.000000
59.236605	432.000000
59.249105	432.000000
59.261605	432.000000
59.274105	432.000000
59.286605	432.000000
59.299105	432.000000
59.311606	432.000000
59.324106	432.000000
59.336606	432.000000
59.349106	432.000000
59.361606	432.000000
59.374106	432.000000
59.386606	432.000000
59.399106	432.000000
59.411606	432.000000
59.424106	432.000000
59.436607	432.000000
59.449107	432.000000
59.461607	432.000000
59.474107	432.000000
59.486607	432.000000
59.499107	432.000000
59.511607	432.000000
59.524107	432.000000
59.536607	432.000000
59.549107	432.000000
59.561607	432.000000
59.574108	432.000000
59.586608	432.000000
59.599108	432.000000
59.611608	432.000000
59.624108	432.000000
59.636608	432.000000
59.649108	432.000000
59.661608	432.000000
59.674108	432.000000
59.686605	432.000000
59.699105	432.000000
59.711605	432.000000
59.724105	432.000000
59.736605	432.000000
59.749105	432.000000
59.761605	432.000000
59.774105	432.000000
59.786606	432.000000
59.799106	432.000000
59.811606	432.000000
59.824106	432.000000
59.836606	432.000000
59.849106	432.000000
59.861606	432.000000
59.874106	432.000000
59.886606	432.000000
59.899106	432.000000
59.911607	432.000000
59.924107	432.000000
59.936607	432.000000
59.949107	432.000000
59.961607	432.000000
59.974107	432.000000
59.986607	432.000000
59.999107	432.000000
60.011607	432.000000
60.024107	432.000000
60.036607	432.000000
60.049108	432.000000
60.061608	432.000000
60.074108	432.000000
60.086608	432.000000
60.099108	432.000000
60.111608	432.000000
60.124108	432.000000
60.136608	432.000000
60.149108	432.000000
60.161608	432.000000
60.174109	432.000000
60.186605	432.000000
60.199105	432.000000
60.211605	432.000000
60.224105	432.000000
60.236605	432.000000
60.249105	432.000000
60.261606	432.000000
60.274106	432.000000
60.286606	432.000000
60.299106	432.000000
60.311606	432.000000
60.324106	432.000000
60.336606	432.000000
60.349106	432.000000
60.361606	432.000000
60.374106	432.000000
60.386606	432.000000
60.399107	432.000000
60.411607	432.000000
60.424107	432.000000
60.436607	432.000000
60.449107	432.000000
60.461607	432.000000
60.474107	432.000000
60.486607	432.000000
60.499107	432.000000
60.511607	432.000000
60.524108	432.000000
60.536608	432.000000
60.549108	432.000000
60.561608	432.000000
60.574108	432.000000
60.586608	432.000000
60.599108	432.000000
60.611608	432.000000
60.624108	432.000000
60.636608	432.000000
60.649105	432.000000
60.661605	432.000000
60.674105	432.000000
60.686605	432.000000
60.699105	432.000000
60.711605	432.000000
60.724105	432.000000
60.736606	432.000000
60.749106	432.000000
60.761606	432.000000
60.774106	432.000000
60.786606	432.000000
60.799106	432.000000
60.811606	432.000000
60.824106	432.000000
60.836606	432.000000
60.849106	432.000000
60.861606	432.000000
60.874107	432.000000
60.886607	432.000000
60.899107	432.000000
60.911607	432.000000
60.924107	432.000000
60.936607	432.000000
60.949107	432.000000
60.961607	432.000000
60.974107	432.000000
60.986607	432.000000
60.999108	432.000000
61.011608	432.000000
61.024108	432.000000
61.036608	432.000000
61.049108	432.000000
61.061608	432.000000
61.074108	432.000000
61.086608	432.000000
61.099108	432.000000
61.111608	432.000000
61.124108	432.000000
61.136605	432.000000
61.149105	432.000000
61.161605	432.000000
61.174105	432.000000
61.186605	432.000000
61.199105	432.000000
61.211605	432.000000
61.224106	432.000000
61.236606	432.000000
61.249106	432.000000
61.261606	432.000000
61.274106	432.000000
61.286606	432.000000
61.299106	432.000000
61.311606	432.000000
61.324106	432.000000
61.336606	432.000000
61.349107	432.000000
61.361607	432.000000
61.374107	432.000000
61.386607	432.000000
61.399107	432.000000
61.411607	432.000000
61.424107	432.000000
61.436607	432.000000
61.449107	432.000000
61.461607	432.000000
61.474107	432.000000
61.486608	432.000000
61.499108	432.000000
61.511608	432.000000
61.524108	432.000000
61.536608	432.000000
61.549108	432.000000
61.561608	432.000000
61.574108	432.000000
61.586608	432.000000
61.599105	432.000000
61.611605	432.000000
61.624105	432.000000
61.636605	432.000000
61.649105	432.000000
61.661605	432.000000
61.674105	432.000000
61.686605	432.000000
61.699106	432.000000
61.711606	432.000000
61.724106	432.000000
61.736606	432.000000
61.749106	432.000000
61.761606	432.000000
61.774106	432.000000
61.786606	432.000000
61.799106	432.000000
61.811606	432.000000
61.824107	432.000000
61.836607	432.000000
61.849107	432.000000
61.861607	432.000000
61.874107	432.000000
61.886607	432.000000
61.899107	432.000000
61.911607	432.000000
61.924107	432.000000
61.936607	432.000000
61.949107	432.000000
61.961608	432.000000
61.974108	432.000000
61.986608	432.000000
61.999108	432.000000
62.011608	432.000000
62.024108	432.000000
62.036608	432.000000
62.049108	432.000000
62.061608	432.000000
62.074108	432.000000
62.086609	432.000000
62.099105	432.000000
62.111605	432.000000
62.124105	432.000000
62.136605	432.000000
62.149105	432.000000
62.161605	432.000000
62.174106	432.000000
62.186606	432.000000
62.199106	432.000000
62.211606	432.000000
62.224106	432.000000
62.236606	432.000000
62.249106	432.000000
62.261606	432.000000
62.274106	432.000000
62.286606	432.000000
62.299107	432.000000
62.311607	432.000000
62.324107	432.000000
62.336607	432.000000
62.349107	432.000000
62.361607	432.000000
62.374107	432.000000
62.386607	432.000000
62.399107	432.000000
62.411607	432.000000
62.424107	432.000000
62.436608	432.000000
62.449108	432.000000
62.461608	432.000000
62.474108	432.000000
62.486608	432.000000
62.499108	432.000000
62.511608	432.000000
62.524108	432.000000
62.536608	432.000000
62.549108	432.000000
62.561605	432.000000
62.574105	432.000000
62.586605	432.000000
62.599105	432.000000
62.611605	432.000000
62.624105	432.000000
62.636605	432.000000
62.649106	432.000000
62.661606	432.000000
62.674106	432.000000
62.686606	432.000000
62.699106	432.000000
62.711606	432.000000
62.724106	432.000000
62.736606	432.000000
62.749106	432.000000
62.761606	432.000000
62.774106	432.000000
62.786607	432.000000
62.799107	432.000000
62.811607	432.000000
62.824107	432.000000
62.836607	432.000000
62.849107	432.000000
62.861607	432.000000
62.874107	432.000000
62.886607	432.000000
62.899107	432.000000
62.911608	432.000000
62.924108	432.000000
62.936608	432.000000
62.949108	432.000000
62.961608	432.000000
62.974108	432.000000
62.986608	432.000000
62.999108	432.000000
63.011608	432.000000
63.024108	432.000000
63.036608	432.000000
63.049105	432.000000
63.061605	432.000000
63.074105	432.000000
63.086605	432.000000
63.099105	432.000000
63.111605	432.000000
63.124106	432.000000
63.136606	432.000000
63.149106	432.000000
63.161606	432.000000
63.174106	432.000000
63.186606	432.000000
63.199106	432.000000
63.211606	432.000000
63.224106	432.000000
63.236606	432.000000
63.249106	432.000000
63.261607	432.000000
63.274107	432.000000
63.286607	432.000000
63.299107	432.000000
63.311607	432.000000
63.324107	432.000000
63.336607	432.000000
63.349107	432.000000
63.361607	432.000000
63.374107	432.000000
63.386608	432.000000
63.399108	432.000000
63.411608	432.000000
63.424108	432.000000
63.436608	432.000000
63.449108	432.000000
63.461608	432.000000
63.474108	432.000000
63.486608	432.000000
63.499108	432.000000
63.511605	432.000000
63.524105	432.000000
63.536605	432.000000
63.549105	432.000000
63.561605	432.000000
63.574105	432.000000
63.586605	432.000000
63.599105	432.000000
63.611606	432.000000
63.624106	432.000000
63.636606	432.000000
63.649106	432.000000
63.661606	432.000000
63.674106	432.000000
63.686606	432.000000
63.699106	432.000000
63.711606	432.000000
63.724106	432.000000
63.736607	432.000000
63.749107	432.000000
63.761607	432.000000
63.774107	432.000000
63.786607	432.000000
63.799107	432.000000
63.811607	432.000000
63.824107	432.000000
63.836607	432.000000
63.849107	432.000000
63.861607	432.000000
63.874108	432.000000
63.886608	432.000000
63.899108	432.000000
63.911608	432.000000
63.924108	432.000000
63.936608	432.000000
63.949108	432.000000
63.961608	432.000000
63.974108	432.000000
63.986608	432.000000
63.999109	432.000000
64.011605	432.000000
64.024105	432.000000
64.036605	432.000000
64.049105	432.000000
64.061605	432.000000
64.074105	432.000000
64.086606	432.000000
64.099106	432.000000
64.111606	432.000000
64.124106	432.000000
64.136606	432.000000
64.149106	432.000000
64.161606	432.000000
64.174106	432.000000
64.186606	432.000000
64.199106	432.000000
64.211607	432.000000
64.224107	432.000000
64.236607	432.000000
64.249107	432.000000
64.261607	432.000000
64.274107	432.000000
64.286607	432.000000
64.299107	432.000000
64.311607	432.000000
64.324107	432.000000
64.336607	432.000000
64.349108	432.000000
64.361608	432.000000
64.374108	432.000000
64.386608	432.000000
64.399108	432.000000
64.411608	432.000000
64.424108	432.000000
64.436608	432.000000
64.449108	432.000000
64.461608	432.000000
64.474105	432.000000
64.486605	432.000000
64.499105	432.000000
64.511605	432.000000
64.524105	432.000000
64.536605	432.000000
64.549105	432.000000
64.561606	432.000000
64.574106	432.000000
64.586606	432.000000
64.599106	432.000000
64.611606	432.000000
64.624106	432.000000
64.636606	432.000000
64.649106	432.000000
64.661606	432.000000
64.674106	432.000000
64.686606	432.000000
64.699107	432.000000
64.711607	432.000000
64.724107	432.000000
64.736607	432.000000
64.749107	432.000000
64.761607	432.000000
64.774107	432.000000
64.786607	432.000000
64.799107	432.000000
64.811607	432.000000
64.824108	432.000000
64.836608	432.000000
64.849108	432.000000
64.861608	432.000000
64.874108	432.000000
64.886608	432.000000
64.899108	432.000000
64.911608	432.000000
64.924108	432.000000
64.936608	432.000000
64.949108	432.000000
64.961605	432.000000
64.974105	432.000000
64.986605	432.000000
64.999105	432.000000
65.011605	432.000000
65.024105	432.000000
65.036606	432.000000
65.049106	432.000000
65.061606	432.000000
65.074106	432.000000
65.086606	432.000000
65.099106	432.000000
65.111606	432.000000
65.124106	432.000000
65.136606	432.000000
65.149106	432.000000
65.161606	432.000000
65.174107	432.000000
65.186607	432.000000
65.199107	432.000000
65.211607	432.000000
65.224107	432.000000
65.236607	432.000000
65.249107	432.000000
65.261607	432.000000
65.274107	432.000000
65.286607	432.000000
65.299108	432.000000
65.311608	432.000000
65.324108	432.000000
65.336608	432.000000
65.349108	432.000000
65.361608	432.000000
65.374108	432.000000
65.386608	432.000000
65.399108	432.000000
65.411608	432.000000
65.424105	432.000000
65.436605	432.000000
65.449105	432.000000
65.461605	432.000000
65.474105	432.000000
65.486605	432.000000
65.499105	432.000000
65.511605	432.000000
65.524106	432.000000
65.536606	432.000000
65.549106	432.000000
65.561606	432.000000
65.574106	432.000000
65.586606	432.000000
65.599106	432.000000
65.611606	432.000000
65.624106	432.000000
65.636606	432.000000
65.649107	432.000000
65.661607	432.000000
65.674107	432.000000
65.686607	432.000000
65.699107	432.000000
65.711607	432.000000
65.724107	432.000000
65.736607	432.000000
65.749107	432.000000
65.761607	432.000000
65.774107	432.000000
65.786608	432.000000
65.799108	432.000000
65.811608	432.000000
65.824108	432.000000
65.836608	432.000000
65.849108	432.000000
65.861608	432.000000
65.874108	432.000000
65.886608	432.000000
65.899108	432.000000
65.911609	432.000000
65.924105	432.000000
65.936605	432.000000
65.949105	432.000000
65.961605	432.000000
65.974105	432.000000
65.986605	432.000000
65.999106	432.000000
66.011606	432.000000
66.024106	432.000000
66.036606	432.000000
66.049106	432.000000
66.061606	432.000000
66.074106	432.000000
66.086606	432.000000
66.099106	432.000000
66.111606	432.000000
66.124107	432.000000
66.136607	432.000000
66.149107	432.000000
66.161607	432.000000
66.174107	432.000000
66.186607	432.000000
66.199107	432.000000
66.211607	432.000000
66.224107	432.000000
66.236607	432.000000
66.249107	432.000000
66.261608	432.000000
66.274108	432.000000
66.286608	432.000000
66.299108	432.000000
66.311608	432.000000
66.324108	432.000000
66.336608	432.000000
66.349108	432.000000
66.361608	432.000000
66.374108	432.000000
66.386605	432.000000
66.399105	432.000000
66.411605	432.000000
66.424105	432.000000
66.436605	432.000000
66.449105	432.000000
66.461605	432.000000
66.474106	432.000000
66.486606	432.000000
66.499106	432.000000
66.511606	432.000000
66.524106	432.000000
66.536606	432.000000
66.549106	432.000000
66.561606	432.000000
66.574106	432.000000
66.586606	432.000000
66.599107	432.000000
66.611607	432.000000
66.624107	432.000000
66.636607	432.000000
66.649107	432.000000
66.661607	432.000000
66.674107	432.000000
66.686607	432.000000
66.699107	432.000000
66.711607	432.000000
66.724107	432.000000
66.736608	432.000000
66.749108	432.000000
66.761608	432.000000
66.774108	432.000000
66.786608	432.000000
66.799108	432.000000
66.811608	432.000000
66.824108	432.000000
66.836608	432.000000
66.849108	432.000000
66.861609	432.000000
66.874105	432.000000
66.886605	432.000000
66.899105	432.000000
66.911605	432.000000
66.924105	432.000000
66.936605	432.000000
66.949106	432.000000
66.961606	432.000000
66.974106	432.000000
66.986606	432.000000
66.999106	432.000000
67.011606	432.000000
67.024106	432.000000
67.036606	432.000000
67.049106	432.000000
67.061606	432.000000
67.074106	432.000000
67.086607	432.000000
67.099107	432.000000
67.111607	432.000000
67.124107	432.000000
67.136607	432.000000
67.149107	432.000000
67.161607	432.000000
67.174107	432.000000
67.186607	432.000000
67.199107	432.000000
67.211608	432.000000
67.224108	432.000000
67.236608	432.000000
67.249108	432.000000
67.261608	432.000000
67.274108	432.000000
67.286608	432.000000
67.299108	432.000000
67.311608	432.000000
67.324108	432.000000
67.336605	432.000000
67.349105	432.000000
67.361605	432.000000
67.374105	432.000000
67.386605	432.000000
67.399105	432.000000
67.411605	432.000000
67.424106	432.000000
67.436606	432.000000
67.449106	432.000000
67.461606	432.000000
67.474106	432.000000
67.486606	432.000000
67.499106	432.000000
67.511606	432.000000
67.524106	432.000000
67.536606	432.000000
67.549106	432.000000
67.561607	432.000000
67.574107	432.000000
67.586607	432.000000
67.599107	432.000000
67.611607	432.000000
67.624107	432.000000
67.636607	432.000000
67.649107	432.000000
67.661607	432.000000
67.674107	432.000000
67.686608	432.000000
67.699108	432.000000
67.711608	432.000000
67.724108	432.000000
67.736608	432.000000
67.749108	432.000000
67.761608	432.000000
67.774108	432.000000
67.786608	432.000000
67.799108	432.000000
67.811608	432.000000
67.824105	432.000000
67.836605	432.000000
67.849105	432.000000
67.861605	432.000000
67.874105	432.000000
67.886605	432.000000
67.899105	432.000000
67.911606	432.000000
67.924106	432.000000
67.936606	432.000000
67.949106	432.000000
67.961606	432.000000
67.974106	432.000000
67.986606	432.000000
67.999106	432.000000
68.011606	432.000000
68.024106	432.000000
68.036607	432.000000
68.049107	432.000000
68.061607	432.000000
68.074107	432.000000
68.086607	432.000000
68.099107	432.000000
68.111607	432.000000
68.124107	432.000000
68.136607	432.000000
68.149107	432.000000
68.161607	432.000000
68.174108	432.000000
68.186608	432.000000
68.199108	432.000000
68.211608	432.000000
68.224108	432.000000
68.236608	432.000000
68.249108	432.000000
68.261608	432.000000
68.274108	432.000000
68.286605	432.000000
68.299105	432.000000
68.311605	432.000000
68.324105	432.000000
68.336605	432.000000
68.349105	432.000000
68.361605	432.000000
68.374105	432.000000
68.386606	432.000000
68.399106	432.000000
68.411606	432.000000
68.424106	432.000000
68.436606	432.000000
68.449106	432.000000
68.461606	432.000000
68.474106	432.000000
68.486606	432.000000
68.499106	432.000000
68.511607	432.000000
68.524107	432.000000
68.536607	432.000000
68.549107	432.000000
68.561607	432.000000
68.574107	432.000000
68.586607	432.000000
68.599107	432.000000
68.611607	432.000000
68.624107	432.000000
68.636607	432.000000
68.649108	432.000000
68.661608	432.000000
68.674108	432.000000
68.686608	432.000000
68.699108	432.000000
68.711608	432.000000
68.724108	432.000000
68.736608	432.000000
68.749108	432.000000
68.761608	432.000000
68.774109	432.000000
68.786605	432.000000
68.799105	432.000000
68.811605	432.000000
68.824105	432.000000
68.836605	432.000000
68.849105	432.000000
68.861606	432.000000
68.874106	432.000000
68.886606	432.000000
68.899106	432.000000
68.911606	432.000000
68.924106	432.000000
68.936606	432.000000
68.949106	432.000000
68.961606	432.000000
68.974106	432.000000
68.986606	432.000000
68.999107	432.000000
69.011607	432.000000
69.024107	432.000000
69.036607	432.000000
69.049107	432.000000
69.061607	432.000000
69.074107	432.000000
69.086607	432.000000
69.099107	432.000000
69.111607	432.000000
69.124108	432.000000
69.136608	432.000000
69.149108	432.000000
69.161608	432.000000
69.174108	432.000000
69.186608	432.000000
69.199108	432.000000
69.211608	432.000000
69.224108	432.000000
69.236608	432.000000
69.249105	432.000000
69.261605	432.000000
69.274105	432.000000
69.286605	432.000000
69.299105	432.000000
69.311605	432.000000
69.324105	432.000000
69.336606	432.000000
69.349106	432.000000
69.361606	432.000000
69.374106	432.000000
69.386606	432.000000
69.399106	432.000000
69.411606	432.000000
69.424106	432.000000
69.436606	432.000000
69.449106	432.000000
69.461606	432.000000
69.474107	432.000000
69.486607	432.000000
69.499107	432.000000
69.511607	432.000000
69.524107	432.000000
69.536607	432.000000
69.549107	432.000000
69.561607	432.000000
69.574107	432.000000
69.586607	432.000000
69.599108	432.000000
69.611608	432.000000
69.624108	432.000000
69.636608	432.000000
69.649108	432.000000
69.661608	432.000000
69.674108	432.000000
69.686608	432.000000
69.699108	432.000000
69.711608	432.000000
69.724108	432.000000
69.736605	432.000000
69.749105	432.000000
69.761605	432.000000
69.774105	432.000000
69.786605	432.000000
69.799105	432.000000
69.811605	432.000000
69.824106	432.000000
69.836606	432.000000
69.849106	432.000000
69.861606	432.000000
69.874106	432.000000
69.886606	432.000000
69.899106	432.000000
69.911606	432.000000
69.924106	432.000000
69.936606	432.000000
69.949107	432.000000
69.961607	432.000000
69.974107	432.000000
69.986607	432.000000
69.999107	432.000000
70.011607	432.000000
70.024107	432.000000
70.036607	432.000000
70.049107	432.000000
70.061607	432.000000
70.074107	432.000000
70.086608	432.000000
70.099108	432.000000
70.111608	432.000000
70.124108	432.000000
70.136608	432.000000
70.149108	432.000000
70.161608	432.000000
70.174108	432.000000
70.186608	432.000000
70.199105	432.000000
70.211605	432.000000
70.224105	432.000000
70.236605	432.000000
70.249105	432.000000
70.261605	432.000000
70.274105	432.000000
70.286605	432.000000
70.299106	432.000000
70.311606	432.000000
70.324106	432.000000
70.336606	432.000000
70.349106	432.000000
70.361606	432.000000
70.374106	432.000000
70.386606	432.000000
70.399106	432.000000
70.411606	432.000000
70.424107	432.000000
70.436607	432.000000
70.449107	432.000000
70.461607	432.000000
70.474107	432.000000
70.486607	432.000000
70.499107	432.000000
70.511607	432.000000
70.524107	432.000000
70.536607	432.000000
70.549107	432.000000
70.561608	432.000000
70.574108	432.000000
70.586608	432.000000
70.599108	432.000000
70.611608	432.000000
70.624108	432.000000
70.636608	432.000000
70.649108	432.000000
70.661608	432.000000
70.674108	432.000000
70.686609	432.000000
70.699105	432.000000
70.711605	432.000000
70.724105	432.000000
70.736605	432.000000
70.749105	432.000000
70.761605	432.000000
70.774106	432.000000
70.786606	432.000000
70.799106	432.000000
70.811606	432.000000
70.824106	432.000000
70.836606	432.000000
70.849106	432.000000
70.861606	432.000000
70.874106	432.000000
70.886606	432.000000
70.899107	432.000000
70.911607	432.000000
70.924107	432.000000
70.936607	432.000000
70.949107	432.000000
70.961607	432.000000
70.974107	432.000000
70.986607	432.000000
70.999107	432.000000
71.011607	432.000000
71.024107	432.000000
71.036608	432.000000
71.049108	432.000000
71.061608	432.000000
71.074108	432.000000
71.086608	432.000000
71.099108	432.000000
71.111608	432.000000
71.124108	432.000000
71.136608	432.000000
71.149108	432.000000
71.161605	432.000000
71.174105	432.000000
71.186605	432.000000
71.199105	432.000000
71.211605	432.000000
71.224105	432.000000
71.236605	432.000000
71.249106	432.000000
71.261606	432.000000
71.274106	432.000000
71.286606	432.000000
71.299106	432.000000
71.311606	432.000000
71.324106	432.000000
71.336606	432.000000
71.349106	432.000000
71.361606	432.000000
71.374106	432.000000
71.386607	432.000000
71.399107	432.000000
71.411607	432.000000
71.424107	432.000000
71.436607	432.000000
71.449107	432.000000
71.461607	432.000000
71.474107	432.000000
71.486607	432.000000
71.499107	432.000000
71.511608	432.000000
71.524108	432.000000
71.536608	432.000000
71.549108	432.000000
71.561608	432.000000
71.574108	432.000000
71.586608	432.000000
71.599108	432.000000
71.611608	432.000000
71.624108	432.000000
71.636608	432.000000
71.649105	432.000000
71.661605	432.000000
71.674105	432.000000
71.686605	432.000000
71.699105	432.000000
71.711605	432.000000
71.724106	432.000000
71.736606	432.000000
71.749106	432.000000
71.761606	432.000000
71.774106	432.000000
71.786606	432.000000
71.799106	432.000000
71.811606	432.000000
71.824106	432.000000
71.836606	432.000000
71.849106	432.000000
71.861607	432.000000
71.874107	432.000000
71.886607	432.000000
71.899107	432.000000
71.911607	432.000000
71.924107	432.000000
71.936607	432.000000
71.949107	432.000000
71.961607	432.000000
71.974107	432.000000
71.986608	432.000000
71.999108	432.000000
72.011608	432.000000
72.024108	432.000000
72.036608	432.000000
72.049108	432.000000
72.061608	432.000000
72.074108	432.000000
72.086608	432.000000
72.099108	432.000000
72.111605	432.000000
72.124105	432.000000
72.136605	432.000000
72.149105	432.000000
72.161605	432.000000
72.174105	432.000000
72.186605	432.000000
72.199105	432.000000
72.211606	432.000000
72.224106	432.000000
72.236606	432.000000
72.249106	432.000000
72.261606	432.000000
72.274106	432.000000
72.286606	432.000000
72.299106	432.000000
72.311606	432.000000
72.324106	432.000000
72.336607	432.000000
72.349107	432.000000
72.361607	432.000000
72.374107	432.000000
72.386607	432.000000
72.399107	432.000000
72.411607	432.000000
72.424107	432.000000
72.436607	432.000000
72.449107	432.000000
72.461607	432.000000
72.474108	432.000000
72.486608	432.000000
72.499108	432.000000
72.511608	432.000000
72.524108	432.000000
72.536608	432.000000
72.549108	432.000000
72.561608	432.000000
72.574108	432.000000
72.586608	432.000000
72.599109	432.000000
72.611605	432.000000
72.624105	432.000000
72.636605	432.000000
72.649105	432.000000
72.661605	432.000000
72.674105	432.000000
72.686606	432.000000
72.699106	432.000000
72.711606	432.000000
72.724106	432.000000
72.736606	432.000000
72.749106	432.000000
72.761606	432.000000
72.774106	432.000000
72.786606	432.000000
72.799106	432.000000
72.811607	432.000000
72.824107	432.000000
72.836607	432.000000
72.849107	432.000000
72.861607	432.000000
72.874107	432.000000
72.886607	432.000000
72.899107	432.000000
72.911607	432.000000
72.924107	432.000000
72.936607	432.000000
72.949108	432.000000
72.961608	432.000000
72.974108	432.000000
72.986608	432.000000
72.999108	432.000000
73.011608	432.000000
73.024108	432.000000
73.036608	432.000000
73.049108	432.000000
73.061608	432.000000
73.074105	432.000000
73.086605	432.000000
73.099105	432.000000
73.111605	432.000000
73.124105	432.000000
73.136605	432.000000
73.149105	432.000000
73.161606	432.000000
73.174106	432.000000
73.186606	432.000000
73.199106	432.000000
73.211606	432.000000
73.224106	432.000000
73.236606	432.000000
73.249106	432.000000
73.261606	432.000000
73.274106	432.000000
73.286606	432.000000
73.299107	432.000000
73.311607	432.000000
73.324107	432.000000
73.336607	432.000000
73.349107	432.000000
73.361607	432.000000
73.374107	432.000000
73.386607	432.000000
73.399107	432.000000
73.411607	432.000000
73.424108	432.000000
73.436608	432.000000
73.449108	432.000000
73.461608	432.000000
73.474108	432.000000
73.486608	432.000000
73.499108	432.000000
73.511608	432.000000
73.524108	432.000000
73.536608	432.000000
73.549108	432.000000
73.561605	432.000000
73.574105	432.000000
73.586605	432.000000
73.599105	432.000000
73.611605	432.000000
73.624105	432.000000
73.636606	432.000000
73.649106	432.000000
73.661606	432.000000
73.674106	432.000000
73.686606	432.000000
73.699106	432.000000
73.711606	432.000000
73.724106	432.000000
73.736606	432.000000
73.749106	432.000000
73.761606	432.000000
73.774107	432.000000
73.786607	432.000000
73.799107	432.000000
73.811607	432.000000
73.824107	432.000000
73.836607	432.000000
73.849107	432.000000
73.861607	432.000000
73.874107	432.000000
73.886607	432.000000
73.899108	432.000000
73.911608	432.000000
73.924108	432.000000
73.936608	432.000000
73.949108	432.000000
73.961608	432.000000
73.974108	432.000000
73.986608	432.000000
73.999108	432.000000
74.011608	432.000000
74.024105	432.000000
74.036605	432.000000
74.049105	432.000000
74.061605	432.000000
74.074105	432.000000
74.086605	432.000000
74.099105	432.000000
74.111605	432.000000
74.124106	432.000000
74.136606	432.000000
74.149106	432.000000
74.161606	432.000000
74.174106	432.000000
74.186606	432.000000
74.199106	432.000000
74.211606	432.000000
74.224106	432.000000
74.236606	432.000000
74.249107	432.000000
74.261607	432.000000
74.274107	432.000000
74.286607	432.000000
74.299107	432.000000
74.311607	432.000000
74.324107	432.000000
74.336607	432.000000
74.349107	432.000000
74.361607	432.000000
74.374107	432.000000
74.386608	432.000000
74.399108	432.000000
74.411608	432.000000
74.424108	432.000000
74.436608	432.000000
74.449108	432.000000
74.461608	432.000000
74.474108	432.000000
74.486608	432.000000
74.499108	432.000000
74.511609	432.000000
74.524105	432.000000
74.536605	432.000000
74.549105	432.000000
74.561605	432.000000
74.574105	432.000000
74.586605	432.000000
74.599106	432.000000
74.611606	432.000000
74.624106	432.000000
74.636606	432.000000
74.649106	432.000000
74.661606	432.000000
74.674106	432.000000
74.686606	432.000000
74.699106	432.000000
74.711606	432.000000
74.724107	432.000000
74.736607	432.000000
74.749107	432.000000
74.761607	432.000000
74.774107	432.000000
74.786607	432.000000
74.799107	432.000000
74.811607	432.000000
74.824107	432.000000
74.836607	432.000000
74.849107	432.000000
74.861608	432.000000
74.874108	432.000000
74.886608	432.000000
74.899108	432.000000
74.911608	432.000000
74.924108	432.000000
74.936608	432.000000
74.949108	432.000000
74.961608	432.000000
74.974108	432.000000
74.986605	432.000000
74.999105	432.000000
75.011605	432.000000
75.024105	432.000000
75.036605	432.000000
75.049105	432.000000
75.061605	432.000000
75.074106	432.000000
75.086606	432.000000
75.099106	432.000000
75.111606	432.000000
75.124106	432.000000
75.136606	432.000000
75.149106	432.000000
75.161606	432.000000
75.174106	432.000000
75.186606	432.000000
75.199107	432.000000
75.211607	432.000000
75.224107	432.000000
75.236607	432.000000
75.249107	432.000000
75.261607	432.000000
75.274107	432.000000
75.286607	432.000000
75.299107	432.000000
75.311607	432.000000
75.324107	432.000000
75.336608	432.000000
75.349108	432.000000
75.361608	432.000000
75.374108	432.000000
75.386608	432.000000
75.399108	432.000000
75.411608	432.000000
75.424108	432.000000
75.436608	432.000000
75.449108	432.000000
75.461609	432.000000
75.474105	432.000000
75.486605	432.000000
75.499105	432.000000
75.511605	432.000000
75.524105	432.000000
75.536605	432.000000
75.549106	432.000000
75.561606	432.000000
75.574106	432.000000
75.586606	432.000000
75.599106	432.000000
75.611606	432.000000
75.624106	432.000000
75.636606	432.000000
75.649106	432.000000
75.661606	432.000000
75.674106	432.000000
75.686607	432.000000
75.699107	432.000000
75.711607	432.000000
75.724107	432.000000
75.736607	432.000000
75.749107	432.000000
75.761607	432.000000
75.774107	432.000000
75.786607	432.000000
75.799107	432.000000
75.811608	432.000000
75.824108	432.000000
75.836608	432.000000
75.849108	432.000000
75.861608	432.000000
75.874108	432.000000
75.886608	432.000000
75.899108	432.000000
75.911608	432.000000
75.924108	432.000000
75.936605	432.000000
75.949105	432.000000
75.961605	432.000000
75.974105	432.000000
75.986605	432.000000
75.999105	432.000000
76.011605	432.000000
76.024106	432.000000
76.036606	432.000000
76.049106	432.000000
76.061606	432.000000
76.074106	432.000000
76.086606	432.000000
76.099106	432.000000
76.111606	432.000000
76.124106	432.000000
76.136606	432.000000
76.149106	432.000000
76.161607	432.000000
76.174107	432.000000
76.186607	432.000000
76.199107	432.000000
76.211607	432.000000
76.224107	432.000000
76.236607	432.000000
76.249107	432.000000
76.261607	432.000000
76.274107	432.000000
76.286608	432.000000
76.299108	432.000000
76.311608	432.000000
76.324108	432.000000
76.336608	432.000000
76.349108	432.000000
76.361608	432.000000
76.374108	432.000000
76.386608	432.000000
76.399108	432.000000
76.411608	432.000000
76.424105	432.000000
76.436605	432.000000
76.449105	432.000000
76.461605	432.000000
76.474105	432.000000
76.486605	432.000000
76.499105	432.000000
76.511606	432.000000
76.524106	432.000000
76.536606	432.000000
76.549106	432.000000
76.561606	432.000000
76.574106	432.000000
76.586606	432.000000
76.599106	432.000000
76.611606	432.000000
76.624106	432.000000
76.636607	432.000000
76.649107	432.000000
76.661607	432.000000
76.674107	432.000000
76.686607	432.000000
76.699107	432.000000
76.711607	432.000000
76.724107	432.000000
76.736607	432.000000
76.749107	432.000000
76.761607	432.000000
76.774108	432.000000
76.786608	432.000000
76.799108	432.000000
76.811608	432.000000
76.824108	432.000000
76.836608	432.000000
76.849108	432.000000
76.861608	432.000000
76.874108	432.000000
76.886605	432.000000
76.899105	432.000000
76.911605	432.000000
76.924105	432.000000
76.936605	432.000000
76.949105	432.000000
76.961605	432.000000
76.974105	432.000000
76.986606	432.000000
76.999106	432.000000
77.011606	432.000000
77.024106	432.000000
77.036606	432.000000
77.049106	432.000000
77.061606	432.000000
77.074106	432.000000
77.086606	432.000000
77.099106	432.000000
77.111607	432.000000
77.124107	432.000000
77.136607	432.000000
77.149107	432.000000
77.161607	432.000000
77.174107	432.000000
77.186607	432.000000
77.199107	432.000000
77.211607	432.000000
77.224107	432.000000
77.236607	432.000000
77.249108	432.000000
77.261608	432.000000
77.274108	432.000000
77.286608	432.000000
77.299108	432.000000
77.311608	432.000000
77.324108	432.000000
77.336608	432.000000
77.349108	432.000000
77.361608	432.000000
77.374109	432.000000
77.386605	432.000000
77.399105	432.000000
77.411605	432.000000
77.424105	432.000000
77.436605	432.000000
77.449105	432.000000
77.461606	432.000000
77.474106	432.000000
77.486606	432.000000
77.499106	432.000000
77.511606	432.000000
77.524106	432.000000
77.536606	432.000000
77.549106	432.000000
77.561606	432.000000
77.574106	432.000000
77.586606	432.000000
77.599107	432.000000
77.611607	432.000000
77.624107	432.000000
77.636607	432.000000
77.649107	432.000000
77.661607	432.000000
77.674107	432.000000
77.686607	432.000000
77.699107	432.000000
77.711607	432.000000
77.724108	432.000000
77.736608	432.000000
77.749108	432.000000
77.761608	432.000000
77.774108	432.000000
77.786608	432.000000
77.799108	432.000000
77.811608	432.000000
77.824108	432.000000
77.836608	432.000000
77.849105	432.000000
77.861605	432.000000
77.874105	432.000000
77.886605	432.000000
77.899105	432.000000
77.911605	432.000000
77.924105	432.000000
77.936606	432.000000
77.949106	432.000000
77.961606	432.000000
77.974106	432.000000
77.986606	432.000000
77.999106	432.000000
78.011606	432.000000
78.024106	432.000000
78.036606	432.000000
78.049106	432.000000
78.061606	432.000000
78.074107	432.000000
78.086607	432.000000
78.099107	432.000000
78.111607	432.000000
78.124107	432.000000
78.136607	432.000000
78.149107	432.000000
78.161607	432.000000
78.174107	432.000000
78.186607	432.000000
78.199108	432.000000
78.211608	432.000000
78.224108	432.000000
78.236608	432.000000
78.249108	432.000000
78.261608	432.000000
78.274108	432.000000
78.286608	432.000000
78.299108	432.000000
78.311608	432.000000
78.324108	432.000000
78.336605	432.000000
78.349105	432.000000
78.361605	432.000000
78.374105	432.000000
78.386605	432.000000
78.399105	432.000000
78.411606	432.000000
78.424106	432.000000
78.436606	432.000000
78.449106	432.000000
78.461606	432.000000
78.474106	432.000000
78.486606	432.000000
78.499106	432.000000
78.511606	432.000000
78.524106	432.000000
78.536606	432.000000
78.549107	432.000000
78.561607	432.000000
78.574107	432.000000
78.586607	432.000000
78.599107	432.000000
78.611607	432.000000
78.624107	432.000000
78.636607	432.000000
78.649107	432.000000
78.661607	432.000000
78.674107	432.000000
78.686608	432.000000
78.699108	432.000000
78.711608	432.000000
78.724108	432.000000
78.736608	432.000000
78.749108	432.000000
78.761608	432.000000
78.774108	432.000000
78.786608	432.000000
78.799105	432.000000
78.811605	432.000000
78.824105	432.000000
78.836605	432.000000
78.849105	432.000000
78.861605	432.000000
78.874105	432.000000
78.886605	432.000000
78.899106	432.000000
78.911606	432.000000
78.924106	432.000000
78.936606	432.000000
78.949106	432.000000
78.961606	432.000000
78.974106	432.000000
78.986606	432.000000
78.999106	432.000000
79.011606	432.000000
79.024107	432.000000
79.036607	432.000000
79.049107	432.000000
79.061607	432.000000
79.074107	432.000000
79.086607	432.000000
79.099107	432.000000
79.111607	432.000000
79.124107	432.000000
79.136607	432.000000
79.149107	432.000000
79.161608	432.000000
79.174108	432.000000
79.186608	432.000000
79.199108	432.000000
79.211608	432.000000
79.224108	432.000000
79.236608	432.000000
79.249108	432.000000
79.261608	432.000000
79.274108	432.000000
79.286609	432.000000
79.299105	432.000000
79.311605	432.000000
79.324105	432.000000
79.336605	432.000000
79.349105	432.000000
79.361605	432.000000
79.374106	432.000000
79.386606	432.000000
79.399106	432.000000
79.411606	432.000000
79.424106	432.000000
79.436606	432.000000
79.449106	432.000000
79.461606	432.000000
79.474106	432.000000
79.486606	432.000000
79.499107	432.000000
79.511607	432.000000
79.524107	432.000000
79.536607	432.000000
79.549107	432.000000
79.561607	432.000000
79.574107	432.000000
79.586607	432.000000
79.599107	432.000000
79.611607	432.000000
79.624107	432.000000
79.636608	432.000000
79.649108	432.000000
79.661608	432.000000
79.674108	432.000000
79.686608	432.000000
79.699108	432.000000
79.711608	432.000000
79.724108	432.000000
79.736608	432.000000
79.749108	432.000000
79.761605	432.000000
79.774105	432.000000
79.786605	432.000000
79.799105	432.000000
79.811605	432.000000
79.824105	432.000000
79.836605	432.000000
79.849106	432.000000
79.861606	432.000000
79.874106	432.000000
79.886606	432.000000
79.899106	432.000000
79.911606	432.000000
79.924106	432.000000
79.936606	432.000000
79.949106	432.000000
79.961606	432.000000
79.974106	432.000000
79.986607	432.000000
79.999107	432.000000
80.011607	432.000000
80.024107	432.000000
80.036607	432.000000
80.049107	432.000000
80.061607	432.000000
80.074107	432.000000
80.086607	432.000000
80.099107	432.000000
80.111608	432.000000
80.124108	432.000000
80.136608	432.000000
80.149108	432.000000
80.161608	432.000000
80.174108	432.000000
80.186608	432.000000
80.199108	432.000000
80.211608	432.000000
80.224108	432.000000
80.236608	432.000000
80.249105	432.000000
80.261605	432.000000
80.274105	432.000000
80.286605	432.000000
80.299105	432.000000
80.311605	432.000000
80.324106	432.000000
80.336606	432.000000
80.349106	432.000000
80.361606	432.000000
80.374106	432.000000
80.386606	432.000000
80.399106	432.000000
80.411606	432.000000
80.424106	432.000000
80.436606	432.000000
80.449106	432.000000
80.461607	432.000000
80.474107	432.000000
80.486607	432.000000
80.499107	432.000000
80.511607	432.000000
80.524107	432.000000
80.536607	432.000000
80.549107	432.000000
80.561607	432.000000
80.574107	432.000000
80.586608	432.000000
80.599108	432.000000
80.611608	432.000000
80.624108	432.000000
80.636608	432.000000
80.649108	432.000000
80.661608	432.000000
80.674108	432.000000
80.686608	432.000000
80.699108	432.000000
80.711605	432.000000
80.724105	432.000000
80.736605	432.000000
80.749105	432.000000
80.761605	432.000000
80.774105	432.000000
80.786605	432.000000
80.799105	432.000000
80.811606	432.000000
80.824106	432.000000
80.836606	432.000000
80.849106	432.000000
80.861606	432.000000
80.874106	432.000000
80.886606	432.000000
80.899106	432.000000
80.911606	432.000000
80.924106	432.000000
80.936607	432.000000
80.949107	432.000000
80.961607	432.000000
80.974107	432.000000
80.986607	432.000000
80.999107	432.000000
81.011607	432.000000
81.024107	432.000000
81.036607	432.000000
81.049107	432.000000
81.061607	432.000000
81.074108	432.000000
81.086608	432.000000
81.099108	432.000000
81.111608	432.000000
81.124108	432.000000
81.136608	432.000000
81.149108	432.000000
81.161608	432.000000
81.174108	432.000000
81.186608	432.000000
81.199109	432.000000
81.211605	432.000000
81.224105	432.000000
81.236605	432.000000
81.249105	432.000000
81.261605	432.000000
81.274105	432.000000
81.286606	432.000000
81.299106	432.000000
81.311606	432.000000
81.324106	432.000000
81.336606	432.000000
81.349106	432.000000
81.361606	432.000000
81.374106	432.000000
81.386606	432.000000
81.399106	432.000000
81.411607	432.000000
81.424107	432.000000
81.436607	432.000000
81.449107	432.000000
81.461607	432.000000
81.474107	432.000000
81.486607	432.000000
81.499107	432.000000
81.511607	432.000000
81.524107	432.000000
81.536607	432.000000
81.549108	432.000000
81.561608	432.000000
81.574108	432.000000
81.586608	432.000000
81.599108	432.000000
81.611608	432.000000
81.624108	432.000000
81.636608	432.000000
81.649108	432.000000
81.661608	432.000000
81.674105	432.000000
81.686605	432.000000
81.699105	432.000000
81.711605	432.000000
81.724105	432.000000
81.736605	432.000000
81.749105	432.000000
81.761606	432.000000
81.774106	432.000000
81.786606	432.000000
81.799106	432.000000
81.811606	432.000000
81.824106	432.000000
81.836606	432.000000
81.849106	432.000000
81.861606	432.000000
81.874106	432.000000
81.886606	432.000000
81.899107	432.000000
81.911607	432.000000
81.924107	432.000000
81.936607	432.000000
81.949107	432.000000
81.961607	432.000000
81.974107	432.000000
81.986607	432.000000
81.999107	432.000000
82.011607	432.000000
82.024108	432.000000
82.036608	432.000000
82.049108	432.000000
82.061608	432.000000
82.074108	432.000000
82.086608	432.000000
82.099108	432.000000
82.111608	432.000000
82.124108	432.000000
82.136608	432.000000
82.149108	432.000000
82.161605	432.000000
82.174105	432.000000
82.186605	432.000000
82.199105	432.000000
82.211605	432.000000
82.224105	432.000000
82.236606	432.000000
82.249106	432.000000
82.261606	432.000000
82.274106	432.000000
82.286606	432.000000
82.299106	432.000000
82.311606	432.000000
82.324106	432.000000
82.336606	432.000000
82.349106	432.000000
82.361606	432.000000
82.374107	432.000000
82.386607	432.000000
82.399107	432.000000
82.411607	432.000000
82.424107	432.000000
82.436607	432.000000
82.449107	432.000000
82.461607	432.000000
82.474107	432.000000
82.486607	432.000000
82.499108	432.000000
82.511608	432.000000
82.524108	432.000000
82.536608	432.000000
82.549108	432.000000
82.561608	432.000000
82.574108	432.000000
82.586608	432.000000
82.599108	432.000000
82.611608	432.000000
82.624105	432.000000
82.636605	432.000000
82.649105	432.000000
82.661605	432.000000
82.674105	432.000000
82.686605	432.000000
82.699105	432.000000
82.711606	432.000000
82.724106	432.000000
82.736606	432.000000
82.749106	432.000000
82.761606	432.000000
82.774106	432.000000
82.786606	432.000000
82.799106	432.000000
82.811606	432.000000
82.824106	432.000000
82.836606	432.000000
82.849107	432.000000
82.861607	432.000000
82.874107	432.000000
82.886607	432.000000
82.899107	432.000000
82.911607	432.000000
82.924107	432.000000
82.936607	432.000000
82.949107	432.000000
82.961607	432.000000
82.974107	432.000000
82.986608	432.000000
82.999108	432.000000
83.011608	432.000000
83.024108	432.000000
83.036608	432.000000
83.049108	432.000000
83.061608	432.000000
83.074108	432.000000
83.086608	432.000000
83.099108	432.000000
83.111609	432.000000
83.124105	432.000000
83.136605	432.000000
83.149105	432.000000
83.161605	432.000000
83.174105	432.000000
83.186605	432.000000
83.199106	432.000000
83.211606	432.000000
83.224106	432.000000
83.236606	432.000000
83.249106	432.000000
83.261606	432.000000
83.274106	432.000000
83.286606	432.000000
83.299106	432.000000
83.311606	432.000000
83.324107	432.000000
83.336607	432.000000
83.349107	432.000000
83.361607	432.000000
83.374107	432.000000
83.386607	432.000000
83.399107	432.000000
83.411607	432.000000
83.424107	432.000000
83.436607	432.000000
83.449107	432.000000
83.461608	432.000000
83.474108	432.000000
83.486608	432.000000
83.499108	432.000000
83.511608	432.000000
83.524108	432.000000
83.536608	432.000000
83.549108	432.000000
83.561608	432.000000
83.574108	432.000000
83.586605	432.000000
83.599105	432.000000
83.611605	432.000000
83.624105	432.000000
83.636605	432.000000
83.649105	432.000000
83.661605	432.000000
83.674106	432.000000
83.686606	432.000000
83.699106	432.000000
83.711606	432.000000
83.724106	432.000000
83.736606	432.000000
83.749106	432.000000
83.761606	432.000000
83.774106	432.000000
83.786606	432.000000
83.799107	432.000000
83.811607	432.000000
83.824107	432.000000
83.836607	432.000000
83.849107	432.000000
83.861607	432.000000
83.874107	432.000000
83.886607	432.000000
83.899107	432.000000
83.911607	432.000000
83.924107	432.000000
83.936608	432.000000
83.949108	432.000000
83.961608	432.000000
83.974108	432.000000
83.986608	432.000000
83.999108	432.000000
84.011608	432.000000
84.024108	432.000000
84.036608	432.000000
84.049108	432.000000
84.061609	432.000000
84.074105	432.000000
84.086605	432.000000
84.099105	432.000000
84.111605	432.000000
84.124105	432.000000
84.136605	432.000000
84.149106	432.000000
84.161606	432.000000
84.174106	432.000000
84.186606	432.000000
84.199106	432.000000
84.211606	432.000000
84.224106	432.000000
84.236606	432.000000
84.249106	432.000000
84.261606	432.000000
84.274106	432.000000
84.286607	432.000000
84.299107	432.000000
84.311607	432.000000
84.324107	432.000000
84.336607	432.000000
84.349107	432.000000
84.361607	432.000000
84.374107	432.000000
84.386607	432.000000
84.399107	432.000000
84.411608	432.000000
84.424108	432.000000
84.436608	432.000000
84.449108	432.000000
84.461608	432.000000
84.474108	432.000000
84.486608	432.000000
84.499108	432.000000
84.511608	432.000000
84.524108	432.000000
84.536605	432.000000
84.549105	432.000000
84.561605	432.000000
84.574105	432.000000
84.586605	432.000000
84.599105	432.000000
84.611605	432.000000
84.624106	432.000000
84.636606	432.000000
84.649106	432.000000
84.661606	432.000000
84.674106	432.000000
84.686606	432.000000
84.699106	432.000000
84.711606	432.000000
84.724106	432.000000
84.736606	432.000000
84.749106	432.000000
84.761607	432.000000
84.774107	432.000000
84.786607	432.000000
84.799107	432.000000
84.811607	432.000000
84.824107	432.000000
84.836607	432.000000
84.849107	432.000000
84.861607	432.000000
84.874107	432.000000
84.886608	432.000000
84.899108	432.000000
84.911608	432.000000
84.924108	432.000000
84.936608	432.000000
84.949108	432.000000
84.961608	432.000000
84.974108	432.000000
84.986608	432.000000
84.999108	432.000000
85.011608	432.000000
85.024105	432.000000
85.036605	432.000000
85.049105	432.000000
85.061605	432.000000
85.074105	432.000000
85.086605	432.000000
85.099105	432.000000
85.111606	432.000000
85.124106	432.000000
85.136606	432.000000
85.149106	432.000000
85.161606	432.000000
85.174106	432.000000
85.186606	432.000000
85.199106	432.000000
85.211606	432.000000
85.224106	432.000000
85.236607	432.000000
85.249107	432.000000
85.261607	432.000000
85.274107	432.000000
85.286607	432.000000
85.299107	432.000000
85.311607	432.000000
85.324107	432.000000
85.336607	432.000000
85.349107	432.000000
85.361607	432.000000
85.374108	432.000000
85.386608	432.000000
85.399108	432.000000
85.411608	432.000000
85.424108	432.000000
85.436608	432.000000
85.449108	432.000000
85.461608	432.000000
85.474108	432.000000
85.486605	432.000000
85.499105	432.000000
85.511605	432.000000
85.524105	432.000000
85.536605	432.000000
85.549105	432.000000
85.561605	432.000000
85.574105	432.000000
85.586606	432.000000
85.599106	432.000000
85.611606	432.000000
85.624106	432.000000
85.636606	432.000000
85.649106	432.000000
85.661606	432.000000
85.674106	432.000000
85.686606	432.000000
85.699106	432.000000
85.711607	432.000000
85.724107	432.000000
85.736607	432.000000
85.749107	432.000000
85.761607	432.000000
85.774107	432.000000
85.786607	432.000000
85.799107	432.000000
85.811607	432.000000
85.824107	432.000000
85.836607	432.000000
85.849108	432.000000
85.861608	432.000000
85.874108	432.000000
85.886608	432.000000
85.899108	432.000000
85.911608	432.000000
85.924108	432.000000
85.936608	432.000000
85.949108	432.000000
85.961608	432.000000
85.974109	432.000000
85.986605	432.000000
85.999105	432.000000
86.011605	432.000000
86.024105	432.000000
86.036605	432.000000
86.049105	432.000000
86.061606	432.000000
86.074106	432.000000
86.086606	432.000000
86.099106	432.000000
86.111606	432.000000
86.124106	432.000000
86.136606	432.000000
86.149106	432.000000
86.161606	432.000000
86.174106	432.000000
86.186606	432.000000
86.199107	432.000000
86.211607	432.000000
86.224107	432.000000
86.236607	432.000000
86.249107	432.000000
86.261607	432.000000
86.274107	432.000000
86.286607	432.000000
86.299107	432.000000
86.311607	432.000000
86.324108	432.000000
86.336608	432.000000
86.349108	432.000000
86.361608	432.000000
86.374108	432.000000
86.386608	432.000000
86.399108	432.000000
86.411608	432.000000
86.424108	432.000000
86.436608	432.000000
86.449105	432.000000
86.461605	432.000000
86.474105	432.000000
86.486605	432.000000
86.499105	432.000000
86.511605	432.000000
86.524105	432.000000
86.536606	432.000000
86.549106	432.000000
86.561606	432.000000
86.574106	432.000000
86.586606	432.000000
86.599106	432.000000
86.611606	432.000000
86.624106	432.000000
86.636606	432.000000
86.649106	432.000000
86.661606	432.000000
86.674107	432.000000
86.686607	432.000000
86.699107	432.000000
86.711607	432.000000
86.724107	432.000000
86.736607	432.000000
86.749107	432.000000
86.761607	432.000000
86.774107	432.000000
86.786607	432.000000
86.799108	432.000000
86.811608	432.000000
86.824108	432.000000
86.836608	432.000000
86.849108	432.000000
86.861608	432.000000
86.874108	432.000000
86.886608	432.000000
86.899108	432.000000
86.911608	432.000000
86.924108	432.000000
86.936605	432.000000
86.949105	432.000000
86.961605	432.000000
86.974105	432.000000
86.986605	432.000000
86.999105	432.000000
87.011606	432.000000
87.024106	432.000000
87.036606	432.000000
87.049106	432.000000
87.061606	432.000000
87.074106	432.000000
87.086606	432.000000
87.099106	432.000000
87.111606	432.000000
87.124106	432.000000
87.136606	432.000000
87.149107	432.000000
87.161607	432.000000
87.174107	432.000000
87.186607	432.000000
87.199107	432.000000
87.211607	432.000000
87.224107	432.000000
87.236607	432.000000
87.249107	432.000000
87.261607	432.000000
87.274107	432.000000
87.286608	432.000000
87.299108	432.000000
87.311608	432.000000
87.324108	432.000000
87.336608	432.000000
87.349108	432.000000
87.361608	432.000000
87.374108	432.000000
87.386608	432.000000
87.399105	432.000000
87.411605	432.000000
87.424105	432.000000
87.436605	432.000000
87.449105	432.000000
87.461605	432.000000
87.474105	432.000000
87.486605	432.000000
87.499106	432.000000
87.511606	432.000000
87.524106	432.000000
87.536606	432.000000
87.549106	432.000000
87.561606	432.000000
87.574106	432.000000
87.586606	432.000000
87.599106	432.000000
87.611606	432.000000
87.624107	432.000000
87.636607	432.000000
87.649107	432.000000
87.661607	432.000000
87.674107	432.000000
87.686607	432.000000
87.699107	432.000000
87.711607	432.000000
87.724107	432.000000
87.736607	432.000000
87.749107	432.000000
87.761608	432.000000
87.774108	432.000000
87.786608	432.000000
87.799108	432.000000
87.811608	432.000000
87.824108	432.000000
87.836608	432.000000
87.849108	432.000000
87.861608	432.000000
87.874108	432.000000
87.886609	432.000000
87.899105	432.000000
87.911605	432.000000
87.924105	432.000000
87.936605	432.000000
87.949105	432.000000
87.961605	432.000000
87.974106	432.000000
87.986606	432.000000
87.999106	432.000000
88.011606	432.000000
88.024106	432.000000
88.036606	432.000000
88.049106	432.000000
88.061606	432.000000
88.074106	432.000000
88.086606	432.000000
88.099107	432.000000
88.111607	432.000000
88.124107	432.000000
88.136607	432.000000
88.149107	432.000000
88.161607	432.000000
88.174107	432.000000
88.186607	432.000000
88.199107	432.000000
88.211607	432.000000
88.224107	432.000000
88.236608	432.000000
88.249108	432.000000
88.261608	432.000000
88.274108	432.000000
88.286608	432.000000
88.299108	432.000000
88.311608	432.000000
88.324108	432.000000
88.336608	432.000000
88.349108	432.000000
88.361605	432.000000
88.374105	432.000000
88.386605	432.000000
88.399105	432.000000
88.411605	432.000000
88.424105	432.000000
88.436605	432.000000
88.449106	432.000000
88.461606	432.000000
88.474106	432.000000
88.486606	432.000000
88.499106	432.000000
88.511606	432.000000
88.524106	432.000000
88.536606	432.000000
88.549106	432.000000
88.561606	432.000000
88.574106	432.000000
88.586607	432.000000
88.599107	432.000000
88.611607	432.000000
88.624107	432.000000
88.636607	432.000000
88.649107	432.000000
88.661607	432.000000
88.674107	432.000000
88.686607	432.000000
88.699107	432.000000
88.711608	432.000000
88.724108	432.000000
88.736608	432.000000
88.749108	432.000000
88.761608	432.000000
88.774108	432.000000
88.786608	432.000000
88.799108	432.000000
88.811608	432.000000
88.824108	432.000000
88.836608	432.000000
88.849105	432.000000
88.861605	432.000000
88.874105	432.000000
88.886605	432.000000
88.899105	432.000000
88.911605	432.000000
88.924106	432.000000
88.936606	432.000000
88.949106	432.000000
88.961606	432.000000
88.974106	432.000000
88.986606	432.000000
88.999106	432.000000
89.011606	432.000000
89.024106	432.000000
89.036606	432.000000
89.049106	432.000000
89.061607	432.000000
89.074107	432.000000
89.086607	432.000000
89.099107	432.000000
89.111607	432.000000
89.124107	432.000000
89.136607	432.000000
89.149107	432.000000
89.161607	432.000000
89.174107	432.000000
89.186608	432.000000
89.199108	432.000000
89.211608	432.000000
89.224108	432.000000
89.236608	432.000000
89.249108	432.000000
89.261608	432.000000
89.274108	432.000000
89.286608	432.000000
89.299108	432.000000
89.311605	432.000000
89.324105	432.000000
89.336605	432.000000
89.349105	432.000000
89.361605	432.000000
89.374105	432.000000
89.386605	432.000000
89.399105	432.000000
89.411606	432.000000
89.424106	432.000000
89.436606	432.000000
89.449106	432.000000
89.461606	432.000000
89.474106	432.000000
89.486606	432.000000
89.499106	432.000000
89.511606	432.000000
89.524106	432.000000
89.536607	432.000000
89.549107	432.000000
89.561607	432.000000
89.574107	432.000000
89.586607	432.000000
89.599107	432.000000
89.611607	432.000000
89.624107	432.000000
89.636607	432.000000
89.649107	432.000000
89.661607	432.000000
89.674108	432.000000
89.686608	432.000000
89.699108	432.000000
89.711608	432.000000
89.724108	432.000000
89.736608	432.000000
89.749108	432.000000
89.761608	432.000000
89.774108	432.000000
89.786608	432.000000
89.799109	432.000000
89.811605	432.000000
89.824105	432.000000
89.836605	432.000000
89.849105	432.000000
89.861605	432.000000
89.874105	432.000000
89.886606	432.000000
89.899106	432.000000
89.911606	432.000000
89.924106	432.000000
89.936606	432.000000
89.949106	432.000000
89.961606	432.000000
89.974106	432.000000
89.986606	432.000000
89.999106	432.000000
90.011607	432.000000
90.024107	432.000000
90.036607	432.000000
90.049107	432.000000
90.061607	432.000000
90.074107	432.000000
90.086607	432.000000
90.099107	432.000000
90.111607	432.000000
90.124107	432.000000
90.136607	432.000000
90.149108	432.000000
90.161608	432.000000
90.174108	432.000000
90.186608	432.000000
90.199108	432.000000
90.211608	432.000000
90.224108	432.000000
90.236608	432.000000
90.249108	432.000000
90.261608	432.000000
90.274105	432.000000
90.286605	432.000000
90.299105	432.000000
90.311605	432.000000
90.324105	432.000000
90.336605	432.000000
90.349105	432.000000
90.361606	432.000000
90.374106	432.000000
90.386606	432.000000
90.399106	432.000000
90.411606	432.000000
90.424106	432.000000
90.436606	432.000000
90.449106	432.000000
90.461606	432.000000
90.474106	432.000000
90.486606	432.000000
90.499107	432.000000
90.511607	432.000000
90.524107	432.000000
90.536607	432.000000
90.549107	432.000000
90.561607	432.000000
90.574107	432.000000
90.586607	432.000000
90.599107	432.000000
90.611607	432.000000
90.624108	432.000000
90.636608	432.000000
90.649108	432.000000
90.661608	432.000000
90.674108	432.000000
90.686608	432.000000
90.699108	432.000000
90.711608	432.000000
90.724108	432.000000
90.736608	432.000000
90.749108	432.000000
90.761605	432.000000
90.774105	432.000000
90.786605	432.000000
90.799105	432.000000
90.811605	432.000000
90.824105	432.000000
90.836606	432.000000
90.849106	432.000000
90.861606	432.000000
90.874106	432.000000
90.886606	432.000000
90.899106	432.000000
90.911606	432.000000
90.924106	432.000000
90.936606	432.000000
90.949106	432.000000
90.961606	432.000000
90.974107	432.000000
90.986607	432.000000
90.999107	432.000000
91.011607	432.000000
91.024107	432.000000
91.036607	432.000000
91.049107	432.000000
91.061607	432.000000
91.074107	432.000000
91.086607	432.000000
91.099108	432.000000
91.111608	432.000000
91.124108	432.000000
91.136608	432.000000
91.149108	432.000000
91.161608	432.000000
91.174108	432.000000
91.186608	432.000000
91.199108	432.000000
91.211608	432.000000
91.224105	432.000000
91.236605	432.000000
91.249105	432.000000
91.261605	432.000000
91.274105	432.000000
91.286605	432.000000
91.299105	432.000000
91.311606	432.000000
91.324106	432.000000
91.336606	432.000000
91.349106	432.000000
91.361606	432.000000
91.374106	432.000000
91.386606	432.000000
91.399106	432.000000
91.411606	432.000000
91.424106	432.000000
91.436606	432.000000
91.449107	432.000000
91.461607	432.000000
91.474107	432.000000
91.486607	432.000000
91.499107	432.000000
91.511607	432.000000
91.524107	432.000000
91.536607	432.000000
91.549107	432.000000
91.561607	432.000000
91.574108	432.000000
91.586608	432.000000
91.599108	432.000000
91.611608	432.000000
91.624108	432.000000
91.636608	432.000000
91.649108	432.000000
91.661608	432.000000
91.674108	432.000000
91.686608	432.000000
91.699108	432.000000
91.711609	432.000000
91.724105	432.000000
91.736605	432.000000
91.749105	432.000000
91.761605	432.000000
91.774105	432.000000
91.786605	432.000000
91.799106	432.000000
91.811606	432.000000
91.824106	432.000000
91.836606	432.000000
91.849106	432.000000
91.861606	432.000000
91.874106	432.000000
91.886606	432.000000
91.899106	432.000000
91.911606	432.000000
91.924107	432.000000
91.936607	432.000000
91.949107	432.000000
91.961607	432.000000
91.974107	432.000000
91.986607	432.000000
91.999107	432.000000
92.011607	432.000000
92.024107	432.000000
92.036607	432.000000
92.049107	432.000000
92.061608	432.000000
92.074108	432.000000
92.086608	432.000000
92.099108	432.000000
92.111608	432.000000
92.124108	432.000000
92.136608	432.000000
92.149108	432.000000
92.161608	432.000000
92.174108	432.000000
92.186605	432.000000
92.199105	432.000000
92.211605	432.000000
92.224105	432.000000
92.236605	432.000000
92.249105	432.000000
92.261605	432.000000
92.274106	432.000000
92.286606	432.000000
92.299106	432.000000
92.311606	432.000000
92.324106	432.000000
92.336606	432.000000
92.349106	432.000000
92.361606	432.000000
92.374106	432.000000
92.386606	432.000000
92.399107	432.000000
92.411607	432.000000
92.424107	432.000000
92.436607	432.000000
92.449107	432.000000
92.461607	432.000000
92.474107	432.000000
92.486607	432.000000
92.499107	432.000000
92.511607	432.000000
92.524107	432.000000
92.536608	432.000000
92.549108	432.000000
92.561608	432.000000
92.574108	432.000000
92.586608	432.000000
92.599108	432.000000
92.611608	432.000000
92.624108	432.000000
92.636608	432.000000
92.649108	432.000000
92.661609	432.000000
92.674105	432.000000
92.686605	432.000000
92.699105	432.000000
92.711605	432.000000
92.724105	432.000000
92.736605	432.000000
92.749106	432.000000
92.761606	432.000000
92.774106	432.000000
92.786606	432.000000
92.799106	432.000000
92.811606	432.000000
92.824106	432.000000
92.836606	432.000000
92.849106	432.000000
92.861606	432.000000
92.874106	432.000000
92.886607	432.000000
92.899107	432.000000
92.911607	432.000000
92.924107	432.000000
92.936607	432.000000
92.949107	432.000000
92.961607	432.000000
92.974107	432.000000
92.986607	432.000000
92.999107	432.000000
93.011608	432.000000
93.024108	432.000000
93.036608	432.000000
93.049108	432.000000
93.061608	432.000000
93.074108	432.000000
93.086608	432.000000
93.099108	432.000000
93.111608	432.000000
93.124108	432.000000
93.136605	432.000000
93.149105	432.000000
93.161605	432.000000
93.174105	432.000000
93.186605	432.000000
93.199105	432.000000
93.211605	432.000000
93.224106	432.000000
93.236606	432.000000
93.249106	432.000000
93.261606	432.000000
93.274106	432.000000
93.286606	432.000000
93.299106	432.000000
93.311606	432.000000
93.324106	432.000000
93.336606	432.000000
93.349106	432.000000
93.361607	432.000000
93.374107	432.000000
93.386607	432.000000
93.399107	432.000000
93.411607	432.000000
93.424107	432.000000
93.436607	432.000000
93.449107	432.000000
93.461607	432.000000
93.474107	432.000000
93.486608	432.000000
93.499108	432.000000
93.511608	432.000000
93.524108	432.000000
93.536608	432.000000
93.549108	432.000000
93.561608	432.000000
93.574108	432.000000
93.586608	432.000000
93.599108	432.000000
93.611608	432.000000
93.624105	432.000000
93.636605	432.000000
93.649105	432.000000
93.661605	432.000000
93.674105	432.000000
93.686605	432.000000
93.699105	432.000000
93.711606	432.000000
93.724106	432.000000
93.736606	432.000000
93.749106	432.000000
93.761606	432.000000
93.774106	432.000000
93.786606	432.000000
93.799106	432.000000
93.811606	432.000000
93.824106	432.000000
93.836607	432.000000
93.849107	432.000000
93.861607	432.000000
93.874107	432.000000
93.886607	432.000000
93.899107	432.000000
93.911607	432.000000
93.924107	432.000000
93.936607	432.000000
93.949107	432.000000
93.961607	432.000000
93.974108	432.000000
93.986608	432.000000
93.999108	432.000000
94.011608	432.000000
94.024108	432.000000
94.036608	432.000000
94.049108	432.000000
94.061608	432.000000
94.074108	432.000000
94.086605	432.000000
94.099105	432.000000
94.111605	432.000000
94.124105	432.000000
94.136605	432.000000
94.149105	432.000000
94.161605	432.000000
94.174105	432.000000
94.186606	432.000000
94.199106	432.000000
94.211606	432.000000
94.224106	432.000000
94.236606	432.000000
94.249106	432.000000
94.261606	432.000000
94.274106	432.000000
94.286606	432.000000
94.299106	432.000000
94.311607	432.000000
94.324107	432.000000
94.336607	432.000000
94.349107	432.000000
94.361607	432.000000
94.374107	432.000000
94.386607	432.000000
94.399107	432.000000
94.411607	432.000000
94.424107	432.000000
94.436607	432.000000
94.449108	432.000000
94.461608	432.000000
94.474108	432.000000
94.486608	432.000000
94.499108	432.000000
94.511608	432.000000
94.524108	432.000000
94.536608	432.000000
94.549108	432.000000
94.561608	432.000000
94.574109	432.000000
94.586605	432.000000
94.599105	432.000000
94.611605	432.000000
94.624105	432.000000
94.636605	432.000000
94.649105	432.000000
94.661606	432.000000
94.674106	432.000000
94.686606	432.000000
94.699106	432.000000
94.711606	432.000000
94.724106	432.000000
94.736606	432.000000
94.749106	432.000000
94.761606	432.000000
94.774106	432.000000
94.786606	432.000000
94.799107	432.000000
94.811607	432.000000
94.824107	432.000000
94.836607	432.000000
94.849107	432.000000
94.861607	432.000000
94.874107	432.000000
94.886607	432.000000
94.899107	432.000000
94.911607	432.000000
94.924108	432.000000
94.936608	432.000000
94.949108	432.000000
94.961608	432.000000
94.974108	432.000000
94.986608	432.000000
94.999108	432.000000
95.011608	432.000000
95.024108	432.000000
95.036608	432.000000
95.049105	432.000000
95.061605	432.000000
95.074105	432.000000
95.086605	432.000000
95.099105	432.000000
95.111605	432.000000
95.124105	432.000000
95.136606	432.000000
95.149106	432.000000
95.161606	432.000000
95.174106	432.000000
95.186606	432.000000
95.199106	432.000000
95.211606	432.000000
95.224106	432.000000
95.236606	432.000000
95.249106	432.000000
95.261606	432.000000
95.274107	432.000000
95.286607	432.000000
95.299107	432.000000
95.311607	432.000000
95.324107	432.000000
95.336607	432.000000
95.349107	432.000000
95.361607	432.000000
95.374107	432.000000
95.386607	432.000000
95.399108	432.000000
95.411608	432.000000
95.424108	432.000000
95.436608	432.000000
95.449108	432.000000
95.461608	432.000000
95.474108	432.000000
95.486608	432.000000
95.499108	432.000000
95.511608	432.000000
95.524108	432.000000
95.536605	432.000000
95.549105	432.000000
95.561605	432.000000
95.574105	432.000000
95.586605	432.000000
95.599105	432.000000
95.611606	432.000000
95.624106	432.000000
95.636606	432.000000
95.649106	432.000000
95.661606	432.000000
95.674106	432.000000
95.686606	432.000000
95.699106	432.000000
95.711606	432.000000
95.724106	432.000000
95.736606	432.000000
95.749107	432.000000
95.761607	432.000000
95.774107	432.000000
95.786607	432.000000
95.799107	432.000000
95.811607	432.000000
95.824107	432.000000
95.836607	432.000000
95.849107	432.000000
95.861607	432.000000
95.874108	432.000000
95.886608	432.000000
95.899108	432.000000
95.911608	432.000000
95.924108	432.000000
95.936608	432.000000
95.949108	432.000000
95.961608	432.000000
95.974108	432.000000
95.986608	432.000000
95.999105	432.000000
96.011605	432.000000
96.024105	432.000000
96.036605	432.000000
96.049105	432.000000
96.061605	432.000000
96.074105	432.000000
96.086605	432.000000
96.099106	432.000000
96.111606	432.000000
96.124106	432.000000
96.136606	432.000000
96.149106	432.000000
96.161606	432.000000
96.174106	432.000000
96.186606	432.000000
96.199106	432.000000
96.211606	432.000000
96.224107	432.000000
96.236607	432.000000
96.249107	432.000000
96.261607	432.000000
96.274107	432.000000
96.286607	432.000000
96.299107	432.000000
96.311607	432.000000
96.324107	432.000000
96.336607	432.000000
96.349107	432.000000
96.361608	432.000000
96.374108	432.000000
96.386608	432.000000
96.399108	432.000000
96.411608	432.000000
96.424108	432.000000
96.436608	432.000000
96.449108	432.000000
96.461608	432.000000
96.474108	432.000000
96.486609	432.000000
96.499105	432.000000
96.511605	432.000000
96.524105	432.000000
96.536605	432.000000
96.549105	432.000000
96.561605	432.000000
96.574106	432.000000
96.586606	432.000000
96.599106	432.000000
96.611606	432.000000
96.624106	432.000000
96.636606	432.000000
96.649106	432.000000
96.661606	432.000000
96.674106	432.000000
96.686606	432.000000
96.699107	432.000000
96.711607	432.000000
96.724107	432.000000
96.736607	432.000000
96.749107	432.000000
96.761607	432.000000
96.774107	432.000000
96.786607	432.000000
96.799107	432.000000
96.811607	432.000000
96.824107	432.000000
96.836608	432.000000
96.849108	432.000000
96.861608	432.000000
96.874108	432.000000
96.886608	432.000000
96.899108	432.000000
96.911608	432.000000
96.924108	432.000000
96.936608	432.000000
96.949108	432.000000
96.961605	432.000000
96.974105	432.000000
96.986605	432.000000
96.999105	432.000000
97.011605	432.000000
97.024105	432.000000
97.036605	432.000000
97.049106	432.000000
97.061606	432.000000
97.074106	432.000000
97.086606	432.000000
97.099106	432.000000
97.111606	432.000000
97.124106	432.000000
97.136606	432.000000
97.149106	432.000000
97.161606	432.000000
97.174106	432.000000
97.186607	432.000000
97.199107	432.000000
97.211607	432.000000
97.224107	432.000000
97.236607	432.000000
97.249107	432.000000
97.261607	432.000000
97.274107	432.000000
97.286607	432.000000
97.299107	432.000000
97.311608	432.000000
97.324108	432.000000
97.336608	432.000000
97.349108	432.000000
97.361608	432.000000
97.374108	432.000000
97.386608	432.000000
97.399108	432.000000
97.411608	432.000000
97.424108	432.000000
97.436608	432.000000
97.449105	432.000000
97.461605	432.000000
97.474105	432.000000
97.486605	432.000000
97.499105	432.000000
97.511605	432.000000
97.524106	432.000000
97.536606	432.000000
97.549106	432.000000
97.561606	432.000000
97.574106	432.000000
97.586606	432.000000
97.599106	432.000000
97.611606	432.000000
97.624106	432.000000
97.636606	432.000000
97.649106	432.000000
97.661607	432.000000
97.674107	432.000000
97.686607	432.000000
97.699107	432.000000
97.711607	432.000000
97.724107	432.000000
97.736607	432.000000
97.749107	432.000000
97.761607	432.000000
97.774107	432.000000
97.786608	432.000000
97.799108	432.000000
97.811608	432.000000
97.824108	432.000000
97.836608	432.000000
97.849108	432.000000
97.861608	432.000000
97.874108	432.000000
97.886608	432.000000
97.899108	432.000000
97.911605	432.000000
97.924105	432.000000
97.936605	432.000000
97.949105	432.000000
97.961605	432.000000
97.974105	432.000000
97.986605	432.000000
97.999105	432.000000
98.011606	432.000000
98.024106	432.000000
98.036606	432.000000
98.049106	432.000000
98.061606	432.000000
98.074106	432.000000
98.086606	432.000000
98.099106	432.000000
98.111606	432.000000
98.124106	432.000000
98.136607	432.000000
98.149107	432.000000
98.161607	432.000000
98.174107	432.000000
98.186607	432.000000
98.199107	432.000000
98.211607	432.000000
98.224107	432.000000
98.236607	432.000000
98.249107	432.000000
98.261607	432.000000
98.274108	432.000000
98.286608	432.000000
98.299108	432.000000
98.311608	432.000000
98.324108	432.000000
98.336608	432.000000
98.349108	432.000000
98.361608	432.000000
98.374108	432.000000
98.386608	432.000000
98.399109	432.000000
98.411605	432.000000
98.424105	432.000000
98.436605	432.000000
98.449105	432.000000
98.461605	432.000000
98.474105	432.000000
98.486606	432.000000
98.499106	432.000000
98.511606	432.000000
98.524106	432.000000
98.536606	432.000000
98.549106	432.000000
98.561606	432.000000
98.574106	432.000000
98.586606	432.000000
98.599106	432.000000
98.611607	432.000000
98.624107	432.000000
98.636607	432.000000
98.649107	432.000000
98.661607	432.000000
98.674107	432.000000
98.686607	432.000000
98.699107	432.000000
98.711607	432.000000
98.724107	432.000000
98.736607	432.000000
98.749108	432.000000
98.761608	432.000000
98.774108	432.000000
98.786608	432.000000
98.799108	432.000000
98.811608	432.000000
98.824108	432.000000
98.836608	432.000000
98.849108	432.000000
98.861608	432.000000
98.874105	432.000000
98.886605	432.000000
98.899105	432.000000
98.911605	432.000000
98.924105	432.000000
98.936605	432.000000
98.949105	432.000000
98.961606	432.000000
98.974106	432.000000
98.986606	432.000000
98.999106	432.000000
99.011606	432.000000
99.024106	432.000000
99.036606	432.000000
99.049106	432.000000
99.061606	432.000000
99.074106	432.000000
99.086606	432.000000
99.099107	432.000000
99.111607	432.000000
99.124107	432.000000
99.136607	432.000000
99.149107	432.000000
99.161607	432.000000
99.174107	432.000000
99.186607	432.000000
99.199107	432.000000
99.211607	432.000000
99.224108	432.000000
99.236608	432.000000
99.249108	432.000000
99.261608	432.000000
99.274108	432.000000
99.286608	432.000000
99.299108	432.000000
99.311608	432.000000
99.324108	432.000000
99.336608	432.000000
99.349108	432.000000
99.361605	432.000000
99.374105	432.000000
99.386605	432.000000
99.399105	432.000000
99.411605	432.000000
99.424105	432.000000
99.436606	432.000000
99.449106	432.000000
99.461606	432.000000
99.474106	432.000000
99.486606	432.000000
99.499106	432.000000
99.511606	432.000000
99.524106	432.000000
99.536606	432.000000
99.549106	432.000000
99.561606	432.000000
99.574107	432.000000
99.586607	432.000000
99.599107	432.000000
99.611607	432.000000
99.624107	432.000000
99.636607	432.000000
99.649107	432.000000
99.661607	432.000000
99.674107	432.000000
99.686607	432.000000
99.699108	432.000000
99.711608	432.000000
99.724108	432.000000
99.736608	432.000000
99.749108	432.000000
99.761608	432.000000
99.774108	432.000000
99.786608	432.000000
99.799108	432.000000
99.811608	432.000000
99.824105	432.000000
99.836605	432.000000
99.849105	432.000000
99.861605	432.000000
99.874105	432.000000
99.886605	432.000000
99.899105	432.000000
99.911606	432.000000
99.924106	432.000000
99.936606	432.000000
99.949106	432.000000
99.961606	432.000000
99.974106	432.000000
99.986606	432.000000
99.999106	432.000000
100.011606	432.000000
100.024106	432.000000
100.036606	432.000000
100.049107	432.000000
100.061607	432.000000
100.074107	432.000000
100.086607	432.000000
100.099107	432.000000
100.111607	432.000000
100.124107	432.000000
100.136607	432.000000
100.149107	432.000000
100.161607	432.000000
100.174108	432.000000
100.186608	432.000000
100.199108	432.000000
100.211608	432.000000
100.224108	432.000000
100.236608	432.000000
100.249108	432.000000
100.261608	432.000000
100.274108	432.000000
100.286608	432.000000
100.299108	432.000000
100.311605	432.000000
100.324105	432.000000
100.336605	432.000000
100.349105	432.000000
100.361605	432.000000
100.374105	432.000000
100.386605	432.000000
100.399106	432.000000
100.411606	432.000000
100.424106	432.000000
100.436606	432.000000
100.449106	432.000000
100.461606	432.000000
100.474106	432.000000
100.486606	432.000000
100.499106	432.000000
100.511606	432.000000
100.524107	432.000000
100.536607	432.000000
100.549107	432.000000
100.561607	432.000000
100.574107	432.000000
100.586607	432.000000
100.599107	432.000000
100.611607	432.000000
100.624107	432.000000
100.636607	432.000000
100.649107	432.000000
100.661608	432.000000
100.674108	432.000000
100.686608	432.000000
100.699108	432.000000
100.711608	432.000000
100.724108	432.000000
100.736608	432.000000
100.749108	432.000000
100.761608	432.000000
100.774108	432.000000
100.786605	432.000000
100.799105	432.000000
100.811605	432.000000
100.824105	432.000000
100.836605	432.000000
100.849105	432.000000
100.861605	432.000000
100.874106	432.000000
100.886606	432.000000
100.899106	432.000000
100.911606	432.000000
100.924106	432.000000
100.936606	432.000000
100.949106	432.000000
100.961606	432.000000
100.974106	432.000000
100.986606	432.000000
100.999107	432.000000
101.011607	432.000000
101.024107	432.000000
101.036607	432.000000
101.049107	432.000000
101.061607	432.000000
101.074107	432.000000
101.086607	432.000000
101.099107	432.000000
101.111607	432.000000
101.124107	432.000000
101.136608	432.000000
101.149108	432.000000
101.161608	432.000000
101.174108	432.000000
101.186608	432.000000
101.199108	432.000000
101.211608	432.000000
101.224108	432.000000
101.236608	432.000000
101.249108	432.000000
101.261609	432.000000
101.274105	432.000000
101.286605	432.000000
101.299105	432.000000
101.311605	432.000000
101.324105	432.000000
101.336605	432.000000
101.349106	432.000000
101.361606	432.000000
101.374106	432.000000
101.386606	432.000000
101.399106	432.000000
101.411606	432.000000
101.424106	432.000000
101.436606	432.000000
101.449106	432.000000
101.461606	432.000000
101.474106	432.000000
101.486607	432.000000
101.499107	432.000000
101.511607	432.000000
101.524107	432.000000
101.536607	432.000000
101.549107	432.000000
101.561607	432.000000
101.574107	432.000000
101.586607	432.000000
101.599107	432.000000
101.611608	432.000000
101.624108	432.000000
101.636608	432.000000
101.649108	432.000000
101.661608	432.000000
101.674108	432.000000
101.686608	432.000000
101.699108	432.000000
101.711608	432.000000
101.724108	432.000000
101.736605	432.000000
101.749105	432.000000
101.761605	432.000000
101.774105	432.000000
101.786605	432.000000
101.799105	432.000000
101.811605	432.000000
101.824106	432.000000
101.836606	432.000000
101.849106	432.000000
101.861606	432.000000
101.874106	432.000000
101.886606	432.000000
101.899106	432.000000
101.911606	432.000000
101.924106	432.000000
101.936606	432.000000
101.949106	432.000000
101.961607	432.000000
101.974107	432.000000
101.986607	432.000000
101.999107	432.000000
102.011607	432.000000
102.024107	432.000000
102.036607	432.000000
102.049107	432.000000
102.061607	432.000000
102.074107	432.000000
102.086608	432.000000
102.099108	432.000000
102.111608	432.000000
102.124108	432.000000
102.136608	432.000000
102.149108	432.000000
102.161608	432.000000
102.174108	432.000000
102.186608	432.000000
102.199108	432.000000
102.211608	432.000000
102.224105	432.000000
102.236605	432.000000
102.249105	432.000000
102.261605	432.000000
102.274105	432.000000
102.286605	432.000000
102.299105	432.000000
102.311606	432.000000
102.324106	432.000000
102.336606	432.000000
102.349106	432.000000
102.361606	432.000000
102.374106	432.000000
102.386606	432.000000
102.399106	432.000000
102.411606	432.000000
102.424106	432.000000
102.436607	432.000000
102.449107	432.000000
102.461607	432.000000
102.474107	432.000000
102.486607	432.000000
102.499107	432.000000
102.511607	432.000000
102.524107	432.000000
102.536607	432.000000
102.549107	432.000000
102.561607	432.000000
102.574108	432.000000
102.586608	432.000000
102.599108	432.000000
102.611608	432.000000
102.624108	432.000000
102.636608	432.000000
102.649108	432.000000
102.661608	448.000000
102.674108	480.000000
102.686605	496.000000
102.699105	528.000000
102.711605	544.000000
102.724105	560.000000
102.736605	576.000000
102.749105	592.000000
102.761605	592.000000
102.774105	592.000000
102.786606	592.000000
102.799106	592.000000
102.811606	576.000000
102.824106	560.000000
102.836606	560.000000
102.849106	544.000000
102.861606	528.000000
102.874106	512.000000
102.886606	512.000000
102.899106	496.000000
102.911607	496.000000
102.924107	496.000000
102.936607	480.000000
102.949107	480.000000
102.961607	464.000000
102.974107	464.000000
102.986607	464.000000
102.999107	464.000000
103.011607	464.000000
103.024107	448.000000
103.036607	448.000000
103.049108	448.000000
103.061608	448.000000
103.074108	448.000000
103.086608	448.000000
103.099108	448.000000
103.111608	448.000000
103.124108	448.000000
103.136608	448.000000
103.149108	448.000000
103.161608	448.000000
103.174109	448.000000
103.186605	448.000000
103.199105	448.000000
103.211605	448.000000
103.224105	432.000000
103.236605	432.000000
103.249105	432.000000
103.261606	432.000000
103.274106	432.000000
103.286606	432.000000
103.299106	432.000000
103.311606	432.000000
103.324106	432.000000
103.336606	432.000000
103.349106	432.000000
103.361606	432.000000
103.374106	432.000000
103.386606	432.000000
103.399107	432.000000
103.411607	432.000000
103.424107	432.000000
103.436607	432.000000
103.449107	432.000000
103.461607	432.000000
103.474107	432.000000
103.486607	432.000000
103.499107	432.000000
103.511607	432.000000
103.524108	432.000000
103.536608	432.000000
103.549108	432.000000
103.561608	432.000000
103.574108	432.000000
103.586608	432.000000
103.599108	432.000000
103.611608	432.000000
103.624108	432.000000
103.636608	432.000000
103.649105	432.000000
103.661605	432.000000
103.674105	432.000000
103.686605	432.000000
103.699105	432.000000
103.711605	432.000000
103.724105	432.000000
103.736606	432.000000
103.749106	432.000000
103.761606	432.000000
103.774106	432.000000
103.786606	432.000000
103.799106	432.000000
103.811606	432.000000
103.824106	432.000000
103.836606	432.000000
103.849106	432.000000
103.861606	432.000000
103.874107	432.000000
103.886607	432.000000
103.899107	432.000000
103.911607	432.000000
103.924107	432.000000
103.936607	432.000000
103.949107	432.000000
103.961607	432.000000
103.974107	432.000000
103.986607	432.000000
103.999108	432.000000
104.011608	432.000000
104.024108	432.000000
104.036608	432.000000
104.049108	432.000000
104.061608	432.000000
104.074108	432.000000
104.086608	432.000000
104.099108	432.000000
104.111608	432.000000
104.124108	432.000000
104.136605	432.000000
104.149105	432.000000
104.161605	432.000000
104.174105	432.000000
104.186605	432.000000
104.199105	432.000000
104.211606	432.000000
104.224106	432.000000
104.236606	432.000000
104.249106	432.000000
104.261606	432.000000
104.274106	432.000000
104.286606	432.000000
104.299106	432.000000
104.311606	432.000000
104.324106	432.000000
104.336606	432.000000
104.349107	432.000000
104.361607	432.000000
104.374107	432.000000
104.386607	432.000000
104.399107	432.000000
104.411607	432.000000
104.424107	432.000000
104.436607	432.000000
104.449107	432.000000
104.461607	432.000000
104.474108	432.000000
104.486608	432.000000
104.499108	432.000000
104.511608	432.000000
104.524108	432.000000
104.536608	432.000000
104.549108	432.000000
104.561608	432.000000
104.574108	432.000000
104.586608	432.000000
104.599105	432.000000
104.611605	432.000000
104.624105	432.000000
104.636605	432.000000
104.649105	432.000000
104.661605	432.000000
104.674105	432.000000
104.686605	432.000000
104.699106	432.000000
104.711606	432.000000
104.724106	432.000000
104.736606	432.000000
104.749106	432.000000
104.761606	432.000000
104.774106	432.000000
104.786606	432.000000
104.799106	432.000000
104.811606	432.000000
104.824107	432.000000
104.836607	432.000000
104.849107	432.000000
104.861607	432.000000
104.874107	432.000000
104.886607	432.000000
104.899107	432.000000
104.911607	432.000000
104.924107	432.000000
104.936607	432.000000
104.949107	432.000000
104.961608	432.000000
104.974108	432.000000
104.986608	432.000000
104.999108	432.000000
105.011608	432.000000
105.024108	432.000000
105.036608	432.000000
105.049108	432.000000
105.061608	432.000000
105.074108	432.000000
105.086609	432.000000
105.099105	432.000000
105.111605	432.000000
105.124105	432.000000
105.136605	432.000000
105.149105	432.000000
105.161605	432.000000
105.174106	432.000000
105.186606	432.000000
105.199106	432.000000
105.211606	432.000000
105.224106	432.000000
105.236606	432.000000
105.249106	432.000000
105.261606	432.000000
105.274106	432.000000
105.286606	432.000000
105.299107	432.000000
105.311607	432.000000
105.324107	432.000000
105.336607	432.000000
105.349107	432.000000
105.361607	432.000000
105.374107	432.000000
105.386607	432.000000
105.399107	432.000000
105.411607	432.000000
105.424107	432.000000
105.436608	432.000000
105.449108	432.000000
105.461608	432.000000
105.474108	432.000000
105.486608	432.000000
105.499108	432.000000
105.511608	432.000000
105.524108	432.000000
105.536608	432.000000
105.549108	432.000000
105.561605	432.000000
105.574105	432.000000
105.586605	432.000000
105.599105	432.000000
105.611605	432.000000
105.624105	432.000000
105.636605	432.000000
105.649106	432.000000
105.661606	432.000000
105.674106	432.000000
105.686606	432.000000
105.699106	432.000000
105.711606	432.000000
105.724106	432.000000
105.736606	432.000000
105.749106	432.000000
105.761606	432.000000
105.774106	432.000000
105.786607	432.000000
105.799107	432.000000
105.811607	432.000000
105.824107	432.000000
105.836607	432.000000
105.849107	432.000000
105.861607	432.000000
105.874107	432.000000
105.886607	432.000000
105.899107	432.000000
105.911608	432.000000
105.924108	432.000000
105.936608	432.000000
105.949108	432.000000
105.961608	432.000000
105.974108	432.000000
105.986608	432.000000
105.999108	432.000000
106.011608	432.000000
106.024108	432.000000
106.036608	432.000000
106.049105	432.000000
106.061605	432.000000
106.074105	432.000000
106.086605	432.000000
106.099105	432.000000
106.111605	432.000000
106.124106	432.000000
106.136606	432.000000
106.149106	432.000000
106.161606	432.000000
106.174106	432.000000
106.186606	432.000000
106.199106	432.000000
106.211606	432.000000
106.224106	432.000000
106.236606	432.000000
106.249106	432.000000
106.261607	432.000000
106.274107	432.000000
106.286607	432.000000
106.299107	432.000000
106.311607	432.000000
106.324107	432.000000
106.336607	432.000000
106.349107	432.000000
106.361607	432.000000
106.374107	432.000000
106.386608	432.000000
106.399108	432.000000
106.411608	432.000000
106.424108	432.000000
106.436608	432.000000
106.449108	432.000000
106.461608	432.000000
106.474108	432.000000
106.486608	432.000000
106.499108	432.000000
106.511605	432.000000
106.524105	432.000000
106.536605	432.000000
106.549105	432.000000
106.561605	432.000000
106.574105	432.000000
106.586605	432.000000
106.599105	432.000000
106.611606	432.000000
106.624106	432.000000
106.636606	432.000000
106.649106	432.000000
106.661606	432.000000
106.674106	432.000000
106.686606	432.000000
106.699106	432.000000
106.711606	432.000000
106.724106	432.000000
106.736607	432.000000
106.749107	432.000000
106.761607	432.000000
106.774107	432.000000
106.786607	432.000000
106.799107	432.000000
106.811607	432.000000
106.824107	432.000000
106.836607	432.000000
106.849107	432.000000
106.861607	432.000000
106.874108	432.000000
106.886608	432.000000
106.899108	432.000000
106.911608	432.000000
106.924108	432.000000
106.936608	432.000000
106.949108	432.000000
106.961608	432.000000
106.974108	432.000000
106.986608	432.000000
106.999109	432.000000
107.011605	432.000000
107.024105	432.000000
107.036605	432.000000
107.049105	432.000000
107.061605	432.000000
107.074105	432.000000
107.086606	432.000000
107.099106	432.000000
107.111606	432.000000
107.124106	432.000000
107.136606	432.000000
107.149106	432.000000
107.161606	432.000000
107.174106	432.000000
107.186606	432.000000
107.199106	432.000000
107.211607	432.000000
107.224107	432.000000
107.236607	432.000000
107.249107	432.000000
107.261607	432.000000
107.274107	432.000000
107.286607	432.000000
107.299107	432.000000
107.311607	432.000000
107.324107	432.000000
107.336607	432.000000
107.349108	432.000000
107.361608	432.000000
107.374108	432.000000
107.386608	432.000000
107.399108	432.000000
107.411608	432.000000
107.424108	432.000000
107.436608	432.000000
107.449108	432.000000
107.461608	432.000000
107.474105	432.000000
107.486605	432.000000
107.499105	432.000000
107.511605	432.000000
107.524105	432.000000
107.536605	432.000000
107.549105	432.000000
107.561606	432.000000
107.574106	432.000000
107.586606	432.000000
107.599106	432.000000
107.611606	432.000000
107.624106	432.000000
107.636606	432.000000
107.649106	432.000000
107.661606	432.000000
107.674106	432.000000
107.686606	432.000000
107.699107	432.000000
107.711607	432.000000
107.724107	432.000000
107.736607	432.000000
107.749107	432.000000
107.761607	432.000000
107.774107	432.000000
107.786607	432.000000
107.799107	432.000000
107.811607	432.000000
107.824108	432.000000
107.836608	432.000000
107.849108	432.000000
107.861608	432.000000
107.874108	432.000000
107.886608	432.000000
107.899108	432.000000
107.911608	432.000000
107.924108	432.000000
107.936608	432.000000
107.949108	432.000000
107.961605	432.000000
107.974105	432.000000
107.986605	432.000000
107.999105	432.000000
108.011605	432.000000
108.024105	432.000000
108.036606	432.000000
108.049106	432.000000
108.061606	432.000000
108.074106	432.000000
108.086606	432.000000
108.099106	432.000000
108.111606	432.000000
108.124106	432.000000
108.136606	432.000000
108.149106	432.000000
108.161606	432.000000
108.174107	432.000000
108.186607	432.000000
108.199107	432.000000
108.211607	432.000000
108.224107	432.000000
108.236607	432.000000
108.249107	432.000000
108.261607	432.000000
108.274107	432.000000
108.286607	432.000000
108.299108	432.000000
108.311608	432.000000
108.324108	432.000000
108.336608	432.000000
108.349108	432.000000
108.361608	432.000000
108.374108	432.000000
108.386608	432.000000
108.399108	432.000000
108.411608	432.000000
108.424105	432.000000
108.436605	432.000000
108.449105	432.000000
108.461605	432.000000
108.474105	432.000000
108.486605	432.000000
108.499105	432.000000
108.511606	432.000000
108.524106	432.000000
108.536606	432.000000
108.549106	432.000000
108.561606	432.000000
108.574106	432.000000
108.586606	432.000000
108.599106	432.000000
108.611606	432.000000
108.624106	432.000000
108.636606	432.000000
108.649107	432.000000
108.661607	432.000000
108.674107	432.000000
108.686607	432.000000
108.699107	432.000000
108.711607	432.000000
108.724107	432.000000
108.736607	432.000000
108.749107	432.000000
108.761607	432.000000
108.774108	432.000000
108.786608	432.000000
108.799108	432.000000
108.811608	432.000000
108.824108	432.000000
108.836608	432.000000
108.849108	432.000000
108.861608	432.000000
108.874108	432.000000
108.886608	432.000000
108.899108	432.000000
108.911605	432.000000
108.924105	432.000000
108.936605	432.000000
108.949105	432.000000
108.961605	432.000000
108.974105	432.000000
108.986605	432.000000
108.999106	432.000000
109.011606	432.000000
109.024106	432.000000
109.036606	432.000000
109.049106	432.000000
109.061606	432.000000
109.074106	432.000000
109.086606	432.000000
109.099106	432.000000
109.111606	432.000000
109.124107	432.000000
109.136607	432.000000
109.149107	432.000000
109.161607	432.000000
109.174107	432.000000
109.186607	432.000000
109.199107	432.000000
109.211607	432.000000
109.224107	432.000000
109.236607	432.000000
109.249107	432.000000
109.261608	432.000000
109.274108	432.000000
109.286608	432.000000
109.299108	432.000000
109.311608	432.000000
109.324108	432.000000
109.336608	432.000000
109.349108	432.000000
109.361608	432.000000
109.374108	432.000000
109.386605	432.000000
109.399105	432.000000
109.411605	432.000000
109.424105	432.000000
109.436605	432.000000
109.449105	432.000000
109.461605	432.000000
109.474106	432.000000
109.486606	432.000000
109.499106	432.000000
109.511606	432.000000
109.524106	432.000000
109.536606	432.000000
109.549106	432.000000
109.561606	432.000000
109.574106	432.000000
109.586606	432.000000
109.599107	432.000000
109.611607	432.000000
109.624107	432.000000
109.636607	432.000000
109.649107	432.000000
109.661607	432.000000
109.674107	432.000000
109.686607	432.000000
109.699107	432.000000
109.711607	432.000000
109.724107	432.000000
109.736608	432.000000
109.749108	432.000000
109.761608	432.000000
109.774108	432.000000
109.786608	432.000000
109.799108	432.000000
109.811608	432.000000
109.824108	432.000000
109.836608	432.000000
109.849108	432.000000
109.861609	432.000000
109.874105	432.000000
109.886605	432.000000
109.899105	432.000000
109.911605	432.000000
109.924105	432.000000
109.936605	432.000000
109.949106	432.000000
109.961606	432.000000
109.974106	432.000000
109.986606	432.000000
109.999106	432.000000
110.011606	432.000000
110.024106	432.000000
110.036606	432.000000
110.049106	432.000000
110.061606	432.000000
110.074106	432.000000
110.086607	432.000000
110.099107	432.000000
110.111607	432.000000
110.124107	432.000000
110.136607	432.000000
110.149107	432.000000
110.161607	432.000000
110.174107	432.000000
110.186607	432.000000
110.199107	432.000000
110.211608	432.000000
110.224108	432.000000
110.236608	432.000000
110.249108	432.000000
110.261608	432.000000
110.274108	432.000000
110.286608	432.000000
110.299108	432.000000
110.311608	432.000000
110.324108	432.000000
110.336605	432.000000
110.349105	432.000000
110.361605	432.000000
110.374105	432.000000
110.386605	432.000000
110.399105	432.000000
110.411605	432.000000
110.424106	432.000000
110.436606	432.000000
110.449106	432.000000
110.461606	432.000000
110.474106	432.000000
110.486606	432.000000
110.499106	432.000000
110.511606	432.000000
110.524106	432.000000
110.536606	432.000000
110.549106	432.000000
110.561607	432.000000
110.574107	432.000000
110.586607	432.000000
110.599107	432.000000
110.611607	432.000000
110.624107	432.000000
110.636607	432.000000
110.649107	432.000000
110.661607	432.000000
110.674107	432.000000
110.686608	432.000000
110.699108	432.000000
110.711608	432.000000
110.724108	432.000000
110.736608	432.000000
110.749108	432.000000
110.761608	432.000000
110.774108	432.000000
110.786608	432.000000
110.799108	432.000000
110.811608	432.000000
110.824105	432.000000
110.836605	432.000000
110.849105	432.000000
110.861605	432.000000
110.874105	432.000000
110.886605	432.000000
110.899105	432.000000
110.911606	432.000000
110.924106	432.000000
110.936606	432.000000
110.949106	432.000000
110.961606	432.000000
110.974106	432.000000
110.986606	432.000000
110.999106	432.000000
111.011606	432.000000
111.024106	432.000000
111.036607	432.000000
111.049107	432.000000
111.061607	432.000000
111.074107	432.000000
111.086607	432.000000
111.099107	432.000000
111.111607	432.000000
111.124107	432.000000
111.136607	432.000000
111.149107	432.000000
111.161607	432.000000
111.174108	432.000000
111.186608	432.000000
111.199108	432.000000
111.211608	432.000000
111.224108	432.000000
111.236608	432.000000
111.249108	432.000000
111.261608	432.000000
111.274108	432.000000
111.286605	432.000000
111.299105	432.000000
111.311605	432.000000
111.324105	432.000000
111.336605	432.000000
111.349105	432.000000
111.361605	432.000000
111.374105	432.000000
111.386606	432.000000
111.399106	432.000000
111.411606	432.000000
111.424106	432.000000
111.436606	432.000000
111.449106	432.000000
111.461606	432.000000
111.474106	432.000000
111.486606	432.000000
111.499106	432.000000
111.511607	432.000000
111.524107	432.000000
111.536607	432.000000
111.549107	432.000000
111.561607	432.000000
111.574107	432.000000
111.586607	432.000000
111.599107	432.000000
111.611607	432.000000
111.624107	432.000000
111.636607	432.000000
111.649108	432.000000
111.661608	432.000000
111.674108	432.000000
111.686608	432.000000
111.699108	432.000000
111.711608	432.000000
111.724108	432.000000
111.736608	432.000000
111.749108	432.000000
111.761608	432.000000
111.774109	432.000000
111.786605	432.000000
111.799105	432.000000
111.811605	432.000000
111.824105	432.000000
111.836605	432.000000
111.849105	432.000000
111.861606	432.000000
111.874106	432.000000
111.886606	432.000000
111.899106	432.000000
111.911606	432.000000
111.924106	432.000000
111.936606	432.000000
111.949106	432.000000
111.961606	432.000000
111.974106	432.000000
111.986606	432.000000
111.999107	432.000000
112.011607	432.000000
112.024107	432.000000
112.036607	432.000000
112.049107	432.000000
112.061607	432.000000
112.074107	432.000000
112.086607	432.000000
112.099107	432.000000
112.111607	432.000000
112.124108	432.000000
112.136608	432.000000
112.149108	432.000000
112.161608	432.000000
112.174108	432.000000
112.186608	432.000000
112.199108	432.000000
112.211608	432.000000
112.224108	432.000000
112.236608	432.000000
112.249105	432.000000
112.261605	432.000000
112.274105	432.000000
112.286605	432.000000
112.299105	432.000000
112.311605	432.000000
112.324105	432.000000
112.336606	432.000000
112.349106	432.000000
112.361606	432.000000
112.374106	432.000000
112.386606	432.000000
112.399106	432.000000
112.411606	432.000000
112.424106	432.000000
112.436606	432.000000
112.449106	432.000000
112.461606	432.000000
112.474107	432.000000
112.486607	432.000000
112.499107	432.000000
112.511607	432.000000
112.524107	432.000000
112.536607	432.000000
112.549107	432.000000
112.561607	432.000000
112.574107	432.000000
112.586607	432.000000
112.599108	432.000000
112.611608	432.000000
112.624108	432.000000
112.636608	432.000000
112.649108	432.000000
112.661608	432.000000
112.674108	432.000000
112.686608	432.000000
112.699108	432.000000
112.711608	432.000000
112.724108	432.000000
112.736605	432.000000
112.749105	432.000000
112.761605	432.000000
112.774105	432.000000
112.786605	432.000000
112.799105	432.000000
112.811606	432.000000
112.824106	432.000000
112.836606	432.000000
112.849106	432.000000
112.861606	432.000000
112.874106	432.000000
112.886606	432.000000
112.899106	432.000000
112.911606	432.000000
112.924106	432.000000
112.936606	432.000000
112.949107	432.000000
112.961607	432.000000
112.974107	432.000000
112.986607	432.000000
112.999107	432.000000
113.011607	432.000000
113.024107	432.000000
113.036607	432.000000
113.049107	432.000000
113.061607	432.000000
113.074108	432.000000
113.086608	432.000000
113.099108	432.000000
113.111608	432.000000
113.124108	432.000000
113.136608	432.000000
113.149108	432.000000
113.161608	432.000000
113.174108	432.000000
113.186608	432.000000
113.199105	432.000000
113.211605	432.000000
113.224105	432.000000
113.236605	432.000000
113.249105	432.000000
113.261605	432.000000
113.274105	432.000000
113.286605	432.000000
113.299106	432.000000
113.311606	432.000000
113.324106	432.000000
113.336606	432.000000
113.349106	432.000000
113.361606	432.000000
113.374106	432.000000
113.386606	432.000000
113.399106	432.000000
113.411606	432.000000
113.424107	432.000000
113.436607	432.000000
113.449107	432.000000
113.461607	432.000000
113.474107	432.000000
113.486607	432.000000
113.499107	432.000000
113.511607	432.000000
113.524107	432.000000
113.536607	432.000000
113.549107	432.000000
113.561608	432.000000
113.574108	432.000000
113.586608	432.000000
113.599108	432.000000
113.611608	432.000000
113.624108	432.000000
113.636608	432.000000
113.649108	432.000000
113.661608	432.000000
113.674108	432.000000
113.686609	432.000000
113.699105	432.000000
113.711605	432.000000
113.724105	432.000000
113.736605	432.000000
113.749105	432.000000
113.761605	432.000000
113.774106	432.000000
113.786606	432.000000
113.799106	432.000000
113.811606	432.000000
113.824106	432.000000
113.836606	432.000000
113.849106	432.000000
113.861606	432.000000
113.874106	432.000000
113.886606	432.000000
113.899107	432.000000
113.911607	432.000000
113.924107	432.000000
113.936607	432.000000
113.949107	432.000000
113.961607	432.000000
113.974107	432.000000
113.986607	432.000000
113.999107	432.000000
114.011607	432.000000
114.024107	432.000000
114.036608	432.000000
114.049108	432.000000
114.061608	432.000000
114.074108	432.000000
114.086608	432.000000
114.099108	432.000000
114.111608	432.000000
114.124108	432.000000
114.136608	432.000000
114.149108	432.000000
114.161605	432.000000
114.174105	432.000000
114.186605	432.000000
114.199105	432.000000
114.211605	432.000000
114.224105	432.000000
114.236605	432.000000
114.249106	432.000000
114.261606	432.000000
114.274106	432.000000
114.286606	432.000000
114.299106	432.000000
114.311606	432.000000
114.324106	432.000000
114.336606	432.000000
114.349106	432.000000
114.361606	432.000000
114.374106	432.000000
114.386607	432.000000
114.399107	432.000000
114.411607	432.000000
114.424107	432.000000
114.436607	432.000000
114.449107	432.000000
114.461607	432.000000
114.474107	432.000000
114.486607	432.000000
114.499107	432.000000
114.511608	432.000000
114.524108	432.000000
114.536608	432.000000
114.549108	432.000000
114.561608	432.000000
114.574108	432.000000
114.586608	432.000000
114.599108	432.000000
114.611608	432.000000
114.624108	432.000000
114.636608	432.000000
114.649105	432.000000
114.661605	432.000000
114.674105	432.000000
114.686605	432.000000
114.699105	432.000000
114.711605	432.000000
114.724106	432.000000
114.736606	432.000000
114.749106	432.000000
114.761606	432.000000
114.774106	432.000000
114.786606	432.000000
114.799106	432.000000
114.811606	432.000000
114.824106	432.000000
114.836606	432.000000
114.849106	432.000000
114.861607	432.000000
114.874107	432.000000
114.886607	432.000000
114.899107	432.000000
114.911607	432.000000
114.924107	432.000000
114.936607	432.000000
114.949107	432.000000
114.961607	432.000000
114.974107	432.000000
114.986608	432.000000
114.999108	432.000000
115.011608	432.000000
115.024108	432.000000
115.036608	432.000000
115.049108	432.000000
115.061608	432.000000
115.074108	432.000000
115.086608	432.000000
115.099108	432.000000
115.111605	432.000000
115.124105	432.000000
115.136605	432.000000
115.149105	432.000000
115.161605	432.000000
115.174105	432.000000
115.186605	432.000000
115.199105	432.000000
115.211606	432.000000
115.224106	432.000000
115.236606	432.000000
115.249106	432.000000
115.261606	432.000000
115.274106	432.000000
115.286606	432.000000
115.299106	432.000000
115.311606	432.000000
115.324106	432.000000
115.336607	432.000000
115.349107	432.000000
115.361607	432.000000
115.374107	432.000000
115.386607	432.000000
115.399107	432.000000
115.411607	432.000000
115.424107	432.000000
115.436607	432.000000
115.449107	432.000000
115.461607	432.000000
115.474108	432.000000
115.486608	432.000000
115.499108	432.000000
115.511608	432.000000
115.524108	432.000000
115.536608	432.000000
115.549108	432.000000
115.561608	432.000000
115.574108	432.000000
115.586608	432.000000
115.599109	432.000000
115.611605	432.000000
115.624105	432.000000
115.636605	432.000000
115.649105	432.000000
115.661605	432.000000
115.674105	432.000000
115.686606	432.000000
115.699106	432.000000
115.711606	432.000000
115.724106	432.000000
115.736606	432.000000
115.749106	432.000000
115.761606	432.000000
115.774106	432.000000
115.786606	432.000000
115.799106	432.000000
115.811607	432.000000
115.824107	432.000000
115.836607	432.000000
115.849107	432.000000
115.861607	432.000000
115.874107	432.000000
115.886607	432.000000
115.899107	432.000000
115.911607	432.000000
115.924107	432.000000
115.936607	432.000000
115.949108	432.000000
115.961608	432.000000
115.974108	432.000000
115.986608	432.000000
115.999108	432.000000
116.011608	432.000000
116.024108	432.000000
116.036608	432.000000
116.049108	432.000000
116.061608	432.000000
116.074105	432.000000
116.086605	432.000000
116.099105	432.000000
116.111605	432.000000
116.124105	432.000000
116.136605	432.000000
116.149105	432.000000
116.161606	432.000000
116.174106	432.000000
116.186606	432.000000
116.199106	432.000000
116.211606	432.000000
116.224106	432.000000
116.236606	432.000000
116.249106	432.000000
116.261606	432.000000
116.274106	432.000000
116.286606	432.000000
116.299107	432.000000
116.311607	432.000000
116.324107	432.000000
116.336607	432.000000
116.349107	432.000000
116.361607	432.000000
116.374107	432.000000
116.386607	432.000000
116.399107	432.000000
116.411607	432.000000
116.424108	432.000000
116.436608	432.000000
116.449108	432.000000
116.461608	432.000000
116.474108	432.000000
116.486608	432.000000
116.499108	432.000000
116.511608	432.000000
116.524108	432.000000
116.536608	432.000000
116.549108	432.000000
116.561605	432.000000
116.574105	432.000000
116.586605	432.000000
116.599105	432.000000
116.611605	432.000000
116.624105	432.000000
116.636606	432.000000
116.649106	432.000000
116.661606	432.000000
116.674106	432.000000
116.686606	432.000000
116.699106	432.000000
116.711606	432.000000
116.724106	432.000000
116.736606	432.000000
116.749106	432.000000
116.761606	432.000000
116.774107	432.000000
116.786607	432.000000
116.799107	432.000000
116.811607	432.000000
116.824107	432.000000
116.836607	432.000000
116.849107	432.000000
116.861607	432.000000
116.874107	432.000000
116.886607	432.000000
116.899108	432.000000
116.911608	432.000000
116.924108	432.000000
116.936608	432.000000
116.949108	432.000000
116.961608	432.000000
116.974108	432.000000
116.986608	432.000000
116.999108	432.000000
117.011608	432.000000
117.024105	432.000000
117.036605	432.000000
117.049105	432.000000
117.061605	432.000000
117.074105	432.000000
117.086605	432.000000
117.099105	432.000000
117.111606	432.000000
117.124106	432.000000
117.136606	432.000000
117.149106	432.000000
117.161606	432.000000
117.174106	432.000000
117.186606	432.000000
117.199106	432.000000
117.211606	432.000000
117.224106	432.000000
117.236606	432.000000
117.249107	432.000000
117.261607	432.000000
117.274107	432.000000
117.286607	432.000000
117.299107	432.000000
117.311607	432.000000
117.324107	432.000000
117.336607	432.000000
117.349107	432.000000
117.361607	432.000000
117.374108	432.000000
117.386608	432.000000
117.399108	432.000000
117.411608	432.000000
117.424108	432.000000
117.436608	432.000000
117.449108	432.000000
117.461608	432.000000
117.474108	432.000000
117.486608	432.000000
117.499108	432.000000
117.511605	432.000000
117.524105	432.000000
117.536605	432.000000
117.549105	432.000000
117.561605	432.000000
117.574105	432.000000
117.586605	432.000000
117.599106	432.000000
117.611606	432.000000
117.624106	432.000000
117.636606	432.000000
117.649106	432.000000
117.661606	432.000000
117.674106	432.000000
117.686606	432.000000
117.699106	432.000000
117.711606	432.000000
117.724107	432.000000
117.736607	432.000000
117.749107	432.000000
117.761607	432.000000
117.774107	432.000000
117.786607	432.000000
117.799107	432.000000
117.811607	432.000000
117.824107	432.000000
117.836607	432.000000
117.849107	432.000000
117.861608	432.000000
117.874108	432.000000
117.886608	432.000000
117.899108	432.000000
117.911608	432.000000
117.924108	432.000000
117.936608	432.000000
117.949108	432.000000
117.961608	432.000000
117.974108	432.000000
117.986605	432.000000
117.999105	432.000000
118.011605	432.000000
118.024105	432.000000
118.036605	432.000000
118.049105	432.000000
118.061605	432.000000
118.074106	432.000000
118.086606	432.000000
118.099106	432.000000
118.111606	432.000000
118.124106	432.000000
118.136606	432.000000
118.149106	432.000000
118.161606	432.000000
118.174106	432.000000
118.186606	432.000000
118.199107	432.000000
118.211607	432.000000
118.224107	432.000000
118.236607	432.000000
118.249107	432.000000
118.261607	432.000000
118.274107	432.000000
118.286607	432.000000
118.299107	432.000000
118.311607	432.000000
118.324107	432.000000
118.336608	432.000000
118.349108	432.000000
118.361608	432.000000
118.374108	432.000000
118.386608	432.000000
118.399108	432.000000
118.411608	432.000000
118.424108	432.000000
118.436608	432.000000
118.449108	432.000000
118.461609	432.000000
118.474105	432.000000
118.486605	432.000000
118.499105	432.000000
118.511605	432.000000
118.524105	432.000000
118.536605	432.000000
118.549106	432.000000
118.561606	432.000000
118.574106	432.000000
118.586606	432.000000
118.599106	432.000000
118.611606	432.000000
118.624106	432.000000
118.636606	432.000000
118.649106	432.000000
118.661606	432.000000
118.674106	432.000000
118.686607	432.000000
118.699107	432.000000
118.711607	432.000000
118.724107	432.000000
118.736607	432.000000
118.749107	432.000000
118.761607	432.000000
118.774107	432.000000
118.786607	432.000000
118.799107	432.000000
118.811608	432.000000
118.824108	432.000000
118.836608	432.000000
118.849108	432.000000
118.861608	432.000000
118.874108	432.000000
118.886608	432.000000
118.899108	432.000000
118.911608	432.000000
118.924108	432.000000
118.936605	432.000000
118.949105	432.000000
118.961605	432.000000
118.974105	432.000000
118.986605	432.000000
118.999105	432.000000
119.011605	432.000000
119.024106	432.000000
119.036606	432.000000
119.049106	432.000000
119.061606	432.000000
119.074106	432.000000
119.086606	432.000000
119.099106	432.000000
119.111606	432.000000
119.124106	432.000000
119.136606	432.000000
119.149106	432.000000
119.161607	432.000000
119.174107	432.000000
119.186607	432.000000
119.199107	432.000000
119.211607	432.000000
119.224107	432.000000
119.236607	432.000000
119.249107	432.000000
119.261607	432.000000
119.274107	432.000000
119.286608	432.000000
119.299108	432.000000
119.311608	432.000000
119.324108	432.000000
119.336608	432.000000
119.349108	432.000000
119.361608	432.000000
119.374108	432.000000
119.386608	432.000000
119.399108	432.000000
119.411608	432.000000
119.424105	432.000000
119.436605	432.000000
119.449105	432.000000
119.461605	432.000000
119.474105	432.000000
119.486605	432.000000
119.499105	432.000000
119.511606	432.000000
119.524106	432.000000
119.536606	432.000000
119.549106	432.000000
119.561606	432.000000
119.574106	432.000000
119.586606	432.000000
119.599106	432.000000
119.611606	432.000000
119.624106	432.000000
119.636607	432.000000
119.649107	432.000000
119.661607	432.000000
119.674107	432.000000
119.686607	432.000000
119.699107	432.000000
119.711607	432.000000
119.724107	432.000000
119.736607	432.000000
119.749107	432.000000
119.761607	432.000000
119.774108	432.000000
119.786608	432.000000
119.799108	432.000000
119.811608	432.000000
119.824108	432.000000
119.836608	432.000000
119.849108	432.000000
119.861608	432.000000
119.874108	432.000000
119.886605	432.000000
119.899105	432.000000
119.911605	432.000000
119.924105	432.000000
119.936605	432.000000
119.949105	432.000000
119.961605	432.000000
119.974105	432.000000
119.986606	432.000000
119.999106	432.000000
120.011606	432.000000
120.024106	432.000000
120.036606	432.000000
120.049106	432.000000
120.061606	432.000000
120.074106	432.000000
120.086606	432.000000
120.099106	432.000000
120.111607	432.000000
120.124107	432.000000
120.136607	432.000000
120.149107	432.000000
120.161607	432.000000
120.174107	432.000000
120.186607	432.000000
120.199107	432.000000
120.211607	432.000000
120.224107	432.000000
120.236607	432.000000
120.249108	432.000000
120.261608	432.000000
120.274108	432.000000
120.286608	432.000000
120.299108	432.000000
120.311608	432.000000
120.324108	432.000000
120.336608	432.000000
120.349108	432.000000
120.361608	432.000000
120.374109	432.000000
120.386605	432.000000
120.399105	432.000000
120.411605	432.000000
120.424105	432.000000
120.436605	432.000000
120.449105	432.000000
120.461606	432.000000
120.474106	432.000000
120.486606	432.000000
120.499106	432.000000
120.511606	432.000000
120.524106	432.000000
120.536606	432.000000
120.549106	432.000000
120.561606	432.000000
120.574106	432.000000
120.586606	432.000000
120.599107	432.000000
120.611607	432.000000
120.624107	432.000000
120.636607	432.000000
120.649107	432.000000
120.661607	432.000000
120.674107	432.000000
120.686607	432.000000
120.699107	432.000000
120.711607	432.000000
120.724108	432.000000
120.736608	432.000000
120.749108	432.000000
120.761608	432.000000
120.774108	432.000000
120.786608	432.000000
120.799108	432.000000
120.811608	432.000000
120.824108	432.000000
120.836608	432.000000
120.849105	432.000000
120.861605	432.000000
120.874105	432.000000
120.886605	432.000000
120.899105	432.000000
120.911605	432.000000
120.924105	432.000000
120.936606	432.000000
120.949106	432.000000
120.961606	432.000000
120.974106	432.000000
120.986606	432.000000
120.999106	432.000000
121.011606	432.000000
121.024106	432.000000
121.036606	432.000000
121.049106	432.000000
121.061606	432.000000
121.074107	432.000000
121.086607	432.000000
121.099107	432.000000
121.111607	432.000000
121.124107	432.000000
121.136607	432.000000
121.149107	432.000000
121.161607	432.000000
121.174107	432.000000
121.186607	432.000000
121.199108	432.000000
121.211608	432.000000
121.224108	432.000000
121.236608	432.000000
121.249108	432.000000
121.261608	432.000000
121.274108	432.000000
121.286608	432.000000
121.299108	432.000000
121.311608	432.000000
121.324108	432.000000
121.336605	432.000000
121.349105	432.000000
121.361605	432.000000
121.374105	432.000000
121.386605	432.000000
121.399105	432.000000
121.411606	432.000000
121.424106	432.000000
121.436606	432.000000
121.449106	432.000000
121.461606	432.000000
121.474106	432.000000
121.486606	432.000000
121.499106	432.000000
121.511606	432.000000
121.524106	432.000000
121.536606	432.000000
121.549107	432.000000
121.561607	432.000000
121.574107	432.000000
121.586607	432.000000
121.599107	432.000000
121.611607	432.000000
121.624107	432.000000
121.636607	432.000000
121.649107	432.000000
121.661607	432.000000
121.674108	432.000000
121.686608	432.000000
121.699108	432.000000
121.711608	432.000000
121.724108	432.000000
121.736608	432.000000
121.749108	432.000000
121.761608	432.000000
121.774108	432.000000
121.786608	432.000000
121.799105	432.000000
121.811605	432.000000
121.824105	432.000000
121.836605	432.000000
121.849105	432.000000
121.861605	432.000000
121.874105	432.000000
121.886605	432.000000
121.899106	432.000000
121.911606	432.000000
121.924106	432.000000
121.936606	432.000000
121.949106	432.000000
121.961606	432.000000
121.974106	432.000000
121.986606	432.000000
121.999106	432.000000
122.011606	432.000000
122.024107	432.000000
122.036607	432.000000
122.049107	432.000000
122.061607	432.000000
122.074107	432.000000
122.086607	432.000000
122.099107	432.000000
122.111607	432.000000
122.124107	432.000000
122.136607	432.000000
122.149107	432.000000
122.161608	432.000000
122.174108	432.000000
122.186608	432.000000
122.199108	432.000000
122.211608	432.000000
122.224108	432.000000
122.236608	432.000000
122.249108	432.000000
122.261608	432.000000
122.274108	432.000000
122.286609	432.000000
122.299105	432.000000
122.311605	432.000000
122.324105	432.000000
122.336605	432.000000
122.349105	432.000000
122.361605	432.000000
122.374106	432.000000
122.386606	432.000000
122.399106	432.000000
122.411606	432.000000
122.424106	432.000000
122.436606	432.000000
122.449106	432.000000
122.461606	432.000000
122.474106	432.000000
122.486606	432.000000
122.499107	432.000000
122.511607	432.000000
122.524107	432.000000
122.536607	432.000000
122.549107	432.000000
122.561607	432.000000
122.574107	432.000000
122.586607	432.000000
122.599107	432.000000
122.611607	432.000000
122.624107	432.000000
122.636608	432.000000
122.649108	432.000000
122.661608	432.000000
122.674108	432.000000
122.686608	432.000000
122.699108	432.000000
122.711608	432.000000
122.724108	432.000000
122.736608	432.000000
122.749108	432.000000
122.761605	432.000000
122.774105	432.000000
122.786605	432.000000
122.799105	432.000000
122.811605	432.000000
122.824105	432.000000
122.836605	432.000000
122.849106	432.000000
122.861606	432.000000
122.874106	432.000000
122.886606	432.000000
122.899106	432.000000
122.911606	432.000000
122.924106	432.000000
122.936606	432.000000
122.949106	432.000000
122.961606	432.000000
122.974106	432.000000
122.986607	432.000000
122.999107	432.000000
123.011607	432.000000
123.024107	432.000000
123.036607	432.000000
123.049107	432.000000
123.061607	432.000000
123.074107	432.000000
123.086607	432.000000
123.099107	432.000000
123.111608	432.000000
123.124108	432.000000
123.136608	432.000000
123.149108	432.000000
123.161608	432.000000
123.174108	432.000000
123.186608	432.000000
123.199108	432.000000
123.211608	432.000000
123.224108	432.000000
123.236608	432.000000
123.249105	432.000000
123.261605	432.000000
123.274105	432.000000
123.286605	432.000000
123.299105	432.000000
123.311605	432.000000
123.324106	432.000000
123.336606	432.000000
123.349106	432.000000
123.361606	432.000000
123.374106	432.000000
123.386606	432.000000
123.399106	432.000000
123.411606	432.000000
123.424106	432.000000
123.436606	432.000000
123.449106	432.000000
123.461607	432.000000
123.474107	432.000000
123.486607	432.000000
123.499107	432.000000
123.511607	432.000000
123.524107	432.000000
123.536607	432.000000
123.549107	432.000000
123.561607	432.000000
123.574107	432.000000
123.586608	432.000000
123.599108	432.000000
123.611608	432.000000
123.624108	432.000000
123.636608	432.000000
123.649108	432.000000
123.661608	432.000000
123.674108	432.000000
123.686608	432.000000
123.699108	432.000000
123.711605	432.000000
123.724105	432.000000
123.736605	432.000000
123.749105	432.000000
123.761605	432.000000
123.774105	432.000000
123.786605	432.000000
123.799105	432.000000
123.811606	432.000000
123.824106	432.000000
123.836606	432.000000
123.849106	432.000000
123.861606	432.000000
123.874106	432.000000
123.886606	432.000000
123.899106	432.000000
123.911606	432.000000
123.924106	432.000000
123.936607	432.000000
123.949107	432.000000
123.961607	432.000000
123.974107	432.000000
123.986607	432.000000
123.999107	432.000000
124.011607	432.000000
124.024107	432.000000
124.036607	432.000000
124.049107	432.000000
124.061607	432.000000
124.074108	432.000000
124.086608	432.000000
124.099108	432.000000
124.111608	432.000000
124.124108	432.000000
124.136608	432.000000
124.149108	432.000000
124.161608	432.000000
124.174108	432.000000
124.186608	432.000000
124.199109	432.000000
124.211605	432.000000
124.224105	432.000000
124.236605	432.000000
124.249105	432.000000
124.261605	432.000000
124.274105	432.000000
124.286606	432.000000
124.299106	432.000000
124.311606	432.000000
124.324106	432.000000
124.336606	432.000000
124.349106	432.000000
124.361606	432.000000
124.374106	432.000000
124.386606	432.000000
124.399106	432.000000
124.411607	432.000000
124.424107	432.000000
124.436607	432.000000
124.449107	432.000000
124.461607	432.000000
124.474107	432.000000
124.486607	432.000000
124.499107	432.000000
124.511607	432.000000
124.524107	432.000000
124.536607	432.000000
124.549108	432.000000
124.561608	432.000000
124.574108	432.000000
124.586608	432.000000
124.599108	432.000000
124.611608	432.000000
124.624108	432.000000
124.636608	432.000000
124.649108	432.000000
124.661608	432.000000
124.674105	432.000000
124.686605	432.000000
124.699105	432.000000
124.711605	432.000000
124.724105	432.000000
124.736605	432.000000
124.749105	432.000000
124.761606	432.000000
124.774106	432.000000
124.786606	432.000000
124.799106	432.000000
124.811606	432.000000
124.824106	432.000000
124.836606	432.000000
124.849106	432.000000
124.861606	432.000000
124.874106	432.000000
124.886606	432.000000
124.899107	432.000000
124.911607	432.000000
124.924107	432.000000
124.936607	432.000000
124.949107	432.000000
124.961607	432.000000
124.974107	432.000000
124.986607	432.000000
124.999107	432.000000
125.011607	432.000000
125.024108	432.000000
125.036608	432.000000
125.049108	432.000000
125.061608	432.000000
125.074108	432.000000
125.086608	432.000000
125.099108	432.000000
125.111608	432.000000
125.124108	432.000000
125.136608	432.000000
125.149108	432.000000
125.161605	432.000000
125.174105	432.000000
125.186605	432.000000
125.199105	432.000000
125.211605	432.000000
125.224105	432.000000
125.236606	432.000000
125.249106	432.000000
125.261606	432.000000
125.274106	432.000000
125.286606	432.000000
125.299106	432.000000
125.311606	432.000000
125.324106	432.000000
125.336606	432.000000
125.349106	432.000000
125.361606	432.000000
125.374107	432.000000
125.386607	432.000000
125.399107	432.000000
125.411607	432.000000
125.424107	432.000000
125.436607	432.000000
125.449107	432.000000
125.461607	432.000000
125.474107	432.000000
125.486607	432.000000
125.499108	432.000000
125.511608	432.000000
125.524108	432.000000
125.536608	432.000000
125.549108	432.000000
125.561608	432.000000
125.574108	432.000000
125.586608	432.000000
125.599108	432.000000
125.611608	432.000000
125.624105	432.000000
125.636605	432.000000
125.649105	432.000000
125.661605	432.000000
125.674105	432.000000
125.686605	432.000000
125.699105	432.000000
125.711606	432.000000
125.724106	432.000000
125.736606	432.000000
125.749106	432.000000
125.761606	432.000000
125.774106	432.000000
125.786606	432.000000
125.799106	432.000000
125.811606	432.000000
125.824106	432.000000
125.836606	432.000000
125.849107	432.000000
125.861607	432.000000
125.874107	432.000000
125.886607	432.000000
125.899107	432.000000
125.911607	432.000000
125.924107	432.000000
125.936607	432.000000
125.949107	432.000000
125.961607	432.000000
125.974108	432.000000
125.986608	432.000000
125.999108	432.000000
126.011608	432.000000
126.024108	432.000000
126.036608	432.000000
126.049108	432.000000
126.061608	432.000000
126.074108	432.000000
126.086608	432.000000
126.099108	432.000000
126.111605	432.000000
126.124105	432.000000
126.136605	432.000000
126.149105	432.000000
126.161605	432.000000
126.174105	432.000000
126.186605	432.000000
126.199106	432.000000
126.211606	432.000000
126.224106	432.000000
126.236606	432.000000
126.249106	432.000000
126.261606	432.000000
126.274106	432.000000
126.286606	432.000000
126.299106	432.000000
126.311606	432.000000
126.324107	432.000000
126.336607	432.000000
126.349107	432.000000
126.361607	432.000000
126.374107	432.000000
126.386607	432.000000
126.399107	432.000000
126.411607	432.000000
126.424107	432.000000
126.436607	432.000000
126.449107	432.000000
126.461608	432.000000
126.474108	432.000000
126.486608	432.000000
126.499108	432.000000
126.511608	432.000000
126.524108	432.000000
126.536608	432.000000
126.549108	432.000000
126.561608	432.000000
126.574105	432.000000
126.586605	432.000000
126.599105	432.000000
126.611605	432.000000
126.624105	432.000000
126.636605	432.000000
126.649105	432.000000
126.661605	432.000000
126.674106	432.000000
126.686606	432.000000
126.699106	432.000000
126.711606	432.000000
126.724106	432.000000
126.736606	432.000000
126.749106	432.000000
126.761606	432.000000
126.774106	432.000000
126.786606	432.000000
126.799107	432.000000
126.811607	432.000000
126.824107	432.000000
126.836607	432.000000
126.849107	432.000000
126.861607	432.000000
126.874107	432.000000
126.886607	432.000000
126.899107	432.000000
126.911607	432.000000
126.924107	432.000000
126.936608	432.000000
126.949108	432.000000
126.961608	432.000000
126.974108	432.000000
126.986608	432.000000
126.999108	432.000000
127.011608	432.000000
127.024108	432.000000
127.036608	432.000000
127.049108	432.000000
127.061609	432.000000
127.074105	432.000000
127.086605	432.000000
127.099105	432.000000
127.111605	432.000000
127.124105	432.000000
127.136605	432.000000
127.149106	432.000000
127.161606	432.000000
127.174106	432.000000
127.186606	432.000000
127.199106	432.000000
127.211606	432.000000
127.224106	432.000000
127.236606	432.000000
127.249106	432.000000
127.261606	432.000000
127.274106	432.000000
127.286607	432.000000
127.299107	432.000000
127.311607	432.000000
127.324107	432.000000
127.336607	432.000000
127.349107	432.000000
127.361607	432.000000
127.374107	432.000000
127.386607	432.000000
127.399107	432.000000
127.411608	432.000000
127.424108	432.000000
127.436608	432.000000
127.449108	432.000000
127.461608	432.000000
127.474108	432.000000
127.486608	432.000000
127.499108	432.000000
127.511608	432.000000
127.524108	432.000000
127.536605	432.000000
127.549105	432.000000
127.561605	432.000000
127.574105	432.000000
127.586605	432.000000
127.599105	432.000000
127.611605	432.000000
127.624106	432.000000
127.636606	432.000000
127.649106	432.000000
127.661606	432.000000
127.674106	432.000000
127.686606	432.000000
127.699106	432.000000
127.711606	432.000000
127.724106	432.000000
127.736606	432.000000
127.749106	432.000000
127.761607	432.000000
127.774107	432.000000
127.786607	432.000000
127.799107	432.000000
127.811607	432.000000
127.824107	432.000000
127.836607	432.000000
127.849107	432.000000
127.861607	432.000000
127.874107	432.000000
127.886608	432.000000
127.899108	432.000000
127.911608	432.000000
127.924108	432.000000
127.936608	432.000000
127.949108	432.000000
127.961608	432.000000
127.974108	432.000000
127.986608	432.000000
127.999108	432.000000
128.011608	432.000000
128.024105	432.000000
128.036605	432.000000
128.049105	432.000000
128.061605	432.000000
128.074105	432.000000
128.086605	432.000000
128.099105	432.000000
128.111606	432.000000
128.124106	432.000000
128.136606	432.000000
128.149106	432.000000
128.161606	432.000000
128.174106	432.000000
128.186606	432.000000
128.199106	432.000000
128.211606	432.000000
128.224106	432.000000
128.236607	432.000000
128.249107	432.000000
128.261607	432.000000
128.274107	432.000000
128.286607	432.000000
128.299107	432.000000
128.311607	432.000000
128.324107	432.000000
128.336607	432.000000
128.349107	432.000000
128.361607	432.000000
128.374108	432.000000
128.386608	432.000000
128.399108	432.000000
128.411608	432.000000
128.424108	432.000000
128.436608	432.000000
128.449108	432.000000
128.461608	432.000000
128.474108	432.000000
128.486605	432.000000
128.499105	432.000000
128.511605	432.000000
128.524105	432.000000
128.536605	432.000000
128.549105	432.000000
128.561605	432.000000
128.574105	432.000000
128.586606	432.000000
128.599106	432.000000
128.611606	432.000000
128.624106	432.000000
128.636606	432.000000
128.649106	432.000000
128.661606	432.000000
128.674106	432.000000
128.686606	432.000000
128.699106	432.000000
128.711607	432.000000
128.724107	432.000000
128.736607	432.000000
128.749107	432.000000
128.761607	432.000000
128.774107	432.000000
128.786607	432.000000
128.799107	432.000000
128.811607	432.000000
128.824107	432.000000
128.836607	432.000000
128.849108	432.000000
128.861608	432.000000
128.874108	432.000000
128.886608	432.000000
128.899108	432.000000
128.911608	432.000000
128.924108	432.000000
128.936608	432.000000
128.949108	432.000000
128.961608	432.000000
128.974109	432.000000
128.986605	432.000000
128.999105	432.000000
129.011605	432.000000
129.024105	432.000000
129.036605	432.000000
129.049105	432.000000
129.061606	432.000000
129.074106	432.000000
129.086606	432.000000
129.099106	432.000000
129.111606	432.000000
129.124106	432.000000
129.136606	432.000000
129.149106	432.000000
129.161606	432.000000
129.174106	432.000000
129.186607	432.000000
129.199107	432.000000
129.211607	432.000000
129.224107	432.000000
129.236607	432.000000
129.249107	432.000000
129.261607	432.000000
129.274107	432.000000
129.286607	432.000000
129.299107	432.000000
129.311607	432.000000
129.324108	432.000000
129.336608	432.000000
129.349108	432.000000
129.361608	432.000000
129.374108	432.000000
129.386608	432.000000
129.399108	432.000000
129.411608	432.000000
129.424108	432.000000
129.436608	432.000000
129.449105	432.000000
129.461605	432.000000
129.474105	432.000000
129.486605	432.000000
129.499105	432.000000
129.511605	432.000000
129.524105	432.000000
129.536606	432.000000
129.549106	432.000000
129.561606	432.000000
129.574106	432.000000
129.586606	432.000000
129.599106	432.000000
129.611606	432.000000
129.624106	432.000000
129.636606	432.000000
129.649106	432.000000
129.661606	432.000000
129.674107	432.000000
129.686607	432.000000
129.699107	432.000000
129.711607	432.000000
129.724107	432.000000
129.736607	432.000000
129.749107	432.000000
129.761607	432.000000
129.774107	432.000000
129.786607	432.000000
129.799108	432.000000
129.811608	432.000000
129.824108	432.000000
129.836608	432.000000
129.849108	432.000000
129.861608	432.000000
129.874108	432.000000
129.886608	432.000000
129.899108	432.000000
129.911608	432.000000
129.924108	432.000000
129.936605	432.000000
129.949105	432.000000
129.961605	432.000000
129.974105	432.000000
129.986605	432.000000
129.999105	432.000000
130.011606	432.000000
130.024106	432.000000
130.036606	432.000000
130.049106	432.000000
130.061606	432.000000
130.074106	432.000000
130.086606	432.000000
130.099106	432.000000
130.111606	432.000000
130.124106	432.000000
130.136606	432.000000
130.149107	432.000000
130.161607	432.000000
130.174107	432.000000
130.186607	432.000000
130.199107	432.000000
130.211607	432.000000
130.224107	432.000000
130.236607	432.000000
130.249107	432.000000
130.261607	432.000000
130.274108	432.000000
130.286608	432.000000
130.299108	432.000000
130.311608	432.000000
130.324108	432.000000
130.336608	432.000000
130.349108	432.000000
130.361608	432.000000
130.374108	432.000000
130.386608	432.000000
130.399105	432.000000
130.411605	432.000000
130.424105	432.000000
130.436605	432.000000
130.449105	432.000000
130.461605	432.000000
130.474105	432.000000
130.486605	432.000000
130.499106	432.000000
130.511606	432.000000
130.524106	432.000000
130.536606	432.000000
130.549106	432.000000
130.561606	432.000000
130.574106	432.000000
130.586606	432.000000
130.599106	432.000000
130.611606	432.000000
130.624107	432.000000
130.636607	432.000000
130.649107	432.000000
130.661607	432.000000
130.674107	432.000000
130.686607	432.000000
130.699107	432.000000
130.711607	432.000000
130.724107	432.000000
130.736607	432.000000
130.749107	432.000000
130.761608	432.000000
130.774108	432.000000
130.786608	432.000000
130.799108	432.000000
130.811608	432.000000
130.824108	432.000000
130.836608	432.000000
130.849108	432.000000
130.861608	432.000000
130.874108	432.000000
130.886609	432.000000
130.899105	432.000000
130.911605	432.000000
130.924105	432.000000
130.936605	432.000000
130.949105	432.000000
130.961605	432.000000
130.974106	432.000000
130.986606	432.000000
130.999106	432.000000
131.011606	432.000000
131.024106	432.000000
131.036606	432.000000
131.049106	432.000000
131.061606	432.000000
131.074106	432.000000
131.086606	432.000000
131.099107	432.000000
131.111607	432.000000
131.124107	432.000000
131.136607	432.000000
131.149107	432.000000
131.161607	432.000000
131.174107	432.000000
131.186607	432.000000
131.199107	432.000000
131.211607	432.000000
131.224107	432.000000
131.236608	432.000000
131.249108	432.000000
131.261608	432.000000
131.274108	432.000000
131.286608	432.000000
131.299108	432.000000
131.311608	432.000000
131.324108	432.000000
131.336608	432.000000
131.349108	432.000000
131.361605	432.000000
131.374105	432.000000
131.386605	432.000000
131.399105	432.000000
131.411605	432.000000
131.424105	432.000000
131.436605	432.000000
131.449106	432.000000
131.461606	432.000000
131.474106	432.000000
131.486606	432.000000
131.499106	432.000000
131.511606	432.000000
131.524106	432.000000
131.536606	432.000000
131.549106	432.000000
131.561606	432.000000
131.574106	432.000000
131.586607	432.000000
131.599107	432.000000
131.611607	432.000000
131.624107	432.000000
131.636607	432.000000
131.649107	432.000000
131.661607	432.000000
131.674107	432.000000
131.686607	432.000000
131.699107	432.000000
131.711608	432.000000
131.724108	432.000000
131.736608	432.000000
131.749108	432.000000
131.761608	432.000000
131.774108	432.000000
131.786608	432.000000
131.799108	432.000000
131.811608	432.000000
131.824108	432.000000
131.836608	432.000000
131.849105	432.000000
131.861605	432.000000
131.874105	432.000000
131.886605	432.000000
131.899105	432.000000
131.911605	432.000000
131.924106	432.000000
131.936606	432.000000
131.949106	432.000000
131.961606	432.000000
131.974106	432.000000
131.986606	432.000000
131.999106	432.000000
132.011606	432.000000
132.024106	432.000000
132.036606	432.000000
132.049106	432.000000
132.061607	432.000000
132.074107	432.000000
132.086607	432.000000
132.099107	432.000000
132.111607	432.000000
132.124107	432.000000
132.136607	432.000000
132.149107	432.000000
132.161607	432.000000
132.174107	432.000000
132.186608	432.000000
132.199108	432.000000
132.211608	432.000000
132.224108	432.000000
132.236608	432.000000
132.249108	432.000000
132.261608	432.000000
132.274108	432.000000
132.286608	432.000000
132.299108	432.000000
132.311605	432.000000
132.324105	432.000000
132.336605	432.000000
132.349105	432.000000
132.361605	432.000000
132.374105	432.000000
132.386605	432.000000
132.399105	432.000000
132.411606	432.000000
132.424106	432.000000
132.436606	432.000000
132.449106	432.000000
132.461606	432.000000
132.474106	432.000000
132.486606	432.000000
132.499106	432.000000
132.511606	432.000000
132.524106	432.000000
132.536607	432.000000
132.549107	432.000000
132.561607	432.000000
132.574107	432.000000
132.586607	432.000000
132.599107	432.000000
132.611607	432.000000
132.624107	432.000000
132.636607	432.000000
132.649107	432.000000
132.661607	432.000000
132.674108	432.000000
132.686608	432.000000
132.699108	432.000000
132.711608	432.000000
132.724108	432.000000
132.736608	432.000000
132.749108	432.000000
132.761608	432.000000
132.774108	432.000000
132.786608	432.000000
132.799109	432.000000
132.811605	432.000000
132.824105	432.000000
132.836605	432.000000
132.849105	432.000000
132.861605	432.000000
132.874105	432.000000
132.886606	432.000000
132.899106	432.000000
132.911606	432.000000
132.924106	432.000000
132.936606	432.000000
132.949106	432.000000
132.961606	432.000000
132.974106	432.000000
132.986606	432.000000
132.999106	432.000000
133.011607	432.000000
133.024107	432.000000
133.036607	432.000000
133.049107	432.000000
133.061607	432.000000
133.074107	432.000000
133.086607	432.000000
133.099107	432.000000
133.111607	432.000000
133.124107	432.000000
133.136607	432.000000
133.149108	432.000000
133.161608	432.000000
133.174108	432.000000
133.186608	432.000000
133.199108	432.000000
133.211608	432.000000
133.224108	432.000000
133.236608	432.000000
133.249108	432.000000
133.261608	432.000000
133.274105	432.000000
133.286605	432.000000
133.299105	432.000000
133.311605	432.000000
133.324105	432.000000
133.336605	432.000000
133.349105	432.000000
133.361606	432.000000
133.374106	432.000000
133.386606	432.000000
133.399106	432.000000
133.411606	432.000000
133.424106	432.000000
133.436606	432.000000
133.449106	432.000000
133.461606	432.000000
133.474106	432.000000
133.486607	432.000000
133.499107	432.000000
133.511607	432.000000
133.524107	432.000000
133.536607	432.000000
133.549107	432.000000
133.561607	432.000000
133.574107	432.000000
133.586607	432.000000
133.599107	432.000000
133.611607	432.000000
133.624108	432.000000
133.636608	432.000000
133.649108	432.000000
133.661608	432.000000
133.674108	432.000000
133.686608	432.000000
133.699108	432.000000
133.711608	432.000000
133.724108	432.000000
133.736608	432.000000
133.749108	432.000000
133.761605	432.000000
133.774105	432.000000
133.786605	432.000000
133.799105	432.000000
133.811605	432.000000
133.824105	432.000000
133.836606	432.000000
133.849106	432.000000
133.861606	432.000000
133.874106	432.000000
133.886606	432.000000
133.899106	432.000000
133.911606	432.000000
133.924106	432.000000
133.936606	432.000000
133.949106	432.000000
133.961606	432.000000
133.974107	432.000000
133.986607	432.000000
133.999107	432.000000
134.011607	432.000000
134.024107	432.000000
134.036607	432.000000
134.049107	432.000000
134.061607	432.000000
134.074107	432.000000
134.086607	432.000000
134.099108	432.000000
134.111608	432.000000
134.124108	432.000000
134.136608	432.000000
134.149108	432.000000
134.161608	432.000000
134.174108	432.000000
134.186608	432.000000
134.199108	432.000000
134.211608	432.000000
134.224105	432.000000
134.236605	432.000000
134.249105	432.000000
134.261605	432.000000
134.274105	432.000000
134.286605	432.000000
134.299105	432.000000
134.311606	432.000000
134.324106	432.000000
134.336606	432.000000
134.349106	432.000000
134.361606	432.000000
134.374106	432.000000
134.386606	432.000000
134.399106	432.000000
134.411606	432.000000
134.424106	432.000000
134.436606	432.000000
134.449107	432.000000
134.461607	432.000000
134.474107	432.000000
134.486607	432.000000
134.499107	432.000000
134.511607	432.000000
134.524107	432.000000
134.536607	432.000000
134.549107	432.000000
134.561607	432.000000
134.574108	432.000000
134.586608	432.000000
134.599108	432.000000
134.611608	432.000000
134.624108	432.000000
134.636608	432.000000
134.649108	432.000000
134.661608	432.000000
134.674108	432.000000
134.686608	432.000000
134.699108	432.000000
134.711605	432.000000
134.724105	432.000000
134.736605	432.000000
134.749105	432.000000
134.761605	432.000000
134.774105	432.000000
134.786605	432.000000
134.799106	432.000000
134.811606	432.000000
134.824106	432.000000
134.836606	432.000000
134.849106	432.000000
134.861606	432.000000
134.874106	432.000000
134.886606	432.000000
134.899106	432.000000
134.911606	432.000000
134.924107	432.000000
134.936607	432.000000
134.949107	432.000000
134.961607	432.000000
134.974107	432.000000
134.986607	432.000000
134.999107	432.000000
135.011607	432.000000
135.024107	432.000000
135.036607	432.000000
135.049107	432.000000
135.061608	432.000000
135.074108	448.000000
135.086608	512.000000
135.099108	624.000000
135.111608	800.000000
135.124108	992.000000
135.136608	1168.000000
135.149108	1344.000000
135.161608	1504.000000
135.174105	1616.000000
135.186605	1696.000000
135.199105	1744.000000
135.211605	1744.000000
135.224105	1728.000000
135.236605	1664.000000
135.249105	1600.000000
135.261605	1504.000000
135.274106	1392.000000
135.286606	1296.000000
135.299106	1216.000000
135.311606	1136.000000
135.324106	1056.000000
135.336606	976.000000
135.349106	912.000000
135.361606	864.000000
135.374106	816.000000
135.386606	768.000000
135.399107	736.000000
135.411607	704.000000
135.424107	672.000000
135.436607	656.000000
135.449107	640.000000
135.461607	624.000000
135.474107	608.000000
135.486607	608.000000
135.499107	592.000000
135.511607	576.000000
135.524107	576.000000
135.536608	560.000000
135.549108	560.000000
135.561608	560.000000
135.574108	544.000000
135.586608	528.000000
135.599108	528.000000
135.611608	528.000000
135.624108	512.000000
135.636608	496.000000
135.649108	496.000000
135.661609	496.000000
135.674105	480.000000
135.686605	480.000000
135.699105	480.000000
135.711605	480.000000
135.724105	464.000000
135.736605	464.000000
135.749106	464.000000
135.761606	464.000000
135.774106	464.000000
135.786606	464.000000
135.799106	464.000000
135.811606	464.000000
135.824106	464.000000
135.836606	464.000000
135.849106	448.000000
135.861606	448.000000
135.874106	448.000000
135.886607	448.000000
135.899107	448.000000
135.911607	448.000000
135.924107	448.000000
135.936607	448.000000
135.949107	448.000000
135.961607	448.000000
135.974107	448.000000
135.986607	432.000000
135.999107	448.000000
136.011608	448.000000
136.024108	432.000000
136.036608	432.000000
136.049108	432.000000
136.061608	448.000000
136.074108	432.000000
136.086608	432.000000
136.099108	432.000000
136.111608	432.000000
136.124108	432.000000
136.136605	432.000000
136.149105	432.000000
136.161605	432.000000
136.174105	432.000000
136.186605	432.000000
136.199105	432.000000
136.211605	432.000000
136.224106	432.000000
136.236606	432.000000
136.249106	432.000000
136.261606	432.000000
136.274106	432.000000
136.286606	432.000000
136.299106	432.000000
136.311606	432.000000
136.324106	432.000000
136.336606	432.000000
136.349106	432.000000
136.361607	432.000000
136.374107	432.000000
136.386607	432.000000
136.399107	432.000000
136.411607	432.000000
136.424107	432.000000
136.436607	432.000000
136.449107	432.000000
136.461607	432.000000
136.474107	432.000000
136.486608	432.000000
136.499108	432.000000
136.511608	432.000000
136.524108	432.000000
136.536608	432.000000
136.549108	432.000000
136.561608	432.000000
136.574108	432.000000
136.586608	432.000000
136.599108	432.000000
136.611608	432.000000
136.624105	432.000000
136.636605	432.000000
136.649105	432.000000
136.661605	432.000000
136.674105	432.000000
136.686605	432.000000
136.699105	432.000000
136.711606	432.000000
136.724106	432.000000
136.736606	432.000000
136.749106	432.000000
136.761606	432.000000
136.774106	432.000000
136.786606	432.000000
136.799106	432.000000
136.811606	432.000000
136.824106	432.000000
136.836607	432.000000
136.849107	432.000000
136.861607	432.000000
136.874107	432.000000
136.886607	432.000000
136.899107	432.000000
136.911607	432.000000
136.924107	432.000000
136.936607	432.000000
136.949107	432.000000
136.961607	432.000000
136.974108	432.000000
136.986608	432.000000
136.999108	432.000000
137.011608	432.000000
137.024108	432.000000
137.036608	432.000000
137.049108	432.000000
137.061608	432.000000
137.074108	432.000000
137.086605	432.000000
137.099105	432.000000
137.111605	432.000000
137.124105	432.000000
137.136605	432.000000
137.149105	432.000000
137.161605	432.000000
137.174105	432.000000
137.186606	432.000000
137.199106	432.000000
137.211606	432.000000
137.224106	432.000000
137.236606	432.000000
137.249106	432.000000
137.261606	432.000000
137.274106	432.000000
137.286606	432.000000
137.299106	432.000000
137.311607	432.000000
137.324107	432.000000
137.336607	432.000000
137.349107	432.000000
137.361607	432.000000
137.374107	432.000000
137.386607	432.000000
137.399107	432.000000
137.411607	432.000000
137.424107	432.000000
137.436607	432.000000
137.449108	432.000000
137.461608	432.000000
137.474108	432.000000
137.486608	432.000000
137.499108	432.000000
137.511608	432.000000
137.524108	432.000000
137.536608	432.000000
137.549108	432.000000
137.561608	432.000000
137.574109	432.000000
137.586605	432.000000
137.599105	432.000000
137.611605	432.000000
137.624105	432.000000
137.636605	432.000000
137.649105	432.000000
137.661606	432.000000
137.674106	432.000000
137.686606	432.000000
137.699106	432.000000
137.711606	432.000000
137.724106	432.000000
137.736606	432.000000
137.749106	432.000000
137.761606	432.000000
137.774106	432.000000
137.786607	432.000000
137.799107	432.000000
137.811607	432.000000
137.824107	432.000000
137.836607	432.000000
137.849107	432.000000
137.861607	432.000000
137.874107	432.000000
137.886607	432.000000
137.899107	432.000000
137.911607	432.000000
137.924108	432.000000
137.936608	432.000000
137.949108	432.000000
137.961608	432.000000
137.974108	432.000000
137.986608	432.000000
137.999108	432.000000
138.011608	432.000000
138.024108	432.000000
138.036608	432.000000
138.049105	432.000000
138.061605	432.000000
138.074105	432.000000
138.086605	432.000000
138.099105	432.000000
138.111605	432.000000
138.124105	432.000000
138.136606	432.000000
138.149106	432.000000
138.161606	432.000000
138.174106	432.000000
138.186606	432.000000
138.199106	432.000000
138.211606	432.000000
138.224106	432.000000
138.236606	432.000000
138.249106	432.000000
138.261606	432.000000
138.274107	432.000000
138.286607	432.000000
138.299107	432.000000
138.311607	432.000000
138.324107	432.000000
138.336607	432.000000
138.349107	432.000000
138.361607	432.000000
138.374107	432.000000
138.386607	432.000000
138.399108	432.000000
138.411608	432.000000
138.424108	432.000000
138.436608	432.000000
138.449108	432.000000
138.461608	432.000000
138.474108	432.000000
138.486608	432.000000
138.499108	432.000000
138.511608	432.000000
138.524108	432.000000
138.536605	432.000000
138.549105	432.000000
138.561605	432.000000
138.574105	432.000000
138.586605	432.000000
138.599105	432.000000
138.611606	432.000000
138.624106	432.000000
138.636606	432.000000
138.649106	432.000000
138.661606	432.000000
138.674106	432.000000
138.686606	432.000000
138.699106	432.000000
138.711606	432.000000
138.724106	432.000000
138.736606	432.000000
138.749107	432.000000
138.761607	432.000000
138.774107	432.000000
138.786607	432.000000
138.799107	432.000000
138.811607	432.000000
138.824107	432.000000
138.836607	432.000000
138.849107	432.000000
138.861607	432.000000
138.874108	432.000000
138.886608	432.000000
138.899108	432.000000
138.911608	432.000000
138.924108	432.000000
138.936608	432.000000
138.949108	432.000000
138.961608	432.000000
138.974108	432.000000
138.986608	432.000000
138.999105	432.000000
139.011605	432.000000
139.024105	432.000000
139.036605	432.000000
139.049105	432.000000
139.061605	432.000000
139.074105	432.000000
139.086605	432.000000
139.099106	432.000000
139.111606	432.000000
139.124106	432.000000
139.136606	432.000000
139.149106	432.000000
139.161606	432.000000
139.174106	432.000000
139.186606	432.000000
139.199106	432.000000
139.211606	432.000000
139.224107	432.000000
139.236607	432.000000
139.249107	432.000000
139.261607	432.000000
139.274107	432.000000
139.286607	432.000000
139.299107	432.000000
139.311607	432.000000
139.324107	432.000000
139.336607	432.000000
139.349107	432.000000
139.361608	432.000000
139.374108	432.000000
139.386608	432.000000
139.399108	432.000000
139.411608	432.000000
139.424108	432.000000
139.436608	432.000000
139.449108	432.000000
139.461608	432.000000
139.474108	432.000000
139.486609	432.000000
139.499105	432.000000
139.511605	432.000000
139.524105	432.000000
139.536605	432.000000
139.549105	432.000000
139.561605	432.000000
139.574106	432.000000
139.586606	432.000000
139.599106	432.000000
139.611606	432.000000
139.624106	432.000000
139.636606	432.000000
139.649106	432.000000
139.661606	432.000000
139.674106	432.000000
139.686606	432.000000
139.699107	432.000000
139.711607	432.000000
139.724107	432.000000
139.736607	432.000000
139.749107	432.000000
139.761607	432.000000
139.774107	432.000000
139.786607	432.000000
139.799107	432.000000
139.811607	432.000000
139.824107	432.000000
139.836608	432.000000
139.849108	432.000000
139.861608	432.000000
139.874108	432.000000
139.886608	432.000000
139.899108	432.000000
139.911608	432.000000
139.924108	432.000000
139.936608	432.000000
139.949108	432.000000
139.961605	432.000000
139.974105	432.000000
139.986605	432.000000
139.999105	432.000000
140.011605	432.000000
140.024105	432.000000
140.036605	432.000000
140.049106	432.000000
140.061606	432.000000
140.074106	432.000000
140.086606	432.000000
140.099106	432.000000
140.111606	432.000000
140.124106	432.000000
140.136606	432.000000
140.149106	432.000000
140.161606	432.000000
140.174106	432.000000
140.186607	432.000000
140.199107	432.000000
140.211607	432.000000
140.224107	432.000000
140.236607	432.000000
140.249107	432.000000
140.261607	432.000000
140.274107	432.000000
140.286607	432.000000
140.299107	432.000000
140.311608	432.000000
140.324108	432.000000
140.336608	432.000000
140.349108	432.000000
140.361608	432.000000
140.374108	432.000000
140.386608	432.000000
140.399108	432.000000
140.411608	432.000000
140.424108	432.000000
140.436608	432.000000
140.449105	432.000000
140.461605	432.000000
140.474105	432.000000
140.486605	432.000000
140.499105	432.000000
140.511605	432.000000
140.524106	432.000000
140.536606	432.000000
140.549106	432.000000
140.561606	432.000000
140.574106	432.000000
140.586606	432.000000
140.599106	432.000000
140.611606	432.000000
140.624106	432.000000
140.636606	432.000000
140.649106	432.000000
140.661607	432.000000
140.674107	432.000000
140.686607	432.000000
140.699107	432.000000
140.711607	432.000000
140.724107	432.000000
140.736607	432.000000
140.749107	432.000000
140.761607	432.000000
140.774107	432.000000
140.786608	432.000000
140.799108	432.000000
140.811608	432.000000
140.824108	432.000000
140.836608	432.000000
140.849108	432.000000
140.861608	432.000000
140.874108	432.000000
140.886608	432.000000
140.899108	432.000000
140.911605	432.000000
140.924105	432.000000
140.936605	432.000000
140.949105	432.000000
140.961605	432.000000
140.974105	432.000000
140.986605	432.000000
140.999105	432.000000
141.011606	432.000000
141.024106	432.000000
141.036606	432.000000
141.049106	432.000000
141.061606	432.000000
141.074106	432.000000
141.086606	432.000000
141.099106	432.000000
141.111606	432.000000
141.124106	432.000000
141.136607	432.000000
141.149107	432.000000
141.161607	432.000000
141.174107	432.000000
141.186607	432.000000
141.199107	432.000000
141.211607	432.000000
141.224107	432.000000
141.236607	432.000000
141.249107	432.000000
141.261607	432.000000
141.274108	432.000000
141.286608	432.000000
141.299108	432.000000
141.311608	432.000000
141.324108	432.000000
141.336608	432.000000
141.349108	432.000000
141.361608	432.000000
141.374108	432.000000
141.386608	432.000000
141.399109	432.000000
141.411605	432.000000
141.424105	432.000000
141.436605	432.000000
141.449105	432.000000
141.461605	432.000000
141.474105	432.000000
141.486606	432.000000
141.499106	432.000000
141.511606	432.000000
141.524106	432.000000
141.536606	432.000000
141.549106	432.000000
141.561606	432.000000
141.574106	432.000000
141.586606	432.000000
141.599106	432.000000
141.611607	432.000000
141.624107	432.000000
141.636607	432.000000
141.649107	432.000000
141.661607	432.000000
141.674107	432.000000
141.686607	432.000000
141.699107	432.000000
141.711607	432.000000
141.724107	432.000000
141.736607	432.000000
141.749108	432.000000
141.761608	432.000000
141.774108	432.000000
141.786608	432.000000
141.799108	432.000000
141.811608	432.000000
141.824108	432.000000
141.836608	432.000000
141.849108	432.000000
141.861608	432.000000
141.874105	432.000000
141.886605	432.000000
141.899105	432.000000
141.911605	432.000000
141.924105	432.000000
141.936605	432.000000
141.949105	432.000000
141.961606	432.000000
141.974106	432.000000
141.986606	432.000000
141.999106	432.000000
142.011606	432.000000
142.024106	432.000000
142.036606	432.000000
142.049106	432.000000
142.061606	432.000000
142.074106	432.000000
142.086607	432.000000
142.099107	432.000000
142.111607	432.000000
142.124107	432.000000
142.136607	432.000000
142.149107	432.000000
142.161607	432.000000
142.174107	432.000000
142.186607	432.000000
142.199107	432.000000
142.211607	432.000000
142.224108	432.000000
142.236608	432.000000
142.249108	432.000000
142.261608	432.000000
142.274108	432.000000
142.286608	432.000000
142.299108	432.000000
142.311608	432.000000
142.324108	432.000000
142.336608	432.000000
142.349109	432.000000
142.361605	432.000000
142.374105	432.000000
142.386605	432.000000
142.399105	432.000000
142.411605	432.000000
142.424105	432.000000
142.436606	432.000000
142.449106	432.000000
142.461606	432.000000
142.474106	432.000000
142.486606	432.000000
142.499106	432.000000
142.511606	432.000000
142.524106	432.000000
142.536606	432.000000
142.549106	432.000000
142.561606	432.000000
142.574107	432.000000
142.586607	432.000000
142.599107	432.000000
142.611607	432.000000
142.624107	432.000000
142.636607	432.000000
142.649107	432.000000
142.661607	432.000000
142.674107	432.000000
142.686607	432.000000
142.699108	432.000000
142.711608	432.000000
142.724108	432.000000
142.736608	432.000000
142.749108	432.000000
142.761608	432.000000
142.774108	432.000000
142.786608	432.000000
142.799108	432.000000
142.811608	432.000000
142.824105	432.000000
142.836605	432.000000
142.849105	432.000000
142.861605	432.000000
142.874105	432.000000
142.886605	432.000000
142.899105	432.000000
142.911606	432.000000
142.924106	432.000000
142.936606	432.000000
142.949106	432.000000
142.961606	432.000000
142.974106	432.000000
142.986606	432.000000
142.999106	432.000000
143.011606	432.000000
143.024106	432.000000
143.036606	432.000000
143.049107	432.000000
143.061607	432.000000
143.074107	432.000000
143.086607	432.000000
143.099107	432.000000
143.111607	432.000000
143.124107	432.000000
143.136607	432.000000
143.149107	432.000000
143.161607	432.000000
143.174108	432.000000
143.186608	432.000000
143.199108	432.000000
143.211608	432.000000
143.224108	432.000000
143.236608	432.000000
143.249108	432.000000
143.261608	432.000000
143.274108	432.000000
143.286608	432.000000
143.299108	432.000000
143.311605	432.000000
143.324105	432.000000
143.336605	432.000000
143.349105	432.000000
143.361605	432.000000
143.374105	432.000000
143.386605	432.000000
143.399106	432.000000
143.411606	432.000000
143.424106	432.000000
143.436606	432.000000
143.449106	432.000000
143.461606	432.000000
143.474106	432.000000
143.486606	432.000000
143.499106	432.000000
143.511606	432.000000
143.524107	432.000000
143.536607	432.000000
143.549107	432.000000
143.561607	432.000000
143.574107	432.000000
143.586607	432.000000
143.599107	432.000000
143.611607	432.000000
143.624107	432.000000
143.636607	432.000000
143.649107	432.000000
143.661608	432.000000
143.674108	432.000000
143.686608	432.000000
143.699108	432.000000
143.711608	432.000000
143.724108	432.000000
143.736608	432.000000
143.749108	432.000000
143.761608	432.000000
143.774105	432.000000
143.786605	432.000000
143.799105	432.000000
143.811605	432.000000
143.824105	432.000000
143.836605	432.000000
143.849105	432.000000
143.861605	432.000000
143.874106	432.000000
143.886606	432.000000
143.899106	432.000000
143.911606	432.000000
143.924106	432.000000
143.936606	432.000000
143.949106	432.000000
143.961606	432.000000
143.974106	432.000000
143.986606	432.000000
143.999107	432.000000
144.011607	432.000000
144.024107	432.000000
144.036607	432.000000
144.049107	432.000000
144.061607	432.000000
144.074107	432.000000
144.086607	432.000000
144.099107	432.000000
144.111607	432.000000
144.124107	432.000000
144.136608	432.000000
144.149108	432.000000
144.161608	432.000000
144.174108	432.000000
144.186608	432.000000
144.199108	432.000000
144.211608	432.000000
144.224108	432.000000
144.236608	432.000000
144.249108	432.000000
144.261609	432.000000
144.274105	432.000000
144.286605	432.000000
144.299105	432.000000
144.311605	432.000000
144.324105	432.000000
144.336605	432.000000
144.349106	432.000000
144.361606	432.000000
144.374106	432.000000
144.386606	432.000000
144.399106	432.000000
144.411606	432.000000
144.424106	432.000000
144.436606	432.000000
144.449106	432.000000
144.461606	432.000000
144.474106	432.000000
144.486607	432.000000
144.499107	432.000000
144.511607	432.000000
144.524107	432.000000
144.536607	432.000000
144.549107	432.000000
144.561607	432.000000
144.574107	432.000000
144.586607	432.000000
144.599107	432.000000
144.611608	432.000000
144.624108	432.000000
144.636608	432.000000
144.649108	432.000000
144.661608	432.000000
144.674108	432.000000
144.686608	432.000000
144.699108	432.000000
144.711608	432.000000
144.724108	432.000000
144.736605	432.000000
144.749105	432.000000
144.761605	432.000000
144.774105	432.000000
144.786605	432.000000
144.799105	432.000000
144.811605	432.000000
144.824106	432.000000
144.836606	432.000000
144.849106	432.000000
144.861606	432.000000
144.874106	432.000000
144.886606	432.000000
144.899106	432.000000
144.911606	432.000000
144.924106	432.000000
144.936606	432.000000
144.949106	432.000000
144.961607	432.000000
144.974107	432.000000
144.986607	432.000000
144.999107	432.000000
145.011607	432.000000
145.024107	432.000000
145.036607	432.000000
145.049107	432.000000
145.061607	432.000000
145.074107	432.000000
145.086608	432.000000
145.099108	432.000000
145.111608	432.000000
145.124108	432.000000
145.136608	432.000000
145.149108	432.000000
145.161608	432.000000
145.174108	432.000000
145.186608	432.000000
145.199108	432.000000
145.211608	432.000000
145.224105	432.000000
145.236605	432.000000
145.249105	432.000000
145.261605	432.000000
145.274105	432.000000
145.286605	432.000000
145.299105	432.000000
145.311606	432.000000
145.324106	432.000000
145.336606	432.000000
145.349106	432.000000
145.361606	432.000000
145.374106	432.000000
145.386606	432.000000
145.399106	432.000000
145.411606	432.000000
145.424106	432.000000
145.436607	432.000000
145.449107	432.000000
145.461607	432.000000
145.474107	432.000000
145.486607	432.000000
145.499107	432.000000
145.511607	432.000000
145.524107	432.000000
145.536607	432.000000
145.549107	432.000000
145.561607	432.000000
145.574108	432.000000
145.586608	432.000000
145.599108	432.000000
145.611608	432.000000
145.624108	432.000000
145.636608	432.000000
145.649108	432.000000
145.661608	432.000000
145.674108	432.000000
145.686605	432.000000
145.699105	432.000000
145.711605	432.000000
145.724105	432.000000
145.736605	432.000000
145.749105	432.000000
145.761605	432.000000
145.774105	432.000000
145.786606	432.000000
145.799106	432.000000
145.811606	432.000000
145.824106	432.000000
145.836606	432.000000
145.849106	432.000000
145.861606	432.000000
145.874106	432.000000
145.886606	432.000000
145.899106	432.000000
145.911607	432.000000
145.924107	432.000000
145.936607	432.000000
145.949107	432.000000
145.961607	432.000000
145.974107	432.000000
145.986607	432.000000
145.999107	432.000000
146.011607	432.000000
146.024107	432.000000
146.036607	432.000000
146.049108	432.000000
146.061608	432.000000
146.074108	432.000000
146.086608	432.000000
146.099108	432.000000
146.111608	432.000000
146.124108	432.000000
146.136608	432.000000
146.149108	432.000000
146.161608	432.000000
146.174109	432.000000
146.186605	432.000000
146.199105	432.000000
146.211605	432.000000
146.224105	432.000000
146.236605	432.000000
146.249105	432.000000
146.261606	432.000000
146.274106	432.000000
146.286606	432.000000
146.299106	432.000000
146.311606	432.000000
146.324106	432.000000
146.336606	432.000000
146.349106	432.000000
146.361606	432.000000
146.374106	432.000000
146.386607	432.000000
146.399107	432.000000
146.411607	432.000000
146.424107	432.000000
146.436607	432.000000
146.449107	432.000000
146.461607	432.000000
146.474107	432.000000
146.486607	432.000000
146.499107	432.000000
146.511607	432.000000
146.524108	432.000000
146.536608	432.000000
146.549108	432.000000
146.561608	432.000000
146.574108	432.000000
146.586608	432.000000
146.599108	432.000000
146.611608	432.000000
146.624108	432.000000
146.636608	432.000000
146.649105	432.000000
146.661605	432.000000
146.674105	432.000000
146.686605	432.000000
146.699105	432.000000
146.711605	432.000000
146.724105	432.000000
146.736606	432.000000
146.749106	432.000000
146.761606	432.000000
146.774106	432.000000
146.786606	432.000000
146.799106	432.000000
146.811606	432.000000
146.824106	432.000000
146.836606	432.000000
146.849106	432.000000
146.861606	432.000000
146.874107	432.000000
146.886607	432.000000
146.899107	432.000000
146.911607	432.000000
146.924107	432.000000
146.936607	432.000000
146.949107	432.000000
146.961607	432.000000
146.974107	432.000000
146.986607	432.000000
146.999108	432.000000
147.011608	432.000000
147.024108	432.000000
147.036608	432.000000
147.049108	432.000000
147.061608	432.000000
147.074108	432.000000
147.086608	432.000000
147.099108	432.000000
147.111608	432.000000
147.124108	432.000000
147.136605	432.000000
147.149105	432.000000
147.161605	432.000000
147.174105	432.000000
147.186605	432.000000
147.199105	432.000000
147.211606	432.000000
147.224106	432.000000
147.236606	432.000000
147.249106	432.000000
147.261606	432.000000
147.274106	432.000000
147.286606	432.000000
147.299106	432.000000
147.311606	432.000000
147.324106	432.000000
147.336606	432.000000
147.349107	432.000000
147.361607	432.000000
147.374107	432.000000
147.386607	432.000000
147.399107	432.000000
147.411607	432.000000
147.424107	432.000000
147.436607	432.000000
147.449107	432.000000
147.461607	432.000000
147.474108	432.000000
147.486608	432.000000
147.499108	432.000000
147.511608	432.000000
147.524108	432.000000
147.536608	432.000000
147.549108	432.000000
147.561608	432.000000
147.574108	432.000000
147.586608	432.000000
147.599105	432.000000
147.611605	432.000000
147.624105	432.000000
147.636605	432.000000
147.649105	432.000000
147.661605	432.000000
147.674105	432.000000
147.686605	432.000000
147.699106	432.000000
147.711606	432.000000
147.724106	432.000000
147.736606	432.000000
147.749106	432.000000
147.761606	432.000000
147.774106	432.000000
147.786606	432.000000
147.799106	432.000000
147.811606	432.000000
147.824107	432.000000
147.836607	432.000000
147.849107	432.000000
147.861607	432.000000
147.874107	432.000000
147.886607	432.000000
147.899107	432.000000
147.911607	432.000000
147.924107	432.000000
147.936607	432.000000
147.949107	432.000000
147.961608	432.000000
147.974108	432.000000
147.986608	432.000000
147.999108	432.000000
148.011608	432.000000
148.024108	432.000000
148.036608	432.000000
148.049108	432.000000
148.061608	432.000000
148.074108	432.000000
148.086609	432.000000
148.099105	432.000000
148.111605	432.000000
148.124105	432.000000
148.136605	432.000000
148.149105	432.000000
148.161605	432.000000
148.174106	432.000000
148.186606	432.000000
148.199106	432.000000
148.211606	432.000000
148.224106	432.000000
148.236606	432.000000
148.249106	432.000000
148.261606	432.000000
148.274106	432.000000
148.286606	432.000000
148.299107	432.000000
148.311607	432.000000
148.324107	432.000000
148.336607	432.000000
148.349107	432.000000
148.361607	432.000000
148.374107	432.000000
148.386607	432.000000
148.399107	432.000000
148.411607	432.000000
148.424107	432.000000
148.436608	432.000000
148.449108	432.000000
148.461608	432.000000
148.474108	432.000000
148.486608	432.000000
148.499108	432.000000
148.511608	432.000000
148.524108	432.000000
148.536608	432.000000
148.549108	432.000000
148.561605	432.000000
148.574105	432.000000
148.586605	432.000000
148.599105	432.000000
148.611605	432.000000
148.624105	432.000000
148.636605	432.000000
148.649106	432.000000
148.661606	432.000000
148.674106	432.000000
148.686606	432.000000
148.699106	432.000000
148.711606	432.000000
148.724106	432.000000
148.736606	432.000000
148.749106	432.000000
148.761606	432.000000
148.774106	432.000000
148.786607	432.000000
148.799107	432.000000
148.811607	432.000000
148.824107	432.000000
148.836607	432.000000
148.849107	432.000000
148.861607	432.000000
148.874107	432.000000
148.886607	432.000000
148.899107	432.000000
148.911608	432.000000
148.924108	432.000000
148.936608	432.000000
148.949108	432.000000
148.961608	432.000000
148.974108	432.000000
148.986608	432.000000
148.999108	432.000000
149.011608	432.000000
149.024108	432.000000
149.036608	432.000000
149.049105	432.000000
149.061605	432.000000
149.074105	432.000000
149.086605	432.000000
149.099105	432.000000
149.111605	432.000000
149.124106	432.000000
149.136606	432.000000
149.149106	432.000000
149.161606	432.000000
149.174106	432.000000
149.186606	432.000000
149.199106	432.000000
149.211606	432.000000
149.224106	432.000000
149.236606	432.000000
149.249106	432.000000
149.261607	432.000000
149.274107	432.000000
149.286607	432.000000
149.299107	432.000000
149.311607	432.000000
149.324107	432.000000
149.336607	432.000000
149.349107	432.000000
149.361607	432.000000
149.374107	432.000000
149.386608	432.000000
149.399108	432.000000
149.411608	432.000000
149.424108	432.000000
149.436608	432.000000
149.449108	432.000000
149.461608	432.000000
149.474108	432.000000
149.486608	432.000000
149.499108	432.000000
149.511605	432.000000
149.524105	432.000000
149.536605	432.000000
149.549105	432.000000
149.561605	432.000000
149.574105	432.000000
149.586605	432.000000
149.599105	432.000000
149.611606	432.000000
149.624106	432.000000
149.636606	432.000000
149.649106	432.000000
149.661606	432.000000
149.674106	432.000000
149.686606	432.000000
149.699106	432.000000
149.711606	432.000000
149.724106	432.000000
149.736607	432.000000
149.749107	432.000000
149.761607	432.000000
149.774107	432.000000
149.786607	432.000000
149.799107	432.000000
149.811607	432.000000
149.824107	432.000000
149.836607	432.000000
149.849107	432.000000
149.861607	432.000000
149.874108	432.000000
149.886608	432.000000
149.899108	432.000000
149.911608	432.000000
149.924108	432.000000
149.936608	432.000000
149.949108	432.000000
149.961608	432.000000
149.974108	432.000000
149.986608	432.000000
149.999109	432.000000
150.011605	432.000000
150.024105	432.000000
150.036605	432.000000
150.049105	432.000000
150.061605	432.000000
150.074105	432.000000
150.086606	432.000000
150.099106	432.000000
150.111606	432.000000
150.124106	432.000000
150.136606	432.000000
150.149106	432.000000
150.161606	432.000000
150.174106	432.000000
150.186606	432.000000
150.199106	432.000000
150.211607	432.000000
150.224107	432.000000
150.236607	432.000000
150.249107	432.000000
150.261607	432.000000
150.274107	432.000000
150.286607	432.000000
150.299107	432.000000
150.311607	432.000000
150.324107	432.000000
150.336607	432.000000
150.349108	432.000000
150.361608	432.000000
150.374108	432.000000
150.386608	432.000000
150.399108	432.000000
150.411608	432.000000
150.424108	432.000000
150.436608	432.000000
150.449108	432.000000
150.461608	432.000000
150.474105	432.000000
150.486605	432.000000
150.499105	432.000000
150.511605	432.000000
150.524105	432.000000
150.536605	432.000000
150.549105	432.000000
150.561606	432.000000
150.574106	432.000000
150.586606	432.000000
150.599106	432.000000
150.611606	432.000000
150.624106	432.000000
150.636606	432.000000
150.649106	432.000000
150.661606	432.000000
150.674106	432.000000
150.686607	432.000000
150.699107	432.000000
150.711607	432.000000
150.724107	432.000000
150.736607	432.000000
150.749107	432.000000
150.761607	432.000000
150.774107	432.000000
150.786607	432.000000
150.799107	432.000000
150.811607	432.000000
150.824108	432.000000
150.836608	432.000000
150.849108	432.000000
150.861608	432.000000
150.874108	432.000000
150.886608	432.000000
150.899108	432.000000
150.911608	432.000000
150.924108	432.000000
150.936608	432.000000
150.949109	432.000000
150.961605	432.000000
150.974105	432.000000
150.986605	432.000000
150.999105	432.000000
151.011605	432.000000
151.024105	432.000000
151.036606	432.000000
151.049106	432.000000
151.061606	432.000000
151.074106	432.000000
151.086606	432.000000
151.099106	432.000000
151.111606	432.000000
151.124106	432.000000
151.136606	432.000000
151.149106	432.000000
151.161606	432.000000
151.174107	432.000000
151.186607	432.000000
151.199107	432.000000
151.211607	432.000000
151.224107	432.000000
151.236607	432.000000
151.249107	432.000000
151.261607	432.000000
151.274107	432.000000
151.286607	432.000000
151.299108	432.000000
151.311608	432.000000
151.324108	432.000000
151.336608	432.000000
151.349108	432.000000
151.361608	432.000000
151.374108	432.000000
151.386608	432.000000
151.399108	432.000000
151.411608	432.000000
151.424105	432.000000
151.436605	432.000000
151.449105	432.000000
151.461605	432.000000
151.474105	432.000000
151.486605	432.000000
151.499105	432.000000
151.511606	432.000000
151.524106	432.000000
151.536606	432.000000
151.549106	432.000000
151.561606	432.000000
151.574106	432.000000
151.586606	432.000000
151.599106	432.000000
151.611606	432.000000
151.624106	432.000000
151.636606	432.000000
151.649107	432.000000
151.661607	432.000000
151.674107	432.000000
151.686607	432.000000
151.699107	432.000000
151.711607	432.000000
151.724107	432.000000
151.736607	432.000000
151.749107	432.000000
151.761607	432.000000
151.774108	432.000000
151.786608	432.000000
151.799108	432.000000
151.811608	432.000000
151.824108	432.000000
151.836608	432.000000
151.849108	432.000000
151.861608	432.000000
151.874108	432.000000
151.886608	432.000000
151.899108	432.000000
151.911605	432.000000
151.924105	432.000000
151.936605	432.000000
151.949105	432.000000
151.961605	432.000000
151.974105	432.000000
151.986605	432.000000
151.999106	432.000000
152.011606	432.000000
152.024106	432.000000
152.036606	432.000000
152.049106	432.000000
152.061606	432.000000
152.074106	432.000000
152.086606	432.000000
152.099106	432.000000
152.111606	432.000000
152.124107	432.000000
152.136607	432.000000
152.149107	432.000000
152.161607	432.000000
152.174107	432.000000
152.186607	432.000000
152.199107	432.000000
152.211607	432.000000
152.224107	432.000000
152.236607	432.000000
152.249107	432.000000
152.261608	432.000000
152.274108	432.000000
152.286608	432.000000
152.299108	432.000000
152.311608	432.000000
152.324108	432.000000
152.336608	432.000000
152.349108	432.000000
152.361608	432.000000
152.374105	432.000000
152.386605	432.000000
152.399105	432.000000
152.411605	432.000000
152.424105	432.000000
152.436605	432.000000
152.449105	432.000000
152.461605	432.000000
152.474106	432.000000
152.486606	432.000000
152.499106	432.000000
152.511606	432.000000
152.524106	432.000000
152.536606	432.000000
152.549106	432.000000
152.561606	432.000000
152.574106	432.000000
152.586606	432.000000
152.599107	432.000000
152.611607	432.000000
152.624107	432.000000
152.636607	432.000000
152.649107	432.000000
152.661607	432.000000
152.674107	432.000000
152.686607	432.000000
152.699107	432.000000
152.711607	432.000000
152.724107	432.000000
152.736608	432.000000
152.749108	432.000000
152.761608	432.000000
152.774108	432.000000
152.786608	432.000000
152.799108	432.000000
152.811608	432.000000
152.824108	432.000000
152.836608	432.000000
152.849108	432.000000
152.861609	432.000000
152.874105	432.000000
152.886605	432.000000
152.899105	432.000000
152.911605	432.000000
152.924105	432.000000
152.936605	432.000000
152.949106	432.000000
152.961606	432.000000
152.974106	432.000000
152.986606	432.000000
152.999106	432.000000
153.011606	432.000000
153.024106	432.000000
153.036606	432.000000
153.049106	432.000000
153.061606	432.000000
153.074106	432.000000
153.086607	432.000000
153.099107	432.000000
153.111607	432.000000
153.124107	432.000000
153.136607	432.000000
153.149107	432.000000
153.161607	432.000000
153.174107	432.000000
153.186607	432.000000
153.199107	432.000000
153.211608	432.000000
153.224108	432.000000
153.236608	432.000000
153.249108	432.000000
153.261608	432.000000
153.274108	432.000000
153.286608	432.000000
153.299108	432.000000
153.311608	432.000000
153.324108	432.000000
153.336605	432.000000
153.349105	432.000000
153.361605	432.000000
153.374105	432.000000
153.386605	432.000000
153.399105	432.000000
153.411605	432.000000
153.424106	432.000000
153.436606	432.000000
153.449106	432.000000
153.461606	432.000000
153.474106	432.000000
153.486606	432.000000
153.499106	432.000000
153.511606	432.000000
153.524106	432.000000
153.536606	432.000000
153.549106	432.000000
153.561607	432.000000
153.574107	432.000000
153.586607	432.000000
153.599107	432.000000
153.611607	432.000000
153.624107	432.000000
153.636607	432.000000
153.649107	432.000000
153.661607	432.000000
153.674107	432.000000
153.686608	432.000000
153.699108	432.000000
153.711608	432.000000
153.724108	432.000000
153.736608	432.000000
153.749108	432.000000
153.761608	432.000000
153.774108	432.000000
153.786608	432.000000
153.799108	432.000000
153.811608	432.000000
153.824105	432.000000
153.836605	432.000000
153.849105	432.000000
153.861605	432.000000
153.874105	432.000000
153.886605	432.000000
153.899105	432.000000
153.911606	432.000000
153.924106	432.000000
153.936606	432.000000
153.949106	432.000000
153.961606	432.000000
153.974106	432.000000
153.986606	432.000000
153.999106	432.000000
154.011606	432.000000
154.024106	432.000000
154.036607	432.000000
154.049107	432.000000
154.061607	432.000000
154.074107	432.000000
154.086607	432.000000
154.099107	432.000000
154.111607	432.000000
154.124107	432.000000
154.136607	432.000000
154.149107	432.000000
154.161607	432.000000
154.174108	432.000000
154.186608	432.000000
154.199108	432.000000
154.211608	432.000000
154.224108	432.000000
154.236608	432.000000
154.249108	432.000000
154.261608	432.000000
154.274108	432.000000
154.286605	432.000000
154.299105	432.000000
154.311605	432.000000
154.324105	432.000000
154.336605	432.000000
154.349105	432.000000
154.361605	432.000000
154.374105	432.000000
154.386606	432.000000
154.399106	432.000000
154.411606	432.000000
154.424106	432.000000
154.436606	432.000000
154.449106	432.000000
154.461606	432.000000
154.474106	432.000000
154.486606	432.000000
154.499106	432.000000
154.511607	432.000000
154.524107	432.000000
154.536607	432.000000
154.549107	432.000000
154.561607	432.000000
154.574107	432.000000
154.586607	432.000000
154.599107	432.000000
154.611607	432.000000
154.624107	432.000000
154.636607	432.000000
154.649108	432.000000
154.661608	432.000000
154.674108	432.000000
154.686608	432.000000
154.699108	432.000000
154.711608	432.000000
154.724108	432.000000
154.736608	432.000000
154.749108	432.000000
154.761608	432.000000
154.774109	432.000000
154.786605	432.000000
154.799105	432.000000
154.811605	432.000000
154.824105	432.000000
154.836605	432.000000
154.849105	432.000000
154.861606	432.000000
154.874106	432.000000
154.886606	432.000000
154.899106	432.000000
154.911606	432.000000
154.924106	432.000000
154.936606	432.000000
154.949106	432.000000
154.961606	432.000000
154.974106	432.000000
154.986607	432.000000
154.999107	432.000000
155.011607	432.000000
155.024107	432.000000
155.036607	432.000000
155.049107	432.000000
155.061607	432.000000
155.074107	432.000000
155.086607	432.000000
155.099107	432.000000
155.111607	432.000000
155.124108	432.000000
155.136608	432.000000
155.149108	432.000000
155.161608	432.000000
155.174108	432.000000
155.186608	432.000000
155.199108	432.000000
155.211608	432.000000
155.224108	432.000000
155.236608	432.000000
155.249105	432.000000
155.261605	432.000000
155.274105	432.000000
155.286605	432.000000
155.299105	432.000000
155.311605	432.000000
155.324105	432.000000
155.336606	432.000000
155.349106	432.000000
155.361606	432.000000
155.374106	432.000000
155.386606	432.000000
155.399106	432.000000
155.411606	432.000000
155.424106	432.000000
155.436606	432.000000
155.449106	432.000000
155.461606	432.000000
155.474107	432.000000
155.486607	432.000000
155.499107	432.000000
155.511607	432.000000
155.524107	432.000000
155.536607	432.000000
155.549107	432.000000
155.561607	432.000000
155.574107	432.000000
155.586607	432.000000
155.599108	432.000000
155.611608	432.000000
155.624108	432.000000
155.636608	432.000000
155.649108	432.000000
155.661608	432.000000
155.674108	432.000000
155.686608	432.000000
155.699108	432.000000
155.711608	432.000000
155.724108	432.000000
155.736605	432.000000
155.749105	432.000000
155.761605	432.000000
155.774105	432.000000
155.786605	432.000000
155.799105	432.000000
155.811606	432.000000
155.824106	432.000000
155.836606	432.000000
155.849106	432.000000
155.861606	432.000000
155.874106	432.000000
155.886606	432.000000
155.899106	432.000000
155.911606	432.000000
155.924106	432.000000
155.936606	432.000000
155.949107	432.000000
155.961607	432.000000
155.974107	432.000000
155.986607	432.000000
155.999107	432.000000
156.011607	432.000000
156.024107	432.000000
156.036607	432.000000
156.049107	432.000000
156.061607	432.000000
156.074108	432.000000
156.086608	432.000000
156.099108	432.000000
156.111608	432.000000
156.124108	432.000000
156.136608	432.000000
156.149108	432.000000
156.161608	432.000000
156.174108	432.000000
156.186608	432.000000
156.199105	432.000000
156.211605	432.000000
156.224105	432.000000
156.236605	432.000000
156.249105	432.000000
156.261605	432.000000
156.274105	432.000000
156.286605	432.000000
156.299106	432.000000
156.311606	432.000000
156.324106	432.000000
156.336606	432.000000
156.349106	432.000000
156.361606	432.000000
156.374106	432.000000
156.386606	432.000000
156.399106	432.000000
156.411606	432.000000
156.424107	432.000000
156.436607	432.000000
156.449107	432.000000
156.461607	432.000000
156.474107	432.000000
156.486607	432.000000
156.499107	432.000000
156.511607	432.000000
156.524107	432.000000
156.536607	432.000000
156.549107	432.000000
156.561608	432.000000
156.574108	432.000000
156.586608	432.000000
156.599108	432.000000
156.611608	432.000000
156.624108	432.000000
156.636608	432.000000
156.649108	432.000000
156.661608	432.000000
156.674108	432.000000
156.686609	432.000000
156.699105	432.000000
156.711605	432.000000
156.724105	432.000000
156.736605	432.000000
156.749105	432.000000
156.761605	432.000000
156.774106	432.000000
156.786606	432.000000
156.799106	432.000000
156.811606	432.000000
156.824106	432.000000
156.836606	432.000000
156.849106	432.000000
156.861606	432.000000
156.874106	432.000000
156.886606	432.000000
156.899107	432.000000
156.911607	432.000000
156.924107	432.000000
156.936607	432.000000
156.949107	432.000000
156.961607	432.000000
156.974107	432.000000
156.986607	432.000000
156.999107	432.000000
157.011607	432.000000
157.024107	432.000000
157.036608	432.000000
157.049108	432.000000
157.061608	432.000000
157.074108	432.000000
157.086608	432.000000
157.099108	432.000000
157.111608	432.000000
157.124108	432.000000
157.136608	432.000000
157.149108	432.000000
157.161605	432.000000
157.174105	432.000000
157.186605	432.000000
157.199105	432.000000
157.211605	432.000000
157.224105	432.000000
157.236605	432.000000
157.249106	432.000000
157.261606	432.000000
157.274106	432.000000
157.286606	432.000000
157.299106	432.000000
157.311606	432.000000
157.324106	432.000000
157.336606	432.000000
157.349106	432.000000
157.361606	432.000000
157.374106	432.000000
157.386607	432.000000
157.399107	432.000000
157.411607	432.000000
157.424107	432.000000
157.436607	432.000000
157.449107	432.000000
157.461607	432.000000
157.474107	432.000000
157.486607	432.000000
157.499107	432.000000
157.511608	432.000000
157.524108	432.000000
157.536608	432.000000
157.549108	432.000000
157.561608	432.000000
157.574108	432.000000
157.586608	432.000000
157.599108	432.000000
157.611608	432.000000
157.624108	432.000000
157.636608	432.000000
157.649105	432.000000
157.661605	432.000000
157.674105	432.000000
157.686605	432.000000
157.699105	432.000000
157.711605	432.000000
157.724106	432.000000
157.736606	432.000000
157.749106	432.000000
157.761606	432.000000
157.774106	432.000000
157.786606	432.000000
157.799106	432.000000
157.811606	432.000000
157.824106	432.000000
157.836606	432.000000
157.849106	432.000000
157.861607	432.000000
157.874107	432.000000
157.886607	432.000000
157.899107	432.000000
157.911607	432.000000
157.924107	432.000000
157.936607	432.000000
157.949107	432.000000
157.961607	432.000000
157.974107	432.000000
157.986608	432.000000
157.999108	432.000000
158.011608	432.000000
158.024108	432.000000
158.036608	432.000000
158.049108	432.000000
158.061608	432.000000
158.074108	432.000000
158.086608	432.000000
158.099108	432.000000
158.111605	432.000000
158.124105	432.000000
158.136605	432.000000
158.149105	432.000000
158.161605	432.000000
158.174105	432.000000
158.186605	432.000000
158.199105	432.000000
158.211606	432.000000
158.224106	432.000000
158.236606	432.000000
158.249106	432.000000
158.261606	432.000000
158.274106	432.000000
158.286606	432.000000
158.299106	432.000000
158.311606	432.000000
158.324106	432.000000
158.336607	432.000000
158.349107	432.000000
158.361607	432.000000
158.374107	432.000000
158.386607	432.000000
158.399107	432.000000
158.411607	432.000000
158.424107	432.000000
158.436607	432.000000
158.449107	432.000000
158.461607	432.000000
158.474108	432.000000
158.486608	432.000000
158.499108	432.000000
158.511608	432.000000
158.524108	432.000000
158.536608	432.000000
158.549108	432.000000
158.561608	432.000000
158.574108	432.000000
158.586608	432.000000
158.599109	432.000000
158.611605	432.000000
158.624105	432.000000
158.636605	432.000000
158.649105	432.000000
158.661605	432.000000
158.674105	432.000000
158.686606	432.000000
158.699106	432.000000
158.711606	432.000000
158.724106	432.000000
158.736606	432.000000
158.749106	432.000000
158.761606	432.000000
158.774106	432.000000
158.786606	432.000000
158.799106	432.000000
158.811607	432.000000
158.824107	432.000000
158.836607	432.000000
158.849107	432.000000
158.861607	432.000000
158.874107	432.000000
158.886607	432.000000
158.899107	432.000000
158.911607	432.000000
158.924107	432.000000
158.936607	432.000000
158.949108	432.000000
158.961608	432.000000
158.974108	432.000000
158.986608	432.000000
158.999108	432.000000
159.011608	432.000000
159.024108	432.000000
159.036608	432.000000
159.049108	432.000000
159.061608	432.000000
159.074105	432.000000
159.086605	432.000000
159.099105	432.000000
159.111605	432.000000
159.124105	432.000000
159.136605	432.000000
159.149105	432.000000
159.161606	432.000000
159.174106	432.000000
159.186606	432.000000
159.199106	432.000000
159.211606	432.000000
159.224106	432.000000
159.236606	432.000000
159.249106	432.000000
159.261606	432.000000
159.274106	432.000000
159.286607	432.000000
159.299107	432.000000
159.311607	432.000000
159.324107	432.000000
159.336607	432.000000
159.349107	432.000000
159.361607	432.000000
159.374107	432.000000
159.386607	432.000000
159.399107	432.000000
159.411607	432.000000
159.424108	432.000000
159.436608	432.000000
159.449108	432.000000
159.461608	432.000000
159.474108	432.000000
159.486608	432.000000
159.499108	432.000000
159.511608	432.000000
159.524108	432.000000
159.536608	432.000000
159.549109	432.000000
159.561605	432.000000
159.574105	432.000000
159.586605	432.000000
159.599105	432.000000
159.611605	432.000000
159.624105	432.000000
159.636606	432.000000
159.649106	432.000000
159.661606	432.000000
159.674106	432.000000
159.686606	432.000000
159.699106	432.000000
159.711606	432.000000
159.724106	432.000000
159.736606	432.000000
159.749106	432.000000
159.761606	432.000000
159.774107	432.000000
159.786607	432.000000
159.799107	432.000000
159.811607	432.000000
159.824107	432.000000
159.836607	432.000000
159.849107	432.000000
159.861607	432.000000
159.874107	432.000000
159.886607	432.000000
159.899108	432.000000
159.911608	432.000000
159.924108	432.000000
159.936608	432.000000
159.949108	432.000000
159.961608	432.000000
159.974108	432.000000
159.986608	432.000000
159.999108	432.000000
160.011608	432.000000
160.024105	432.000000
160.036605	432.000000
160.049105	432.000000
160.061605	432.000000
160.074105	432.000000
160.086605	432.000000
160.099105	432.000000
160.111606	432.000000
160.124106	432.000000
160.136606	432.000000
160.149106	432.000000
160.161606	432.000000
160.174106	432.000000
160.186606	432.000000
160.199106	432.000000
160.211606	432.000000
160.224106	432.000000
160.236606	432.000000
160.249107	432.000000
160.261607	432.000000
160.274107	432.000000
160.286607	432.000000
160.299107	432.000000
160.311607	432.000000
160.324107	432.000000
160.336607	432.000000
160.349107	432.000000
160.361607	432.000000
160.374108	432.000000
160.386608	432.000000
160.399108	432.000000
160.411608	432.000000
160.424108	432.000000
160.436608	432.000000
160.449108	432.000000
160.461608	432.000000
160.474108	432.000000
160.486608	432.000000
160.499108	432.000000
160.511605	432.000000
160.524105	432.000000
160.536605	432.000000
160.549105	432.000000
160.561605	432.000000
160.574105	432.000000
160.586605	432.000000
160.599106	432.000000
160.611606	432.000000
160.624106	432.000000
160.636606	432.000000
160.649106	432.000000
160.661606	432.000000
160.674106	432.000000
160.686606	432.000000
160.699106	432.000000
160.711606	432.000000
160.724107	432.000000
160.736607	432.000000
160.749107	432.000000
160.761607	432.000000
160.774107	432.000000
160.786607	432.000000
160.799107	432.000000
160.811607	432.000000
160.824107	432.000000
160.836607	432.000000
160.849107	432.000000
160.861608	432.000000
160.874108	432.000000
160.886608	432.000000
160.899108	432.000000
160.911608	432.000000
160.924108	432.000000
160.936608	448.000000
160.949108	464.000000
160.961608	480.000000
160.974105	512.000000
160.986605	544.000000
160.999105	576.000000
161.011605	608.000000
161.024105	624.000000
161.036605	640.000000
161.049105	640.000000
161.061605	640.000000
161.074106	640.000000
161.086606	624.000000
161.099106	624.000000
161.111606	608.000000
161.124106	592.000000
161.136606	576.000000
161.149106	560.000000
161.161606	544.000000
161.174106	528.000000
161.186606	512.000000
161.199107	512.000000
161.211607	496.000000
161.224107	496.000000
161.236607	480.000000
161.249107	480.000000
161.261607	480.000000
161.274107	464.000000
161.286607	464.000000
161.299107	464.000000
161.311607	464.000000
161.324107	464.000000
161.336608	464.000000
161.349108	464.000000
161.361608	464.000000
161.374108	464.000000
161.386608	448.000000
161.399108	448.000000
161.411608	448.000000
161.424108	448.000000
161.436608	448.000000
161.449108	448.000000
161.461609	448.000000
161.474105	448.000000
161.486605	448.000000
161.499105	464.000000
161.511605	464.000000
161.524105	480.000000
161.536605	480.000000
161.549106	496.000000
161.561606	496.000000
161.574106	512.000000
161.586606	512.000000
161.599106	512.000000
161.611606	512.000000
161.624106	512.000000
161.636606	512.000000
161.649106	512.000000
161.661606	496.000000
161.674106	496.000000
161.686607	480.000000
161.699107	480.000000
161.711607	480.000000
161.724107	464.000000
161.736607	464.000000
161.749107	464.000000
161.761607	448.000000
161.774107	448.000000
161.786607	448.000000
161.799107	448.000000
161.811608	448.000000
161.824108	448.000000
161.836608	448.000000
161.849108	448.000000
161.861608	448.000000
161.874108	448.000000
161.886608	448.000000
161.899108	448.000000
161.911608	448.000000
161.924108	448.000000
161.936605	448.000000
161.949105	448.000000
161.961605	448.000000
161.974105	448.000000
161.986605	448.000000
161.999105	448.000000
162.011605	448.000000
162.024106	448.000000
162.036606	432.000000
162.049106	432.000000
162.061606	432.000000
162.074106	432.000000
162.086606	432.000000
162.099106	432.000000
162.111606	432.000000
162.124106	432.000000
162.136606	432.000000
162.149106	432.000000
162.161607	432.000000
162.174107	432.000000
162.186607	432.000000
162.199107	432.000000
162.211607	432.000000
162.224107	432.000000
162.236607	432.000000
162.249107	432.000000
162.261607	432.000000
162.274107	432.000000
162.286608	432.000000
162.299108	432.000000
162.311608	432.000000
162.324108	432.000000
162.336608	432.000000
162.349108	432.000000
162.361608	432.000000
162.374108	432.000000
162.386608	432.000000
162.399108	432.000000
162.411608	432.000000
162.424105	432.000000
162.436605	432.000000
162.449105	432.000000
162.461605	432.000000
162.474105	432.000000
162.486605	432.000000
162.499105	432.000000
162.511606	432.000000
162.524106	432.000000
162.536606	432.000000
162.549106	432.000000
162.561606	432.000000
162.574106	432.000000
162.586606	432.000000
162.599106	432.000000
162.611606	432.000000
162.624106	432.000000
162.636607	432.000000
162.649107	432.000000
162.661607	432.000000
162.674107	448.000000
162.686607	448.000000
162.699107	480.000000
162.711607	480.000000
162.724107	496.000000
162.736607	512.000000
162.749107	528.000000
162.761607	528.000000
162.774108	528.000000
162.786608	528.000000
162.799108	528.000000
162.811608	528.000000
162.824108	512.000000
162.836608	512.000000
162.849108	512.000000
162.861608	496.000000
162.874108	496.000000
162.886605	480.000000
162.899105	480.000000
162.911605	464.000000
162.924105	464.000000
162.936605	464.000000
162.949105	464.000000
162.961605	464.000000
162.974105	448.000000
162.986606	448.000000
162.999106	448.000000
163.011606	448.000000
163.024106	448.000000
163.036606	448.000000
163.049106	448.000000
163.061606	448.000000
163.074106	448.000000
163.086606	448.000000
163.099106	448.000000
163.111607	448.000000
163.124107	448.000000
163.136607	448.000000
163.149107	448.000000
163.161607	448.000000
163.174107	448.000000
163.186607	448.000000
163.199107	448.000000
163.211607	448.000000
163.224107	448.000000
163.236607	448.000000
163.249108	448.000000
163.261608	448.000000
163.274108	432.000000
163.286608	432.000000
163.299108	448.000000
163.311608	464.000000
163.324108	480.000000
163.336608	528.000000
163.349108	576.000000
163.361608	624.000000
163.374109	672.000000
163.386605	704.000000
163.399105	720.000000
163.411605	736.000000
163.424105	752.000000
163.436605	752.000000
163.449105	752.000000
163.461606	736.000000
163.474106	720.000000
163.486606	688.000000
163.499106	672.000000
163.511606	656.000000
163.524106	640.000000
163.536606	608.000000
163.549106	592.000000
163.561606	576.000000
163.574106	544.000000
163.586607	544.000000
163.599107	528.000000
163.611607	512.000000
163.624107	512.000000
163.636607	496.000000
163.649107	496.000000
163.661607	496.000000
163.674107	480.000000
163.686607	480.000000
163.699107	480.000000
163.711607	480.000000
163.724108	480.000000
163.736608	480.000000
163.749108	480.000000
163.761608	464.000000
163.774108	464.000000
163.786608	464.000000
163.799108	464.000000
163.811608	464.000000
163.824108	448.000000
163.836608	448.000000
163.849105	448.000000
163.861605	448.000000
163.874105	448.000000
163.886605	448.000000
163.899105	448.000000
163.911605	448.000000
163.924105	448.000000
163.936606	448.000000
163.949106	432.000000
163.961606	432.000000
163.974106	432.000000
163.986606	432.000000
163.999106	432.000000
164.011606	432.000000
164.024106	448.000000
164.036606	448.000000
164.049106	448.000000
164.061606	448.000000
164.074107	448.000000
164.086607	448.000000
164.099107	432.000000
164.111607	432.000000
164.124107	432.000000
164.136607	432.000000
164.149107	432.000000
164.161607	432.000000
164.174107	432.000000
164.186607	432.000000
164.199108	432.000000
164.211608	432.000000
164.224108	432.000000
164.236608	448.000000
164.249108	464.000000
164.261608	496.000000
164.274108	528.000000
164.286608	560.000000
164.299108	608.000000
164.311608	640.000000
164.324108	688.000000
164.336605	848.000000
164.349105	1104.000000
164.361605	1424.000000
164.374105	1776.000000
164.386605	2144.000000
164.399105	2480.000000
164.411606	2768.000000
164.424106	2992.000000
164.436606	3136.000000
164.449106	3216.000000
164.461606	3216.000000
164.474106	3152.000000
164.486606	3056.000000
164.499106	2912.000000
164.511606	2752.000000
164.524106	2576.000000
164.536606	2384.000000
164.549107	2208.000000
164.561607	2048.000000
164.574107	1904.000000
164.586607	1776.000000
164.599107	1664.000000
164.611607	1552.000000
164.624107	1456.000000
164.636607	1376.000000
164.649107	1296.000000
164.661607	1248.000000
164.674108	1200.000000
164.686608	1152.000000
164.699108	1104.000000
164.711608	1056.000000
164.724108	1008.000000
164.736608	992.000000
164.749108	992.000000
164.761608	1056.000000
164.774108	1200.000000
164.786608	1360.000000
164.799105	1520.000000
164.811605	1680.000000
164.824105	1824.000000
164.836605	1936.000000
164.849105	2016.000000
164.861605	2064.000000
164.874105	2080.000000
164.886605	2048.000000
164.899106	1984.000000
164.911606	1904.000000
164.924106	1808.000000
164.936606	1680.000000
164.949106	1568.000000
164.961606	1472.000000
164.974106	1376.000000
164.986606	1296.000000
164.999106	1216.000000
165.011606	1152.000000
165.024107	1088.000000
165.036607	1072.000000
165.049107	1088.000000
165.061607	1136.000000
165.074107	1216.000000
165.086607	1296.000000
165.099107	1360.000000
165.111607	1424.000000
165.124107	1472.000000
165.136607	1504.000000
165.149107	1504.000000
165.161608	1504.000000
165.174108	1472.000000
165.186608	1440.000000
165.199108	1440.000000
165.211608	1456.000000
165.224108	1520.000000
165.236608	1600.000000
165.249108	1664.000000
165.261608	1728.000000
165.274108	1776.000000
165.286609	1792.000000
165.299105	1808.000000
165.311605	1792.000000
165.324105	1744.000000
165.336605	1696.000000
165.349105	1632.000000
165.361605	1552.000000
165.374106	1456.000000
165.386606	1376.000000
165.399106	1280.000000
165.411606	1200.000000
165.424106	1120.000000
165.436606	1040.000000
165.449106	976.000000
165.461606	912.000000
165.474106	880.000000
165.486606	848.000000
165.499107	832.000000
165.511607	816.000000
165.524107	816.000000
165.536607	800.000000
165.549107	784.000000
165.561607	768.000000
165.574107	768.000000
165.586607	752.000000
165.599107	736.000000
165.611607	720.000000
165.624107	704.000000
165.636608	688.000000
165.649108	672.000000
165.661608	656.000000
165.674108	640.000000
165.686608	624.000000
165.699108	608.000000
165.711608	592.000000
165.724108	576.000000
165.736608	560.000000
165.749108	544.000000
165.761605	528.000000
165.774105	528.000000
165.786605	512.000000
165.799105	512.000000
165.811605	512.000000
165.824105	512.000000
165.836605	528.000000
165.849106	528.000000
165.861606	528.000000
165.874106	528.000000
165.886606	528.000000
165.899106	528.000000
165.911606	528.000000
165.924106	544.000000
165.936606	576.000000
165.949106	640.000000
165.961606	752.000000
165.974106	880.000000
165.986607	992.000000
165.999107	1104.000000
166.011607	1184.000000
166.024107	1264.000000
166.036607	1328.000000
166.049107	1344.000000
166.061607	1360.000000
166.074107	1328.000000
166.086607	1296.000000
166.099107	1248.000000
166.111608	1184.000000
166.124108	1120.000000
166.136608	1056.000000
166.149108	992.000000
166.161608	928.000000
166.174108	880.000000
166.186608	832.000000
166.199108	800.000000
166.211608	768.000000
166.224108	736.000000
166.236608	720.000000
166.249105	704.000000
166.261605	688.000000
166.274105	672.000000
166.286605	656.000000
166.299105	656.000000
166.311605	640.000000
166.324106	624.000000
166.336606	624.000000
166.349106	640.000000
166.361606	672.000000
166.374106	704.000000
166.386606	736.000000
166.399106	752.000000
166.411606	784.000000
166.424106	784.000000
166.436606	800.000000
166.449106	800.000000
166.461607	784.000000
166.474107	768.000000
166.486607	752.000000
166.499107	736.000000
166.511607	704.000000
166.524107	672.000000
166.536607	656.000000
166.549107	640.000000
166.561607	608.000000
166.574107	592.000000
166.586608	576.000000
166.599108	560.000000
166.611608	560.000000
166.624108	544.000000
166.636608	544.000000
166.649108	528.000000
166.661608	528.000000
166.674108	512.000000
166.686608	512.000000
166.699108	512.000000
166.711605	496.000000
166.724105	496.000000
166.736605	496.000000
166.749105	496.000000
166.761605	480.000000
166.774105	480.000000
166.786605	480.000000
166.799106	480.000000
166.811606	464.000000
166.824106	464.000000
166.836606	464.000000
166.849106	464.000000
166.861606	464.000000
166.874106	464.000000
166.886606	448.000000
166.899106	448.000000
166.911606	448.000000
166.924106	448.000000
166.936607	448.000000
166.949107	448.000000
166.961607	448.000000
166.974107	448.000000
166.986607	448.000000
166.999107	432.000000
167.011607	448.000000
167.024107	432.000000
167.036607	432.000000
167.049107	432.000000
167.061607	448.000000
167.074108	448.000000
167.086608	464.000000
167.099108	496.000000
167.111608	512.000000
167.124108	528.000000
167.136608	544.000000
167.149108	560.000000
167.161608	560.000000
167.174108	576.000000
167.186608	576.000000
167.199109	576.000000
167.211605	560.000000
167.224105	560.000000
167.236605	544.000000
167.249105	544.000000
167.261605	528.000000
167.274105	512.000000
167.286606	512.000000
167.299106	496.000000
167.311606	496.000000
167.324106	480.000000
167.336606	480.000000
167.349106	480.000000
167.361606	464.000000
167.374106	464.000000
167.386606	464.000000
167.399106	464.000000
167.411607	464.000000
167.424107	464.000000
167.436607	448.000000
167.449107	448.000000
167.461607	448.000000
167.474107	448.000000
167.486607	448.000000
167.499107	448.000000
167.511607	448.000000
167.524107	448.000000
167.536607	448.000000
167.549108	448.000000
167.561608	464.000000
167.574108	464.000000
167.586608	480.000000
167.599108	480.000000
167.611608	496.000000
167.624108	496.000000
167.636608	512.000000
167.649108	512.000000
167.661608	512.000000
167.674105	496.000000
167.686605	496.000000
167.699105	496.000000
167.711605	496.000000
167.724105	480.000000
167.736605	480.000000
167.749105	464.000000
167.761606	464.000000
167.774106	464.000000
167.786606	464.000000
167.799106	464.000000
167.811606	464.000000
167.824106	448.000000
167.836606	448.000000
167.849106	448.000000
167.861606	448.000000
167.874106	448.000000
167.886607	448.000000
167.899107	448.000000
167.911607	448.000000
167.924107	448.000000
167.936607	448.000000
167.949107	448.000000
167.961607	448.000000
167.974107	448.000000
167.986607	432.000000
167.999107	432.000000
168.011607	432.000000
168.024108	432.000000
168.036608	432.000000
168.049108	432.000000
168.061608	432.000000
168.074108	432.000000
168.086608	432.000000
168.099108	432.000000
168.111608	432.000000
168.124108	432.000000
168.136608	432.000000
168.149109	432.000000
168.161605	432.000000
168.174105	432.000000
168.186605	432.000000
168.199105	432.000000
168.211605	432.000000
168.224105	432.000000
168.236606	432.000000
168.249106	432.000000
168.261606	432.000000
168.274106	432.000000
168.286606	432.000000
168.299106	432.000000
168.311606	432.000000
168.324106	432.000000
168.336606	432.000000
168.349106	432.000000
168.361606	432.000000
168.374107	432.000000
168.386607	432.000000
168.399107	432.000000
168.411607	432.000000
168.424107	432.000000
168.436607	432.000000
168.449107	432.000000
168.461607	432.000000
168.474107	432.000000
168.486607	432.000000
168.499108	432.000000
168.511608	432.000000
168.524108	432.000000
168.536608	432.000000
168.549108	432.000000
168.561608	432.000000
168.574108	432.000000
168.586608	432.000000
168.599108	432.000000
168.611608	432.000000
168.624105	432.000000
168.636605	432.000000
168.649105	432.000000
168.661605	432.000000
168.674105	432.000000
168.686605	432.000000
168.699105	432.000000
168.711606	432.000000
168.724106	432.000000
168.736606	432.000000
168.749106	432.000000
168.761606	432.000000
168.774106	432.000000
168.786606	432.000000
168.799106	432.000000
168.811606	432.000000
168.824106	432.000000
168.836606	432.000000
168.849107	432.000000
168.861607	432.000000
168.874107	432.000000
168.886607	432.000000
168.899107	432.000000
168.911607	432.000000
168.924107	432.000000
168.936607	432.000000
168.949107	432.000000
168.961607	432.000000
168.974108	432.000000
168.986608	432.000000
168.999108	432.000000
169.011608	432.000000
169.024108	432.000000
169.036608	432.000000
169.049108	432.000000
169.061608	432.000000
169.074108	432.000000
169.086608	432.000000
169.099108	432.000000
169.111605	432.000000
169.124105	432.000000
169.136605	432.000000
169.149105	432.000000
169.161605	432.000000
169.174105	432.000000
169.186605	432.000000
169.199106	432.000000
169.211606	432.000000
169.224106	432.000000
169.236606	432.000000
169.249106	432.000000
169.261606	432.000000
169.274106	432.000000
169.286606	432.000000
169.299106	432.000000
169.311606	432.000000
169.324107	432.000000
169.336607	432.000000
169.349107	432.000000
169.361607	432.000000
169.374107	432.000000
169.386607	432.000000
169.399107	432.000000
169.411607	432.000000
169.424107	432.000000
169.436607	432.000000
169.449107	432.000000
169.461608	432.000000
169.474108	432.000000
169.486608	432.000000
169.499108	432.000000
169.511608	432.000000
169.524108	432.000000
169.536608	432.000000
169.549108	432.000000
169.561608	432.000000
169.574105	432.000000
169.586605	432.000000
169.599105	432.000000
169.611605	432.000000
169.624105	432.000000
169.636605	432.000000
169.649105	432.000000
169.661605	432.000000
169.674106	432.000000
169.686606	432.000000
169.699106	432.000000
169.711606	432.000000
169.724106	432.000000
169.736606	432.000000
169.749106	432.000000
169.761606	432.000000
169.774106	432.000000
169.786606	432.000000
169.799107	432.000000
169.811607	432.000000
169.824107	432.000000
169.836607	432.000000
169.849107	432.000000
169.861607	432.000000
169.874107	432.000000
169.886607	432.000000
169.899107	432.000000
169.911607	432.000000
169.924107	432.000000
169.936608	432.000000
169.949108	432.000000
169.961608	432.000000
169.974108	432.000000
169.986608	432.000000
169.999108	432.000000
170.011608	432.000000
170.024108	432.000000
170.036608	432.000000
170.049108	432.000000
170.061609	432.000000
170.074105	432.000000
170.086605	432.000000
170.099105	432.000000
170.111605	432.000000
170.124105	432.000000
170.136605	432.000000
170.149106	432.000000
170.161606	432.000000
170.174106	432.000000
170.186606	432.000000
170.199106	432.000000
170.211606	432.000000
170.224106	432.000000
170.236606	432.000000
170.249106	432.000000
170.261606	432.000000
170.274106	432.000000
170.286607	432.000000
170.299107	432.000000
170.311607	432.000000
170.324107	432.000000
170.336607	432.000000
170.349107	432.000000
170.361607	432.000000
170.374107	432.000000
170.386607	432.000000
170.399107	416.000000
170.411608	416.000000
170.424108	432.000000
170.436608	432.000000
170.449108	432.000000
170.461608	432.000000
170.474108	432.000000
170.486608	432.000000
170.499108	432.000000
170.511608	432.000000
170.524108	432.000000
170.536605	432.000000
170.549105	432.000000
170.561605	432.000000
170.574105	432.000000
170.586605	432.000000
170.599105	432.000000
170.611605	432.000000
170.624106	432.000000
170.636606	432.000000
170.649106	432.000000
170.661606	432.000000
170.674106	432.000000
170.686606	432.000000
170.699106	432.000000
170.711606	432.000000
170.724106	432.000000
170.736606	432.000000
170.749106	432.000000
170.761607	432.000000
170.774107	432.000000
170.786607	432.000000
170.799107	432.000000
170.811607	432.000000
170.824107	432.000000
170.836607	432.000000
170.849107	432.000000
170.861607	432.000000
170.874107	432.000000
170.886608	432.000000
170.899108	432.000000
170.911608	432.000000
170.924108	432.000000
170.936608	432.000000
170.949108	432.000000
170.961608	432.000000
170.974108	432.000000
170.986608	432.000000
170.999108	432.000000
171.011608	432.000000
171.024105	432.000000
171.036605	432.000000
171.049105	432.000000
171.061605	432.000000
171.074105	432.000000
171.086605	432.000000
171.099106	432.000000
171.111606	432.000000
171.124106	432.000000
171.136606	432.000000
171.149106	432.000000
171.161606	432.000000
171.174106	416.000000
171.186606	432.000000
171.199106	432.000000
171.211606	432.000000
171.224106	432.000000
171.236607	432.000000
171.249107	432.000000
171.261607	432.000000
171.274107	432.000000
171.286607	432.000000
171.299107	432.000000
171.311607	432.000000
171.324107	432.000000
171.336607	432.000000
171.349107	432.000000
171.361607	432.000000
171.374108	432.000000
171.386608	416.000000
171.399108	432.000000
171.411608	432.000000
171.424108	432.000000
171.436608	432.000000
171.449108	432.000000
171.461608	432.000000
171.474108	432.000000
171.486605	432.000000
171.499105	432.000000
171.511605	432.000000
171.524105	432.000000
171.536605	432.000000
171.549105	432.000000
171.561605	432.000000
171.574105	432.000000
171.586606	432.000000
171.599106	432.000000
171.611606	432.000000
171.624106	432.000000
171.636606	432.000000
171.649106	432.000000
171.661606	432.000000
171.674106	432.000000
171.686606	432.000000
171.699106	432.000000
171.711607	432.000000
171.724107	432.000000
171.736607	432.000000
171.749107	432.000000
171.761607	432.000000
171.774107	432.000000
171.786607	432.000000
171.799107	432.000000
171.811607	432.000000
171.824107	432.000000
171.836607	432.000000
171.849108	432.000000
171.861608	416.000000
171.874108	416.000000
171.886608	432.000000
171.899108	432.000000
171.911608	432.000000
171.924108	432.000000
171.936608	432.000000
171.949108	432.000000
171.961608	432.000000
171.974109	432.000000
171.986605	432.000000
171.999105	432.000000
172.011605	432.000000
172.024105	432.000000
172.036605	432.000000
172.049105	432.000000
172.061606	432.000000
172.074106	432.000000
172.086606	432.000000
172.099106	432.000000
172.111606	432.000000
172.124106	432.000000
172.136606	432.000000
172.149106	432.000000
172.161606	432.000000
172.174106	432.000000
172.186607	432.000000
172.199107	432.000000
172.211607	432.000000
172.224107	432.000000
172.236607	432.000000
172.249107	432.000000
172.261607	432.000000
172.274107	432.000000
172.286607	432.000000
172.299107	432.000000
172.311607	432.000000
172.324108	432.000000
172.336608	432.000000
172.349108	432.000000
172.361608	432.000000
172.374108	432.000000
172.386608	432.000000
172.399108	432.000000
172.411608	432.000000
172.424108	432.000000
172.436608	432.000000
172.449105	432.000000
172.461605	432.000000
172.474105	432.000000
172.486605	432.000000
172.499105	432.000000
172.511605	432.000000
172.524105	432.000000
172.536606	432.000000
172.549106	432.000000
172.561606	432.000000
172.574106	432.000000
172.586606	432.000000
172.599106	432.000000
172.611606	432.000000
172.624106	432.000000
172.636606	432.000000
172.649106	432.000000
172.661606	432.000000
172.674107	432.000000
172.686607	432.000000
172.699107	416.000000
172.711607	432.000000
172.724107	432.000000
172.736607	432.000000
172.749107	432.000000
172.761607	432.000000
172.774107	432.000000
172.786607	432.000000
172.799108	432.000000
172.811608	432.000000
172.824108	432.000000
172.836608	432.000000
172.849108	432.000000
172.861608	432.000000
172.874108	432.000000
172.886608	432.000000
172.899108	432.000000
172.911608	432.000000
172.924108	432.000000
172.936605	432.000000
172.949105	432.000000
172.961605	432.000000
172.974105	432.000000
172.986605	432.000000
172.999105	432.000000
173.011606	432.000000
173.024106	432.000000
173.036606	432.000000
173.049106	432.000000
173.061606	432.000000
173.074106	432.000000
173.086606	432.000000
173.099106	432.000000
173.111606	432.000000
173.124106	432.000000
173.136606	432.000000
173.149107	416.000000
173.161607	432.000000
173.174107	432.000000
173.186607	432.000000
173.199107	432.000000
173.211607	432.000000
173.224107	432.000000
173.236607	416.000000
173.249107	432.000000
173.261607	432.000000
173.274108	432.000000
173.286608	432.000000
173.299108	432.000000
173.311608	432.000000
173.324108	432.000000
173.336608	432.000000
173.349108	432.000000
173.361608	432.000000
173.374108	432.000000
173.386608	432.000000
173.399105	432.000000
173.411605	432.000000
173.424105	432.000000
173.436605	432.000000
173.449105	432.000000
173.461605	432.000000
173.474105	432.000000
173.486605	432.000000
173.499106	432.000000
173.511606	432.000000
173.524106	432.000000
173.536606	432.000000
173.549106	432.000000
173.561606	432.000000
173.574106	432.000000
173.586606	432.000000
173.599106	432.000000
173.611606	432.000000
173.624107	432.000000
173.636607	432.000000
173.649107	432.000000
173.661607	432.000000
173.674107	432.000000
173.686607	432.000000
173.699107	432.000000
173.711607	432.000000
173.724107	432.000000
173.736607	432.000000
173.749107	432.000000
173.761608	416.000000
173.774108	416.000000
173.786608	432.000000
173.799108	432.000000
173.811608	432.000000
173.824108	432.000000
173.836608	432.000000
173.849108	432.000000
173.861608	432.000000
173.874108	432.000000
173.886609	432.000000
173.899105	432.000000
173.911605	432.000000
173.924105	432.000000
173.936605	432.000000
173.949105	432.000000
173.961605	432.000000
173.974106	432.000000
173.986606	432.000000
173.999106	416.000000
174.011606	432.000000
174.024106	432.000000
174.036606	432.000000
174.049106	432.000000
174.061606	432.000000
174.074106	432.000000
174.086606	432.000000
174.099107	432.000000
174.111607	432.000000
174.124107	432.000000
174.136607	432.000000
174.149107	432.000000
174.161607	432.000000
174.174107	432.000000
174.186607	432.000000
174.199107	432.000000
174.211607	432.000000
174.224107	432.000000
174.236608	432.000000
174.249108	432.000000
174.261608	432.000000
174.274108	432.000000
174.286608	432.000000
174.299108	432.000000
174.311608	432.000000
174.324108	432.000000
174.336608	432.000000
174.349108	432.000000
174.361605	432.000000
174.374105	432.000000
174.386605	432.000000
174.399105	432.000000
174.411605	432.000000
174.424105	432.000000
174.436605	432.000000
174.449106	432.000000
174.461606	432.000000
174.474106	432.000000
174.486606	432.000000
174.499106	432.000000
174.511606	432.000000
174.524106	432.000000
174.536606	432.000000
174.549106	432.000000
174.561606	432.000000
174.574106	432.000000
174.586607	432.000000
174.599107	432.000000
174.611607	432.000000
174.624107	432.000000
174.636607	416.000000
174.649107	432.000000
174.661607	432.000000
174.674107	432.000000
174.686607	432.000000
174.699107	432.000000
174.711608	432.000000
174.724108	432.000000
174.736608	432.000000
174.749108	432.000000
174.761608	432.000000
174.774108	432.000000
174.786608	432.000000
174.799108	432.000000
174.811608	432.000000
174.824108	432.000000
174.836608	432.000000
174.849105	432.000000
174.861605	432.000000
174.874105	432.000000
174.886605	432.000000
174.899105	432.000000
174.911605	432.000000
174.924106	432.000000
174.936606	432.000000
174.949106	432.000000
174.961606	432.000000
174.974106	432.000000
174.986606	432.000000
174.999106	432.000000
175.011606	432.000000
175.024106	432.000000
175.036606	432.000000
175.049106	432.000000
175.061607	432.000000
175.074107	432.000000
175.086607	416.000000
175.099107	432.000000
175.111607	432.000000
175.124107	432.000000
175.136607	416.000000
175.149107	416.000000
175.161607	432.000000
175.174107	432.000000
175.186608	432.000000
175.199108	432.000000
175.211608	432.000000
175.224108	432.000000
175.236608	432.000000
175.249108	432.000000
175.261608	432.000000
175.274108	432.000000
175.286608	432.000000
175.299108	432.000000
175.311605	432.000000
175.324105	432.000000
175.336605	416.000000
175.349105	416.000000
175.361605	432.000000
175.374105	432.000000
175.386605	432.000000
175.399106	432.000000
175.411606	432.000000
175.424106	432.000000
175.436606	432.000000
175.449106	432.000000
175.461606	432.000000
175.474106	432.000000
175.486606	432.000000
175.499106	432.000000
175.511606	432.000000
175.524106	432.000000
175.536607	432.000000
175.549107	432.000000
175.561607	432.000000
175.574107	432.000000
175.586607	432.000000
175.599107	432.000000
175.611607	432.000000
175.624107	432.000000
175.636607	432.000000
175.649107	432.000000
175.661607	432.000000
175.674108	432.000000
175.686608	432.000000
175.699108	432.000000
175.711608	432.000000
175.724108	432.000000
175.736608	432.000000
175.749108	432.000000
175.761608	432.000000
175.774108	416.000000
175.786608	416.000000
175.799109	416.000000
175.811605	432.000000
175.824105	416.000000
175.836605	432.000000
175.849105	432.000000
175.861605	432.000000
175.874105	432.000000
175.886606	432.000000
175.899106	432.000000
175.911606	432.000000
175.924106	432.000000
175.936606	432.000000
175.949106	432.000000
175.961606	432.000000
175.974106	416.000000
175.986606	432.000000
175.999106	432.000000
176.011607	416.000000
176.024107	432.000000
176.036607	432.000000
176.049107	432.000000
176.061607	432.000000
176.074107	432.000000
176.086607	432.000000
176.099107	432.000000
176.111607	432.000000
176.124107	432.000000
176.136607	432.000000
176.149108	432.000000
176.161608	432.000000
176.174108	432.000000
176.186608	432.000000
176.199108	432.000000
176.211608	432.000000
176.224108	432.000000
176.236608	432.000000
176.249108	432.000000
176.261608	432.000000
176.274105	432.000000
176.286605	432.000000
176.299105	432.000000
176.311605	432.000000
176.324105	432.000000
176.336605	432.000000
176.349105	432.000000
176.361606	432.000000
176.374106	432.000000
176.386606	432.000000
176.399106	432.000000
176.411606	416.000000
176.424106	416.000000
176.436606	432.000000
176.449106	432.000000
176.461606	432.000000
176.474106	432.000000
176.486607	432.000000
176.499107	432.000000
176.511607	432.000000
176.524107	432.000000
176.536607	432.000000
176.549107	432.000000
176.561607	432.000000
176.574107	432.000000
176.586607	432.000000
176.599107	432.000000
176.611607	432.000000
176.624108	432.000000
176.636608	432.000000
176.649108	432.000000
176.661608	432.000000
176.674108	432.000000
176.686608	432.000000
176.699108	432.000000
176.711608	432.000000
176.724108	432.000000
176.736608	432.000000
176.749109	432.000000
176.761605	432.000000
176.774105	432.000000
176.786605	432.000000
176.799105	432.000000
176.811605	432.000000
176.824105	432.000000
176.836606	432.000000
176.849106	432.000000
176.861606	432.000000
176.874106	432.000000
176.886606	432.000000
176.899106	432.000000
176.911606	432.000000
176.924106	432.000000
176.936606	432.000000
176.949106	432.000000
176.961606	432.000000
176.974107	432.000000
176.986607	432.000000
176.999107	432.000000
177.011607	432.000000
177.024107	432.000000
177.036607	432.000000
177.049107	432.000000
177.061607	432.000000
177.074107	432.000000
177.086607	432.000000
177.099108	432.000000
177.111608	432.000000
177.124108	432.000000
177.136608	432.000000
177.149108	432.000000
177.161608	432.000000
177.174108	432.000000
177.186608	432.000000
177.199108	432.000000
177.211608	432.000000
177.224105	432.000000
177.236605	432.000000
177.249105	432.000000
177.261605	432.000000
177.274105	432.000000
177.286605	432.000000
177.299105	432.000000
177.311606	432.000000
177.324106	432.000000
177.336606	432.000000
177.349106	432.000000
177.361606	432.000000
177.374106	432.000000
177.386606	432.000000
177.399106	432.000000
177.411606	432.000000
177.424106	432.000000
177.436606	432.000000
177.449107	432.000000
177.461607	432.000000
177.474107	432.000000
177.486607	432.000000
177.499107	432.000000
177.511607	432.000000
177.524107	432.000000
177.536607	432.000000
177.549107	432.000000
177.561607	432.000000
177.574108	432.000000
177.586608	432.000000
177.599108	432.000000
177.611608	432.000000
177.624108	432.000000
177.636608	432.000000
177.649108	432.000000
177.661608	432.000000
177.674108	432.000000
177.686608	416.000000
177.699108	432.000000
177.711605	432.000000
177.724105	432.000000
177.736605	432.000000
177.749105	432.000000
177.761605	432.000000
177.774105	432.000000
177.786605	432.000000
177.799106	432.000000
177.811606	416.000000
177.824106	432.000000
177.836606	432.000000
177.849106	432.000000
177.861606	432.000000
177.874106	432.000000
177.886606	432.000000
177.899106	432.000000
177.911606	432.000000
177.924107	432.000000
177.936607	432.000000
177.949107	432.000000
177.961607	432.000000
177.974107	432.000000
177.986607	416.000000
177.999107	432.000000
178.011607	432.000000
178.024107	432.000000
178.036607	432.000000
178.049107	432.000000
178.061608	432.000000
178.074108	432.000000
178.086608	432.000000
178.099108	432.000000
178.111608	432.000000
178.124108	432.000000
178.136608	432.000000
178.149108	432.000000
178.161608	432.000000
178.174105	432.000000
178.186605	432.000000
178.199105	432.000000
178.211605	432.000000
178.224105	432.000000
178.236605	432.000000
178.249105	432.000000
178.261605	432.000000
178.274106	432.000000
178.286606	416.000000
178.299106	432.000000
178.311606	432.000000
178.324106	432.000000
178.336606	432.000000
178.349106	432.000000
178.361606	432.000000
178.374106	432.000000
178.386606	432.000000
178.399107	432.000000
178.411607	432.000000
178.424107	432.000000
178.436607	432.000000
178.449107	432.000000
178.461607	432.000000
178.474107	432.000000
178.486607	432.000000
178.499107	432.000000
178.511607	432.000000
178.524107	432.000000
178.536608	432.000000
178.549108	432.000000
178.561608	416.000000
178.574108	416.000000
178.586608	432.000000
178.599108	432.000000
178.611608	432.000000
178.624108	432.000000
178.636608	432.000000
178.649108	432.000000
178.661609	432.000000
178.674105	432.000000
178.686605	432.000000
178.699105	432.000000
178.711605	416.000000
178.724105	416.000000
178.736605	432.000000
178.749106	432.000000
178.761606	432.000000
178.774106	432.000000
178.786606	432.000000
178.799106	432.000000
178.811606	432.000000
178.824106	432.000000
178.836606	432.000000
178.849106	432.000000
178.861606	432.000000
178.874106	432.000000
178.886607	432.000000
178.899107	432.000000
178.911607	432.000000
178.924107	432.000000
178.936607	432.000000
178.949107	432.000000
178.961607	432.000000
178.974107	432.000000
178.986607	432.000000
178.999107	432.000000
179.011608	432.000000
179.024108	432.000000
179.036608	432.000000
179.049108	432.000000
179.061608	432.000000
179.074108	432.000000
179.086608	432.000000
179.099108	432.000000
179.111608	432.000000
179.124108	432.000000
179.136605	432.000000
179.149105	432.000000
179.161605	432.000000
179.174105	432.000000
179.186605	432.000000
179.199105	432.000000
179.211605	432.000000
179.224106	432.000000
179.236606	432.000000
179.249106	416.000000
179.261606	416.000000
179.274106	432.000000
179.286606	432.000000
179.299106	432.000000
179.311606	432.000000
179.324106	432.000000
179.336606	432.000000
179.349106	432.000000
179.361607	432.000000
179.374107	432.000000
179.386607	432.000000
179.399107	432.000000
179.411607	432.000000
179.424107	432.000000
179.436607	432.000000
179.449107	432.000000
179.461607	432.000000
179.474107	432.000000
179.486608	432.000000
179.499108	432.000000
179.511608	432.000000
179.524108	432.000000
179.536608	432.000000
179.549108	432.000000
179.561608	432.000000
179.574108	432.000000
179.586608	416.000000
179.599108	432.000000
179.611608	432.000000
179.624105	432.000000
179.636605	432.000000
179.649105	432.000000
179.661605	432.000000
179.674105	432.000000
179.686605	432.000000
179.699106	432.000000
179.711606	432.000000
179.724106	432.000000
179.736606	432.000000
179.749106	432.000000
179.761606	432.000000
179.774106	432.000000
179.786606	432.000000
179.799106	432.000000
179.811606	432.000000
179.824106	432.000000
179.836607	432.000000
179.849107	432.000000
179.861607	432.000000
179.874107	432.000000
179.886607	432.000000
179.899107	432.000000
179.911607	416.000000
179.924107	416.000000
179.936607	432.000000
179.949107	416.000000
179.961608	416.000000
179.974108	416.000000
179.986608	432.000000
179.999108	432.000000
180.011608	432.000000
180.024108	432.000000
180.036608	432.000000
180.049108	432.000000
180.061608	432.000000
180.074108	416.000000
180.086605	432.000000
180.099105	432.000000
180.111605	432.000000
180.124105	432.000000
180.136605	432.000000
180.149105	432.000000
180.161605	432.000000
180.174105	432.000000
180.186606	432.000000
180.199106	432.000000
180.211606	432.000000
180.224106	432.000000
180.236606	432.000000
180.249106	432.000000
180.261606	432.000000
180.274106	432.000000
180.286606	432.000000
180.299106	432.000000
180.311607	432.000000
180.324107	432.000000
180.336607	432.000000
180.349107	432.000000
180.361607	432.000000
180.374107	432.000000
180.386607	432.000000
180.399107	432.000000
180.411607	432.000000
180.424107	432.000000
180.436607	432.000000
180.449108	432.000000
180.461608	432.000000
180.474108	432.000000
180.486608	432.000000
180.499108	432.000000
180.511608	432.000000
180.524108	432.000000
180.536608	432.000000
180.549108	432.000000
180.561608	432.000000
180.574109	432.000000
180.586605	416.000000
180.599105	432.000000
180.611605	432.000000
180.624105	432.000000
180.636605	432.000000
180.649105	432.000000
180.661606	432.000000
180.674106	432.000000
180.686606	432.000000
180.699106	432.000000
180.711606	432.000000
180.724106	416.000000
180.736606	416.000000
180.749106	416.000000
180.761606	432.000000
180.774106	432.000000
180.786607	432.000000
180.799107	432.000000
180.811607	432.000000
180.824107	432.000000
180.836607	432.000000
180.849107	432.000000
180.861607	432.000000
180.874107	432.000000
180.886607	432.000000
180.899107	416.000000
180.911607	432.000000
180.924108	432.000000
180.936608	432.000000
180.949108	432.000000
180.961608	432.000000
180.974108	432.000000
180.986608	432.000000
180.999108	432.000000
181.011608	432.000000
181.024108	432.000000
181.036608	432.000000
181.049105	416.000000
181.061605	416.000000
181.074105	432.000000
181.086605	432.000000
181.099105	432.000000
181.111605	432.000000
181.124105	432.000000
181.136606	432.000000
181.149106	432.000000
181.161606	432.000000
181.174106	432.000000
181.186606	432.000000
181.199106	432.000000
181.211606	432.000000
181.224106	432.000000
181.236606	432.000000
181.249106	432.000000
181.261606	432.000000
181.274107	432.000000
181.286607	432.000000
181.299107	416.000000
181.311607	416.000000
181.324107	416.000000
181.336607	432.000000
181.349107	432.000000
181.361607	432.000000
181.374107	432.000000
181.386607	416.000000
181.399108	432.000000
181.411608	432.000000
181.424108	416.000000
181.436608	432.000000
181.449108	432.000000
181.461608	416.000000
181.474108	432.000000
181.486608	416.000000
181.499108	432.000000
181.511608	432.000000
181.524108	432.000000
181.536605	432.000000
181.549105	432.000000
181.561605	432.000000
181.574105	432.000000
181.586605	432.000000
181.599105	432.000000
181.611606	432.000000
181.624106	432.000000
181.636606	432.000000
181.649106	432.000000
181.661606	432.000000
181.674106	432.000000
181.686606	432.000000
181.699106	432.000000
181.711606	416.000000
181.724106	416.000000
181.736606	416.000000
181.749107	416.000000
181.761607	416.000000
181.774107	416.000000
181.786607	432.000000
181.799107	432.000000
181.811607	432.000000
181.824107	432.000000
181.836607	432.000000
181.849107	432.000000
181.861607	432.000000
181.874108	432.000000
181.886608	432.000000
181.899108	432.000000
181.911608	432.000000
181.924108	432.000000
181.936608	432.000000
181.949108	432.000000
181.961608	432.000000
181.974108	432.000000
181.986608	432.000000
181.999105	432.000000
182.011605	432.000000
182.024105	432.000000
182.036605	432.000000
182.049105	432.000000
182.061605	432.000000
182.074105	432.000000
182.086605	432.000000
182.099106	432.000000
182.111606	432.000000
182.124106	432.000000
182.136606	416.000000
182.149106	416.000000
182.161606	416.000000
182.174106	432.000000
182.186606	432.000000
182.199106	432.000000
182.211606	432.000000
182.224107	432.000000
182.236607	432.000000
182.249107	432.000000
182.261607	432.000000
182.274107	432.000000
182.286607	432.000000
182.299107	432.000000
182.311607	432.000000
182.324107	432.000000
182.336607	432.000000
182.349107	432.000000
182.361608	432.000000
182.374108	432.000000
182.386608	432.000000
182.399108	432.000000
182.411608	432.000000
182.424108	432.000000
182.436608	432.000000
182.449108	432.000000
182.461608	432.000000
182.474108	432.000000
182.486609	416.000000
182.499105	432.000000
182.511605	432.000000
182.524105	432.000000
182.536605	432.000000
182.549105	432.000000
182.561605	432.000000
182.574106	432.000000
182.586606	432.000000
182.599106	432.000000
182.611606	432.000000
182.624106	432.000000
182.636606	432.000000
182.649106	416.000000
182.661606	432.000000
182.674106	416.000000
182.686606	432.000000
182.699107	432.000000
182.711607	432.000000
182.724107	432.000000
182.736607	432.000000
182.749107	432.000000
182.761607	432.000000
182.774107	432.000000
182.786607	432.000000
182.799107	432.000000
182.811607	432.000000
182.824107	432.000000
182.836608	432.000000
182.849108	432.000000
182.861608	432.000000
182.874108	432.000000
182.886608	432.000000
182.899108	432.000000
182.911608	432.000000
182.924108	432.000000
182.936608	432.000000
182.949108	432.000000
182.961605	432.000000
182.974105	432.000000
182.986605	432.000000
182.999105	432.000000
183.011605	432.000000
183.024105	432.000000
183.036605	432.000000
183.049106	432.000000
183.061606	432.000000
183.074106	432.000000
183.086606	432.000000
183.099106	432.000000
183.111606	432.000000
183.124106	432.000000
183.136606	432.000000
183.149106	432.000000
183.161606	432.000000
183.174106	432.000000
183.186607	432.000000
183.199107	416.000000
183.211607	416.000000
183.224107	432.000000
183.236607	432.000000
183.249107	432.000000
183.261607	432.000000
183.274107	432.000000
183.286607	432.000000
183.299107	432.000000
183.311608	432.000000
183.324108	432.000000
183.336608	432.000000
183.349108	432.000000
183.361608	432.000000
183.374108	432.000000
183.386608	432.000000
183.399108	432.000000
183.411608	432.000000
183.424108	432.000000
183.436608	432.000000
183.449105	432.000000
183.461605	432.000000
183.474105	432.000000
183.486605	432.000000
183.499105	432.000000
183.511605	432.000000
183.524106	432.000000
183.536606	432.000000
183.549106	432.000000
183.561606	432.000000
183.574106	432.000000
183.586606	432.000000
183.599106	432.000000
183.611606	432.000000
183.624106	432.000000
183.636606	432.000000
183.649106	432.000000
183.661607	432.000000
183.674107	432.000000
183.686607	432.000000
183.699107	432.000000
183.711607	432.000000
183.724107	432.000000
183.736607	432.000000
183.749107	432.000000
183.761607	432.000000
183.774107	432.000000
183.786608	432.000000
183.799108	432.000000
183.811608	432.000000
183.824108	432.000000
183.836608	432.000000
183.849108	432.000000
183.861608	432.000000
183.874108	432.000000
183.886608	432.000000
183.899108	432.000000
183.911605	432.000000
183.924105	432.000000
183.936605	432.000000
183.949105	416.000000
183.961605	416.000000
183.974105	416.000000
183.986605	432.000000
183.999106	432.000000
184.011606	432.000000
184.024106	432.000000
184.036606	432.000000
184.049106	432.000000
184.061606	432.000000
184.074106	432.000000
184.086606	432.000000
184.099106	432.000000
184.111606	432.000000
184.124106	432.000000
184.136607	432.000000
184.149107	432.000000
184.161607	432.000000
184.174107	416.000000
184.186607	432.000000
184.199107	416.000000
184.211607	432.000000
184.224107	432.000000
184.236607	432.000000
184.249107	432.000000
184.261608	432.000000
184.274108	432.000000
184.286608	432.000000
184.299108	432.000000
184.311608	432.000000
184.324108	432.000000
184.336608	432.000000
184.349108	432.000000
184.361608	432.000000
184.374108	432.000000
184.386608	432.000000
184.399109	432.000000
184.411605	432.000000
184.424105	432.000000
184.436605	432.000000
184.449105	432.000000
184.461605	432.000000
184.474105	432.000000
184.486606	432.000000
184.499106	432.000000
184.511606	432.000000
184.524106	432.000000
184.536606	432.000000
184.549106	432.000000
184.561606	432.000000
184.574106	432.000000
184.586606	432.000000
184.599106	432.000000
184.611607	416.000000
184.624107	432.000000
184.636607	432.000000
184.649107	432.000000
184.661607	432.000000
184.674107	432.000000
184.686607	432.000000
184.699107	432.000000
184.711607	432.000000
184.724107	432.000000
184.736607	432.000000
184.749108	432.000000
184.761608	432.000000
184.774108	416.000000
184.786608	416.000000
184.799108	432.000000
184.811608	432.000000
184.824108	432.000000
184.836608	432.000000
184.849108	432.000000
184.861608	432.000000
184.874105	432.000000
184.886605	432.000000
184.899105	432.000000
184.911605	432.000000
184.924105	432.000000
184.936605	432.000000
184.949105	432.000000
184.961606	432.000000
184.974106	432.000000
184.986606	432.000000
184.999106	432.000000
185.011606	432.000000
185.024106	432.000000
185.036606	432.000000
185.049106	416.000000
185.061606	432.000000
185.074106	432.000000
185.086607	432.000000
185.099107	432.000000
185.111607	432.000000
185.124107	432.000000
185.136607	432.000000
185.149107	432.000000
185.161607	432.000000
185.174107	432.000000
185.186607	432.000000
185.199107	432.000000
185.211607	432.000000
185.224108	432.000000
185.236608	432.000000
185.249108	432.000000
185.261608	432.000000
185.274108	432.000000
185.286608	432.000000
185.299108	432.000000
185.311608	432.000000
185.324108	432.000000
185.336608	432.000000
185.349109	432.000000
185.361605	432.000000
185.374105	432.000000
185.386605	432.000000
185.399105	432.000000
185.411605	416.000000
185.424105	416.000000
185.436606	416.000000
185.449106	432.000000
185.461606	432.000000
185.474106	432.000000
185.486606	432.000000
185.499106	432.000000
185.511606	432.000000
185.524106	432.000000
185.536606	432.000000
185.549106	432.000000
185.561606	432.000000
185.574107	432.000000
185.586607	432.000000
185.599107	432.000000
185.611607	432.000000
185.624107	432.000000
185.636607	432.000000
185.649107	432.000000
185.661607	432.000000
185.674107	416.000000
185.686607	432.000000
185.699108	432.000000
185.711608	432.000000
185.724108	432.000000
185.736608	432.000000
185.749108	432.000000
185.761608	432.000000
185.774108	432.000000
185.786608	432.000000
185.799108	432.000000
185.811608	432.000000
185.824105	432.000000
185.836605	432.000000
185.849105	432.000000
185.861605	432.000000
185.874105	432.000000
185.886605	416.000000
185.899105	432.000000
185.911606	432.000000
185.924106	432.000000
185.936606	432.000000
185.949106	432.000000
185.961606	432.000000
185.974106	432.000000
185.986606	432.000000
185.999106	432.000000
186.011606	432.000000
186.024106	432.000000
186.036606	432.000000
186.049107	432.000000
186.061607	432.000000
186.074107	432.000000
186.086607	432.000000
186.099107	416.000000
186.111607	432.000000
186.124107	432.000000
186.136607	432.000000
186.149107	432.000000
186.161607	432.000000
186.174108	432.000000
186.186608	416.000000
186.199108	432.000000
186.211608	432.000000
186.224108	432.000000
186.236608	432.000000
186.249108	432.000000
186.261608	432.000000
186.274108	432.000000
186.286608	432.000000
186.299108	432.000000
186.311605	432.000000
186.324105	432.000000
186.336605	432.000000
186.349105	432.000000
186.361605	432.000000
186.374105	432.000000
186.386605	432.000000
186.399106	432.000000
186.411606	432.000000
186.424106	416.000000
186.436606	432.000000
186.449106	432.000000
186.461606	432.000000
186.474106	432.000000
186.486606	432.000000
186.499106	432.000000
186.511606	432.000000
186.524107	432.000000
186.536607	432.000000
186.549107	432.000000
186.561607	432.000000
186.574107	432.000000
186.586607	416.000000
186.599107	432.000000
186.611607	432.000000
186.624107	432.000000
186.636607	432.000000
186.649107	416.000000
186.661608	432.000000
186.674108	416.000000
186.686608	432.000000
186.699108	432.000000
186.711608	432.000000
186.724108	432.000000
186.736608	432.000000
186.749108	432.000000
186.761608	432.000000
186.774105	432.000000
186.786605	432.000000
186.799105	432.000000
186.811605	432.000000
186.824105	432.000000
186.836605	432.000000
186.849105	432.000000
186.861605	432.000000
186.874106	432.000000
186.886606	432.000000
186.899106	432.000000
186.911606	432.000000
186.924106	432.000000
186.936606	416.000000
186.949106	432.000000
186.961606	432.000000
186.974106	432.000000
186.986606	432.000000
186.999107	432.000000
187.011607	432.000000
187.024107	432.000000
187.036607	432.000000
187.049107	432.000000
187.061607	432.000000
187.074107	432.000000
187.086607	432.000000
187.099107	432.000000
187.111607	432.000000
187.124107	432.000000
187.136608	432.000000
187.149108	432.000000
187.161608	432.000000
187.174108	432.000000
187.186608	432.000000
187.199108	432.000000
187.211608	432.000000
187.224108	432.000000
187.236608	432.000000
187.249108	432.000000
187.261609	432.000000
187.274105	432.000000
187.286605	432.000000
187.299105	432.000000
187.311605	432.000000
187.324105	432.000000
187.336605	432.000000
187.349106	432.000000
187.361606	432.000000
187.374106	432.000000
187.386606	432.000000
187.399106	432.000000
187.411606	432.000000
187.424106	432.000000
187.436606	432.000000
187.449106	432.000000
187.461606	432.000000
187.474106	432.000000
187.486607	432.000000
187.499107	432.000000
187.511607	432.000000
187.524107	432.000000
187.536607	432.000000
187.549107	432.000000
187.561607	432.000000
187.574107	432.000000
187.586607	416.000000
187.599107	432.000000
187.611608	432.000000
187.624108	432.000000
187.636608	432.000000
187.649108	416.000000
187.661608	432.000000
187.674108	432.000000
187.686608	432.000000
187.699108	432.000000
187.711608	432.000000
187.724108	432.000000
187.736605	432.000000
187.749105	432.000000
187.761605	432.000000
187.774105	432.000000
187.786605	432.000000
187.799105	432.000000
187.811605	432.000000
187.824106	432.000000
187.836606	432.000000
187.849106	432.000000
187.861606	432.000000
187.874106	432.000000
187.886606	432.000000
187.899106	432.000000
187.911606	432.000000
187.924106	432.000000
187.936606	432.000000
187.949106	432.000000
187.961607	432.000000
187.974107	432.000000
187.986607	432.000000
187.999107	432.000000
188.011607	432.000000
188.024107	432.000000
188.036607	432.000000
188.049107	432.000000
188.061607	432.000000
188.074107	432.000000
188.086608	432.000000
188.099108	432.000000
188.111608	432.000000
188.124108	432.000000
188.136608	432.000000
188.149108	432.000000
188.161608	416.000000
188.174108	416.000000
188.186608	432.000000
188.199108	432.000000
188.211608	432.000000
188.224105	432.000000
188.236605	432.000000
188.249105	432.000000
188.261605	416.000000
188.274105	432.000000
188.286605	432.000000
188.299106	432.000000
188.311606	432.000000
188.324106	432.000000
188.336606	432.000000
188.349106	432.000000
188.361606	432.000000
188.374106	432.000000
188.386606	432.000000
188.399106	432.000000
188.411606	432.000000
188.424106	432.000000
188.436607	432.000000
188.449107	432.000000
188.461607	432.000000
188.474107	432.000000
188.486607	432.000000
188.499107	432.000000
188.511607	432.000000
188.524107	432.000000
188.536607	432.000000
188.549107	432.000000
188.561608	432.000000
188.574108	432.000000
188.586608	432.000000
188.599108	432.000000
188.611608	432.000000
188.624108	432.000000
188.636608	432.000000
188.649108	432.000000
188.661608	432.000000
188.674108	432.000000
188.686605	432.000000
188.699105	432.000000
188.711605	416.000000
188.724105	432.000000
188.736605	432.000000
188.749105	432.000000
188.761605	432.000000
188.774105	432.000000
188.786606	432.000000
188.799106	432.000000
188.811606	432.000000
188.824106	432.000000
188.836606	432.000000
188.849106	432.000000
188.861606	432.000000
188.874106	432.000000
188.886606	432.000000
188.899106	432.000000
188.911607	416.000000
188.924107	416.000000
188.936607	432.000000
188.949107	432.000000
188.961607	432.000000
188.974107	432.000000
188.986607	432.000000
188.999107	432.000000
189.011607	432.000000
189.024107	432.000000
189.036607	432.000000
189.049108	432.000000
189.061608	432.000000
189.074108	432.000000
189.086608	432.000000
189.099108	432.000000
189.111608	416.000000
189.124108	416.000000
189.136608	432.000000
189.149108	432.000000
189.161608	432.000000
189.174109	416.000000
189.186605	432.000000
189.199105	432.000000
189.211605	432.000000
189.224105	432.000000
189.236605	432.000000
189.249105	432.000000
189.261606	432.000000
189.274106	432.000000
189.286606	432.000000
189.299106	432.000000
189.311606	432.000000
189.324106	432.000000
189.336606	432.000000
189.349106	432.000000
189.361606	416.000000
189.374106	416.000000
189.386607	432.000000
189.399107	432.000000
189.411607	432.000000
189.424107	432.000000
189.436607	432.000000
189.449107	432.000000
189.461607	432.000000
189.474107	432.000000
189.486607	432.000000
189.499107	432.000000
189.511607	432.000000
189.524108	432.000000
189.536608	432.000000
189.549108	432.000000
189.561608	432.000000
189.574108	432.000000
189.586608	432.000000
189.599108	432.000000
189.611608	432.000000
189.624108	432.000000
189.636608	432.000000
189.649105	432.000000
189.661605	432.000000
189.674105	416.000000
189.686605	432.000000
189.699105	432.000000
189.711605	432.000000
189.724105	432.000000
189.736606	432.000000
189.749106	432.000000
189.761606	432.000000
189.774106	432.000000
189.786606	432.000000
189.799106	432.000000
189.811606	432.000000
189.824106	432.000000
189.836606	416.000000
189.849106	432.000000
189.861606	432.000000
189.874107	432.000000
189.886607	432.000000
189.899107	432.000000
189.911607	432.000000
189.924107	432.000000
189.936607	432.000000
189.949107	432.000000
189.961607	432.000000
189.974107	432.000000
189.986607	432.000000
189.999108	432.000000
190.011608	432.000000
190.024108	432.000000
190.036608	432.000000
190.049108	432.000000
190.061608	432.000000
190.074108	432.000000
190.086608	432.000000
190.099108	432.000000
190.111608	432.000000
190.124108	432.000000
190.136605	432.000000
190.149105	432.000000
190.161605	432.000000
190.174105	416.000000
190.186605	432.000000
190.199105	432.000000
190.211606	432.000000
190.224106	432.000000
190.236606	432.000000
190.249106	432.000000
190.261606	432.000000
190.274106	432.000000
190.286606	432.000000
190.299106	432.000000
190.311606	416.000000
190.324106	432.000000
190.336606	432.000000
190.349107	432.000000
190.361607	432.000000
190.374107	432.000000
190.386607	432.000000
190.399107	432.000000
190.411607	432.000000
190.424107	432.000000
190.436607	432.000000
190.449107	432.000000
190.461607	432.000000
190.474108	432.000000
190.486608	432.000000
190.499108	432.000000
190.511608	432.000000
190.524108	432.000000
190.536608	432.000000
190.549108	432.000000
190.561608	432.000000
190.574108	432.000000
190.586608	432.000000
190.599105	432.000000
190.611605	432.000000
190.624105	432.000000
190.636605	432.000000
190.649105	432.000000
190.661605	432.000000
190.674105	432.000000
190.686605	432.000000
190.699106	432.000000
190.711606	432.000000
190.724106	432.000000
190.736606	432.000000
190.749106	432.000000
190.761606	432.000000
190.774106	432.000000
190.786606	432.000000
190.799106	432.000000
190.811606	432.000000
190.824107	432.000000
190.836607	432.000000
190.849107	432.000000
190.861607	432.000000
190.874107	416.000000
190.886607	432.000000
190.899107	432.000000
190.911607	432.000000
190.924107	432.000000
190.936607	432.000000
190.949107	432.000000
190.961608	432.000000
190.974108	432.000000
190.986608	432.000000
190.999108	432.000000
191.011608	432.000000
191.024108	432.000000
191.036608	432.000000
191.049108	432.000000
191.061608	432.000000
191.074108	432.000000
191.086609	432.000000
191.099105	432.000000
191.111605	432.000000
191.124105	432.000000
191.136605	432.000000
191.149105	432.000000
191.161605	432.000000
191.174106	432.000000
191.186606	432.000000
191.199106	432.000000
191.211606	432.000000
191.224106	432.000000
191.236606	416.000000
191.249106	432.000000
191.261606	432.000000
191.274106	432.000000
191.286606	432.000000
191.299107	432.000000
191.311607	432.000000
191.324107	432.000000
191.336607	432.000000
191.349107	432.000000
191.361607	432.000000
191.374107	432.000000
191.386607	432.000000
191.399107	432.000000
191.411607	432.000000
191.424107	432.000000
191.436608	432.000000
191.449108	432.000000
191.461608	432.000000
191.474108	432.000000
191.486608	432.000000
191.499108	432.000000
191.511608	432.000000
191.524108	432.000000
191.536608	432.000000
191.549108	432.000000
191.561605	432.000000
191.574105	432.000000
191.586605	432.000000
191.599105	432.000000
191.611605	432.000000
191.624105	432.000000
191.636605	432.000000
191.649106	432.000000
191.661606	432.000000
191.674106	432.000000
191.686606	432.000000
191.699106	432.000000
191.711606	432.000000
191.724106	432.000000
191.736606	432.000000
191.749106	432.000000
191.761606	432.000000
191.774106	432.000000
191.786607	432.000000
191.799107	432.000000
191.811607	432.000000
191.824107	432.000000
191.836607	432.000000
191.849107	432.000000
191.861607	432.000000
191.874107	432.000000
191.886607	432.000000
191.899107	432.000000
191.911608	432.000000
191.924108	432.000000
191.936608	432.000000
191.949108	432.000000
191.961608	416.000000
191.974108	432.000000
191.986608	432.000000
191.999108	432.000000
192.011608	432.000000
192.024108	432.000000
192.036608	432.000000
192.049105	432.000000
192.061605	432.000000
192.074105	432.000000
192.086605	432.000000
192.099105	432.000000
192.111605	432.000000
192.124106	432.000000
192.136606	432.000000
192.149106	432.000000
192.161606	432.000000
192.174106	432.000000
192.186606	432.000000
192.199106	432.000000
192.211606	432.000000
192.224106	432.000000
192.236606	432.000000
192.249106	432.000000
192.261607	416.000000
192.274107	432.000000
192.286607	432.000000
192.299107	432.000000
192.311607	416.000000
192.324107	416.000000
192.336607	432.000000
192.349107	432.000000
192.361607	432.000000
192.374107	432.000000
192.386608	432.000000
192.399108	432.000000
192.411608	432.000000
192.424108	432.000000
192.436608	432.000000
192.449108	432.000000
192.461608	432.000000
192.474108	432.000000
192.486608	432.000000
192.499108	432.000000
192.511605	432.000000
192.524105	432.000000
192.536605	432.000000
192.549105	432.000000
192.561605	432.000000
192.574105	432.000000
192.586605	432.000000
192.599106	432.000000
192.611606	432.000000
192.624106	432.000000
192.636606	432.000000
192.649106	432.000000
192.661606	432.000000
192.674106	432.000000
192.686606	432.000000
192.699106	432.000000
192.711606	432.000000
192.724106	432.000000
192.736607	432.000000
192.749107	416.000000
192.761607	432.000000
192.774107	432.000000
192.786607	432.000000
192.799107	432.000000
192.811607	432.000000
192.824107	432.000000
192.836607	432.000000
192.849107	432.000000
192.861608	432.000000
192.874108	432.000000
192.886608	432.000000
192.899108	432.000000
192.911608	432.000000
192.924108	432.000000
192.936608	432.000000
192.949108	432.000000
192.961608	432.000000
192.974108	432.000000
192.986608	432.000000
192.999105	432.000000
193.011605	432.000000
193.024105	432.000000
193.036605	432.000000
193.049105	432.000000
193.061605	432.000000
193.074105	432.000000
193.086606	432.000000
193.099106	416.000000
193.111606	416.000000
193.124106	432.000000
193.136606	432.000000
193.149106	432.000000
193.161606	432.000000
193.174106	432.000000
193.186606	432.000000
193.199106	432.000000
193.211607	432.000000
193.224107	432.000000
193.236607	432.000000
193.249107	432.000000
193.261607	432.000000
193.274107	432.000000
193.286607	432.000000
193.299107	432.000000
193.311607	432.000000
193.324107	432.000000
193.336607	432.000000
193.349108	432.000000
193.361608	432.000000
193.374108	432.000000
193.386608	432.000000
193.399108	432.000000
193.411608	432.000000
193.424108	432.000000
193.436608	432.000000
193.449108	432.000000
193.461608	432.000000
193.474105	432.000000
193.486605	432.000000
193.499105	432.000000
193.511605	432.000000
193.524105	432.000000
193.536605	432.000000
193.549105	432.000000
193.561606	432.000000
193.574106	432.000000
193.586606	432.000000
193.599106	432.000000
193.611606	432.000000
193.624106	432.000000
193.636606	432.000000
193.649106	432.000000
193.661606	432.000000
193.674106	432.000000
193.686607	432.000000
193.699107	416.000000
193.711607	416.000000
193.724107	432.000000
193.736607	432.000000
193.749107	432.000000
193.761607	432.000000
193.774107	432.000000
193.786607	432.000000
193.799107	432.000000
193.811607	432.000000
193.824108	432.000000
193.836608	432.000000
193.849108	432.000000
193.861608	432.000000
193.874108	432.000000
193.886608	432.000000
193.899108	432.000000
193.911608	432.000000
193.924108	432.000000
193.936608	432.000000
193.949109	432.000000
193.961605	432.000000
193.974105	432.000000
193.986605	432.000000
193.999105	432.000000
194.011605	432.000000
194.024105	432.000000
194.036606	432.000000
194.049106	432.000000
194.061606	432.000000
194.074106	432.000000
194.086606	432.000000
194.099106	432.000000
194.111606	432.000000
194.124106	432.000000
194.136606	432.000000
194.149106	432.000000
194.161606	432.000000
194.174107	432.000000
194.186607	432.000000
194.199107	432.000000
194.211607	432.000000
194.224107	432.000000
194.236607	432.000000
194.249107	432.000000
194.261607	432.000000
194.274107	432.000000
194.286607	432.000000
194.299108	432.000000
194.311608	432.000000
194.324108	432.000000
194.336608	432.000000
194.349108	432.000000
194.361608	432.000000
194.374108	432.000000
194.386608	432.000000
194.399108	432.000000
194.411608	432.000000
194.424105	432.000000
194.436605	432.000000
194.449105	432.000000
194.461605	432.000000
194.474105	432.000000
194.486605	432.000000
194.499105	432.000000
194.511606	432.000000
194.524106	416.000000
194.536606	416.000000
194.549106	416.000000
194.561606	432.000000
194.574106	432.000000
194.586606	432.000000
194.599106	432.000000
194.611606	432.000000
194.624106	432.000000
194.636606	432.000000
194.649107	432.000000
194.661607	432.000000
194.674107	432.000000
194.686607	432.000000
194.699107	432.000000
194.711607	432.000000
194.724107	432.000000
194.736607	432.000000
194.749107	432.000000
194.761607	432.000000
194.774108	432.000000
194.786608	432.000000
194.799108	432.000000
194.811608	432.000000
194.824108	432.000000
194.836608	432.000000
194.849108	432.000000
194.861608	432.000000
194.874108	432.000000
194.886608	432.000000
194.899108	432.000000
194.911605	432.000000
194.924105	432.000000
194.936605	432.000000
194.949105	432.000000
194.961605	432.000000
194.974105	432.000000
194.986605	432.000000
194.999106	432.000000
195.011606	432.000000
195.024106	432.000000
195.036606	432.000000
195.049106	432.000000
195.061606	432.000000
195.074106	432.000000
195.086606	432.000000
195.099106	432.000000
195.111606	432.000000
195.124107	432.000000
195.136607	432.000000
195.149107	432.000000
195.161607	432.000000
195.174107	432.000000
195.186607	432.000000
195.199107	432.000000
195.211607	432.000000
195.224107	432.000000
195.236607	432.000000
195.249107	432.000000
195.261608	432.000000
195.274108	432.000000
195.286608	432.000000
195.299108	432.000000
195.311608	432.000000
195.324108	432.000000
195.336608	432.000000
195.349108	432.000000
195.361608	432.000000
195.374105	432.000000
195.386605	432.000000
195.399105	432.000000
195.411605	432.000000
195.424105	432.000000
195.436605	432.000000
195.449105	432.000000
195.461605	432.000000
195.474106	432.000000
195.486606	432.000000
195.499106	432.000000
195.511606	432.000000
195.524106	432.000000
195.536606	432.000000
195.549106	432.000000
195.561606	432.000000
195.574106	432.000000
195.586606	432.000000
195.599107	432.000000
195.611607	432.000000
195.624107	432.000000
195.636607	432.000000
195.649107	432.000000
195.661607	416.000000
195.674107	432.000000
195.686607	432.000000
195.699107	432.000000
195.711607	432.000000
195.724107	432.000000
195.736608	432.000000
195.749108	432.000000
195.761608	432.000000
195.774108	432.000000
195.786608	432.000000
195.799108	432.000000
195.811608	432.000000
195.824108	432.000000
195.836608	432.000000
195.849108	432.000000
195.861609	432.000000
195.874105	432.000000
195.886605	432.000000
195.899105	432.000000
195.911605	432.000000
195.924105	432.000000
195.936605	432.000000
195.949106	432.000000
195.961606	432.000000
195.974106	432.000000
195.986606	432.000000
195.999106	432.000000
196.011606	432.000000
196.024106	432.000000
196.036606	432.000000
196.049106	432.000000
196.061606	432.000000
196.074106	432.000000
196.086607	432.000000
196.099107	432.000000
196.111607	432.000000
196.124107	432.000000
196.136607	432.000000
196.149107	432.000000
196.161607	432.000000
196.174107	432.000000
196.186607	432.000000
196.199107	432.000000
196.211608	432.000000
196.224108	432.000000
196.236608	432.000000
196.249108	432.000000
196.261608	432.000000
196.274108	432.000000
196.286608	432.000000
196.299108	432.000000
196.311608	432.000000
196.324108	432.000000
196.336605	432.000000
196.349105	432.000000
196.361605	432.000000
196.374105	432.000000
196.386605	432.000000
196.399105	432.000000
196.411605	432.000000
196.424106	432.000000
196.436606	432.000000
196.449106	432.000000
196.461606	432.000000
196.474106	432.000000
196.486606	432.000000
196.499106	432.000000
196.511606	432.000000
196.524106	416.000000
196.536606	416.000000
196.549106	432.000000
196.561607	432.000000
196.574107	432.000000
196.586607	432.000000
196.599107	432.000000
196.611607	432.000000
196.624107	432.000000
196.636607	432.000000
196.649107	432.000000
196.661607	432.000000
196.674107	432.000000
196.686608	432.000000
196.699108	432.000000
196.711608	432.000000
196.724108	432.000000
196.736608	432.000000
196.749108	432.000000
196.761608	432.000000
196.774108	432.000000
196.786608	432.000000
196.799108	432.000000
196.811608	432.000000
196.824105	432.000000
196.836605	432.000000
196.849105	432.000000
196.861605	432.000000
196.874105	432.000000
196.886605	432.000000
196.899106	432.000000
196.911606	432.000000
196.924106	432.000000
196.936606	432.000000
196.949106	432.000000
196.961606	432.000000
196.974106	432.000000
196.986606	432.000000
196.999106	432.000000
197.011606	432.000000
197.024106	432.000000
197.036607	432.000000
197.049107	432.000000
197.061607	432.000000
197.074107	432.000000
197.086607	432.000000
197.099107	432.000000
197.111607	432.000000
197.124107	432.000000
197.136607	432.000000
197.149107	432.000000
197.161608	432.000000
197.174108	432.000000
197.186608	432.000000
197.199108	432.000000
197.211608	432.000000
197.224108	432.000000
197.236608	416.000000
197.249108	432.000000
197.261608	432.000000
197.274108	432.000000
197.286605	432.000000
197.299105	432.000000
197.311605	432.000000
197.324105	432.000000
197.336605	432.000000
197.349105	432.000000
197.361605	432.000000
197.374105	432.000000
197.386606	432.000000
197.399106	432.000000
197.411606	432.000000
197.424106	432.000000
197.436606	432.000000
197.449106	432.000000
197.461606	432.000000
197.474106	432.000000
197.486606	432.000000
197.499106	432.000000
197.511607	432.000000
197.524107	432.000000
197.536607	432.000000
197.549107	432.000000
197.561607	432.000000
197.574107	432.000000
197.586607	432.000000
197.599107	432.000000
197.611607	432.000000
197.624107	432.000000
197.636607	432.000000
197.649108	432.000000
197.661608	432.000000
197.674108	432.000000
197.686608	432.000000
197.699108	432.000000
197.711608	432.000000
197.724108	432.000000
197.736608	416.000000
197.749108	432.000000
197.761608	432.000000
197.774109	432.000000
197.786605	432.000000
197.799105	432.000000
197.811605	432.000000
197.824105	432.000000
197.836605	432.000000
197.849105	432.000000
197.861606	432.000000
197.874106	432.000000
197.886606	432.000000
197.899106	432.000000
197.911606	432.000000
197.924106	432.000000
197.936606	432.000000
197.949106	432.000000
197.961606	432.000000
197.974106	432.000000
197.986607	432.000000
197.999107	432.000000
198.011607	432.000000
198.024107	432.000000
198.036607	432.000000
198.049107	432.000000
198.061607	432.000000
198.074107	432.000000
198.086607	432.000000
198.099107	432.000000
198.111607	432.000000
198.124108	432.000000
198.136608	432.000000
198.149108	432.000000
198.161608	432.000000
198.174108	432.000000
198.186608	432.000000
198.199108	432.000000
198.211608	432.000000
198.224108	432.000000
198.236608	432.000000
198.249105	432.000000
198.261605	432.000000
198.274105	432.000000
198.286605	432.000000
198.299105	432.000000
198.311605	432.000000
198.324105	432.000000
198.336606	432.000000
198.349106	432.000000
198.361606	432.000000
198.374106	432.000000
198.386606	432.000000
198.399106	432.000000
198.411606	432.000000
198.424106	432.000000
198.436606	432.000000
198.449106	432.000000
198.461606	432.000000
198.474107	432.000000
198.486607	432.000000
198.499107	432.000000
198.511607	432.000000
198.524107	432.000000
198.536607	432.000000
198.549107	432.000000
198.561607	432.000000
198.574107	432.000000
198.586607	432.000000
198.599108	432.000000
198.611608	432.000000
198.624108	432.000000
198.636608	432.000000
198.649108	432.000000
198.661608	432.000000
198.674108	432.000000
198.686608	432.000000
198.699108	432.000000
198.711608	432.000000
198.724108	432.000000
198.736605	432.000000
198.749105	432.000000
198.761605	432.000000
198.774105	432.000000
198.786605	432.000000
198.799105	432.000000
198.811606	432.000000
198.824106	432.000000
198.836606	432.000000
198.849106	432.000000
198.861606	432.000000
198.874106	432.000000
198.886606	432.000000
198.899106	432.000000
198.911606	432.000000
198.924106	432.000000
198.936606	432.000000
198.949107	432.000000
198.961607	432.000000
198.974107	432.000000
198.986607	432.000000
198.999107	432.000000
199.011607	432.000000
199.024107	432.000000
199.036607	432.000000
199.049107	432.000000
199.061607	432.000000
199.074108	432.000000
199.086608	432.000000
199.099108	432.000000
199.111608	432.000000
199.124108	432.000000
199.136608	432.000000
199.149108	432.000000
199.161608	432.000000
199.174108	432.000000
199.186608	432.000000
199.199105	432.000000
199.211605	432.000000
199.224105	432.000000
199.236605	432.000000
199.249105	432.000000
199.261605	432.000000
199.274105	432.000000
199.286605	432.000000
199.299106	432.000000
199.311606	432.000000
199.324106	432.000000
199.336606	432.000000
199.349106	432.000000
199.361606	432.000000
199.374106	432.000000
199.386606	432.000000
199.399106	432.000000
199.411606	432.000000
199.424107	432.000000
199.436607	432.000000
199.449107	432.000000
199.461607	432.000000
199.474107	432.000000
199.486607	432.000000
199.499107	432.000000
199.511607	432.000000
199.524107	432.000000
199.536607	432.000000
199.549107	432.000000
199.561608	432.000000
199.574108	432.000000
199.586608	432.000000
199.599108	432.000000
199.611608	432.000000
199.624108	432.000000
199.636608	432.000000
199.649108	432.000000
199.661608	432.000000
199.674108	432.000000
199.686609	432.000000
199.699105	432.000000
199.711605	432.000000
199.724105	432.000000
199.736605	432.000000
199.749105	432.000000
199.761605	432.000000
199.774106	432.000000
199.786606	432.000000
199.799106	432.000000
199.811606	416.000000
199.824106	432.000000
199.836606	432.000000
199.849106	432.000000
199.861606	432.000000
199.874106	432.000000
199.886606	432.000000
199.899107	432.000000
199.911607	432.000000
199.924107	432.000000
199.936607	432.000000
199.949107	432.000000
199.961607	432.000000
199.974107	432.000000
199.986607	432.000000
199.999107	432.000000
200.011607	432.000000
200.024107	432.000000
200.036608	432.000000
200.049108	432.000000
200.061608	432.000000
200.074108	432.000000
200.086608	432.000000
200.099108	432.000000
200.111608	432.000000
200.124108	432.000000
200.136608	432.000000
200.149108	432.000000
200.161605	432.000000
200.174105	432.000000
200.186605	432.000000
200.199105	432.000000
200.211605	432.000000
200.224105	432.000000
200.236605	432.000000
200.249106	432.000000
200.261606	432.000000
200.274106	432.000000
200.286606	432.000000
200.299106	432.000000
200.311606	432.000000
200.324106	432.000000
200.336606	432.000000
200.349106	432.000000
200.361606	432.000000
200.374106	432.000000
200.386607	432.000000
200.399107	432.000000
200.411607	432.000000
200.424107	416.000000
200.436607	432.000000
200.449107	432.000000
200.461607	432.000000
200.474107	432.000000
200.486607	432.000000
200.499107	432.000000
200.511608	432.000000
200.524108	432.000000
200.536608	432.000000
200.549108	432.000000
200.561608	432.000000
200.574108	432.000000
200.586608	432.000000
200.599108	432.000000
200.611608	432.000000
200.624108	432.000000
200.636608	416.000000
200.649105	416.000000
200.661605	432.000000
200.674105	432.000000
200.686605	432.000000
200.699105	432.000000
200.711605	432.000000
200.724106	432.000000
200.736606	432.000000
200.749106	432.000000
200.761606	432.000000
200.774106	432.000000
200.786606	432.000000
200.799106	416.000000
200.811606	432.000000
200.824106	432.000000
200.836606	432.000000
200.849106	432.000000
200.861607	432.000000
200.874107	432.000000
200.886607	432.000000
200.899107	432.000000
200.911607	432.000000
200.924107	432.000000
200.936607	432.000000
200.949107	432.000000
200.961607	432.000000
200.974107	432.000000
200.986608	432.000000
200.999108	432.000000
201.011608	432.000000
201.024108	432.000000
201.036608	432.000000
201.049108	432.000000
201.061608	432.000000
201.074108	432.000000
201.086608	432.000000
201.099108	432.000000
201.111605	432.000000
201.124105	432.000000
201.136605	432.000000
201.149105	432.000000
201.161605	432.000000
201.174105	432.000000
201.186605	432.000000
201.199106	432.000000
201.211606	432.000000
201.224106	432.000000
201.236606	432.000000
201.249106	432.000000
201.261606	432.000000
201.274106	432.000000
201.286606	432.000000
201.299106	432.000000
201.311606	432.000000
201.324106	432.000000
201.336607	432.000000
201.349107	432.000000
201.361607	432.000000
201.374107	432.000000
201.386607	432.000000
201.399107	432.000000
201.411607	432.000000
201.424107	432.000000
201.436607	432.000000
201.449107	432.000000
201.461608	432.000000
201.474108	432.000000
201.486608	432.000000
201.499108	432.000000
201.511608	432.000000
201.524108	432.000000
201.536608	432.000000
201.549108	432.000000
201.561608	432.000000
201.574108	432.000000
201.586608	432.000000
201.599105	432.000000
201.611605	432.000000
201.624105	432.000000
201.636605	432.000000
201.649105	432.000000
201.661605	432.000000
201.674105	432.000000
201.686606	432.000000
201.699106	432.000000
201.711606	432.000000
201.724106	432.000000
201.736606	432.000000
201.749106	432.000000
201.761606	432.000000
201.774106	432.000000
201.786606	432.000000
201.799106	432.000000
201.811607	432.000000
201.824107	416.000000
201.836607	432.000000
201.849107	432.000000
201.861607	432.000000
201.874107	432.000000
201.886607	432.000000
201.899107	432.000000
201.911607	432.000000
201.924107	432.000000
201.936607	432.000000
201.949108	432.000000
201.961608	432.000000
201.974108	432.000000
201.986608	432.000000
201.999108	432.000000
202.011608	432.000000
202.024108	432.000000
202.036608	432.000000
202.049108	432.000000
202.061608	432.000000
202.074105	432.000000
202.086605	432.000000
202.099105	432.000000
202.111605	432.000000
202.124105	432.000000
202.136605	432.000000
202.149105	432.000000
202.161606	432.000000
202.174106	432.000000
202.186606	432.000000
202.199106	432.000000
202.211606	432.000000
202.224106	432.000000
202.236606	432.000000
202.249106	432.000000
202.261606	432.000000
202.274106	432.000000
202.286607	432.000000
202.299107	432.000000
202.311607	432.000000
202.324107	432.000000
202.336607	432.000000
202.349107	432.000000
202.361607	432.000000
202.374107	432.000000
202.386607	432.000000
202.399107	432.000000
202.411607	432.000000
202.424108	432.000000
202.436608	432.000000
202.449108	432.000000
202.461608	432.000000
202.474108	432.000000
202.486608	432.000000
202.499108	432.000000
202.511608	432.000000
202.524108	432.000000
202.536608	432.000000
202.549109	432.000000
202.561605	432.000000
202.574105	432.000000
202.586605	432.000000
202.599105	432.000000
202.611605	432.000000
202.624105	432.000000
202.636606	432.000000
202.649106	432.000000
202.661606	432.000000
202.674106	432.000000
202.686606	416.000000
202.699106	432.000000
202.711606	432.000000
202.724106	432.000000
202.736606	432.000000
202.749106	432.000000
202.761606	432.000000
202.774107	432.000000
202.786607	432.000000
202.799107	432.000000
202.811607	432.000000
202.824107	432.000000
202.836607	432.000000
202.849107	432.000000
202.861607	432.000000
202.874107	432.000000
202.886607	432.000000
202.899108	432.000000
202.911608	432.000000
202.924108	432.000000
202.936608	432.000000
202.949108	432.000000
202.961608	432.000000
202.974108	432.000000
202.986608	432.000000
202.999108	432.000000
203.011608	432.000000
203.024105	432.000000
203.036605	432.000000
203.049105	432.000000
203.061605	432.000000
203.074105	432.000000
203.086605	432.000000
203.099105	432.000000
203.111606	432.000000
203.124106	432.000000
203.136606	432.000000
203.149106	432.000000
203.161606	432.000000
203.174106	432.000000
203.186606	432.000000
203.199106	432.000000
203.211606	432.000000
203.224106	432.000000
203.236606	432.000000
203.249107	432.000000
203.261607	432.000000
203.274107	432.000000
203.286607	432.000000
203.299107	432.000000
203.311607	432.000000
203.324107	432.000000
203.336607	432.000000
203.349107	432.000000
203.361607	432.000000
203.374108	432.000000
203.386608	432.000000
203.399108	432.000000
203.411608	432.000000
203.424108	432.000000
203.436608	432.000000
203.449108	432.000000
203.461608	432.000000
203.474108	432.000000
203.486608	432.000000
203.499108	432.000000
203.511605	432.000000
203.524105	432.000000
203.536605	432.000000
203.549105	432.000000
203.561605	432.000000
203.574105	432.000000
203.586605	432.000000
203.599106	432.000000
203.611606	432.000000
203.624106	432.000000
203.636606	432.000000
203.649106	432.000000
203.661606	432.000000
203.674106	432.000000
203.686606	432.000000
203.699106	432.000000
203.711606	432.000000
203.724107	432.000000
203.736607	432.000000
203.749107	432.000000
203.761607	432.000000
203.774107	432.000000
203.786607	432.000000
203.799107	432.000000
203.811607	432.000000
203.824107	432.000000
203.836607	432.000000
203.849107	432.000000
203.861608	432.000000
203.874108	416.000000
203.886608	432.000000
203.899108	432.000000
203.911608	416.000000
203.924108	432.000000
203.936608	432.000000
203.949108	432.000000
203.961608	432.000000
203.974105	432.000000
203.986605	432.000000
203.999105	432.000000
204.011605	432.000000
204.024105	432.000000
204.036605	432.000000
204.049105	432.000000
204.061605	432.000000
204.074106	432.000000
204.086606	432.000000
204.099106	432.000000
204.111606	432.000000
204.124106	432.000000
204.136606	432.000000
204.149106	432.000000
204.161606	432.000000
204.174106	432.000000
204.186606	432.000000
204.199107	432.000000
204.211607	432.000000
204.224107	432.000000
204.236607	432.000000
204.249107	432.000000
204.261607	432.000000
204.274107	432.000000
204.286607	432.000000
204.299107	432.000000
204.311607	432.000000
204.324107	432.000000
204.336608	432.000000
204.349108	432.000000
204.361608	432.000000
204.374108	432.000000
204.386608	432.000000
204.399108	432.000000
204.411608	432.000000
204.424108	432.000000
204.436608	432.000000
204.449108	432.000000
204.461609	432.000000
204.474105	432.000000
204.486605	432.000000
204.499105	432.000000
204.511605	432.000000
204.524105	432.000000
204.536605	432.000000
204.549106	432.000000
204.561606	432.000000
204.574106	432.000000
204.586606	432.000000
204.599106	432.000000
204.611606	432.000000
204.624106	432.000000
204.636606	432.000000
204.649106	432.000000
204.661606	432.000000
204.674106	432.000000
204.686607	432.000000
204.699107	432.000000
204.711607	432.000000
204.724107	432.000000
204.736607	432.000000
204.749107	432.000000
204.761607	432.000000
204.774107	432.000000
204.786607	432.000000
204.799107	432.000000
204.811608	432.000000
204.824108	432.000000
204.836608	432.000000
204.849108	432.000000
204.861608	432.000000
204.874108	432.000000
204.886608	432.000000
204.899108	432.000000
204.911608	432.000000
204.924108	432.000000
204.936605	432.000000
204.949105	432.000000
204.961605	432.000000
204.974105	432.000000
204.986605	432.000000
204.999105	432.000000
205.011605	432.000000
205.024106	432.000000
205.036606	432.000000
205.049106	432.000000
205.061606	432.000000
205.074106	432.000000
205.086606	432.000000
205.099106	432.000000
205.111606	432.000000
205.124106	432.000000
205.136606	432.000000
205.149106	432.000000
205.161607	432.000000
205.174107	432.000000
205.186607	432.000000
205.199107	432.000000
205.211607	432.000000
205.224107	432.000000
205.236607	432.000000
205.249107	432.000000
205.261607	432.000000
205.274107	432.000000
205.286608	432.000000
205.299108	432.000000
205.311608	432.000000
205.324108	432.000000
205.336608	432.000000
205.349108	432.000000
205.361608	432.000000
205.374108	416.000000
205.386608	432.000000
205.399108	432.000000
205.411608	432.000000
205.424105	432.000000
205.436605	432.000000
205.449105	432.000000
205.461605	432.000000
205.474105	432.000000
205.486605	432.000000
205.499106	432.000000
205.511606	432.000000
205.524106	432.000000
205.536606	432.000000
205.549106	432.000000
205.561606	432.000000
205.574106	432.000000
205.586606	432.000000
205.599106	432.000000
205.611606	432.000000
205.624106	432.000000
205.636607	432.000000
205.649107	432.000000
205.661607	432.000000
205.674107	432.000000
205.686607	432.000000
205.699107	432.000000
205.711607	432.000000
205.724107	432.000000
205.736607	432.000000
205.749107	432.000000
205.761608	432.000000
205.774108	432.000000
205.786608	432.000000
205.799108	432.000000
205.811608	432.000000
205.824108	432.000000
205.836608	432.000000
205.849108	432.000000
205.861608	432.000000
205.874108	432.000000
205.886605	432.000000
205.899105	432.000000
205.911605	432.000000
205.924105	432.000000
205.936605	432.000000
205.949105	432.000000
205.961605	432.000000
205.974105	432.000000
205.986606	432.000000
205.999106	432.000000
206.011606	432.000000
206.024106	432.000000
206.036606	432.000000
206.049106	432.000000
206.061606	432.000000
206.074106	432.000000
206.086606	432.000000
206.099106	432.000000
206.111607	432.000000
206.124107	432.000000
206.136607	432.000000
206.149107	432.000000
206.161607	432.000000
206.174107	432.000000
206.186607	432.000000
206.199107	432.000000
206.211607	432.000000
206.224107	432.000000
206.236607	432.000000
206.249108	432.000000
206.261608	432.000000
206.274108	432.000000
206.286608	432.000000
206.299108	432.000000
206.311608	432.000000
206.324108	432.000000
206.336608	432.000000
206.349108	432.000000
206.361608	432.000000
206.374109	432.000000
206.386605	432.000000
206.399105	432.000000
206.411605	432.000000
206.424105	432.000000
206.436605	432.000000
206.449105	432.000000
206.461606	432.000000
206.474106	432.000000
206.486606	432.000000
206.499106	432.000000
206.511606	432.000000
206.524106	432.000000
206.536606	432.000000
206.549106	432.000000
206.561606	432.000000
206.574106	432.000000
206.586607	432.000000
206.599107	432.000000
206.611607	432.000000
206.624107	432.000000
206.636607	432.000000
206.649107	432.000000
206.661607	432.000000
206.674107	432.000000
206.686607	432.000000
206.699107	432.000000
206.711607	432.000000
206.724108	432.000000
206.736608	432.000000
206.749108	432.000000
206.761608	432.000000
206.774108	432.000000
206.786608	432.000000
206.799108	432.000000
206.811608	432.000000
206.824108	432.000000
206.836608	432.000000
206.849105	432.000000
206.861605	432.000000
206.874105	432.000000
206.886605	432.000000
206.899105	432.000000
206.911605	432.000000
206.924105	432.000000
206.936606	432.000000
206.949106	432.000000
206.961606	432.000000
206.974106	432.000000
206.986606	432.000000
206.999106	432.000000
207.011606	432.000000
207.024106	432.000000
207.036606	432.000000
207.049106	432.000000
207.061606	432.000000
207.074107	432.000000
207.086607	432.000000
207.099107	432.000000
207.111607	432.000000
207.124107	432.000000
207.136607	432.000000
207.149107	432.000000
207.161607	432.000000
207.174107	432.000000
207.186607	432.000000
207.199108	432.000000
207.211608	432.000000
207.224108	432.000000
207.236608	432.000000
207.249108	432.000000
207.261608	432.000000
207.274108	432.000000
207.286608	432.000000
207.299108	432.000000
207.311608	432.000000
207.324108	432.000000
207.336605	432.000000
207.349105	432.000000
207.361605	432.000000
207.374105	432.000000
207.386605	432.000000
207.399105	432.000000
207.411606	432.000000
207.424106	432.000000
207.436606	432.000000
207.449106	432.000000
207.461606	432.000000
207.474106	432.000000
207.486606	432.000000
207.499106	432.000000
207.511606	432.000000
207.524106	432.000000
207.536606	432.000000
207.549107	432.000000
207.561607	432.000000
207.574107	432.000000
207.586607	432.000000
207.599107	432.000000
207.611607	432.000000
207.624107	432.000000
207.636607	432.000000
207.649107	432.000000
207.661607	432.000000
207.674108	432.000000
207.686608	432.000000
207.699108	432.000000
207.711608	432.000000
207.724108	432.000000
207.736608	416.000000
207.749108	432.000000
207.761608	432.000000
207.774108	432.000000
207.786608	432.000000
207.799105	432.000000
207.811605	432.000000
207.824105	432.000000
207.836605	432.000000
207.849105	432.000000
207.861605	432.000000
207.874105	432.000000
207.886605	432.000000
207.899106	432.000000
207.911606	432.000000
207.924106	432.000000
207.936606	432.000000
207.949106	432.000000
207.961606	432.000000
207.974106	432.000000
207.986606	432.000000
207.999106	432.000000
208.011606	432.000000
208.024107	432.000000
208.036607	432.000000
208.049107	432.000000
208.061607	432.000000
208.074107	432.000000
208.086607	432.000000
208.099107	432.000000
208.111607	432.000000
208.124107	432.000000
208.136607	432.000000
208.149107	432.000000
208.161608	432.000000
208.174108	416.000000
208.186608	416.000000
208.199108	432.000000
208.211608	432.000000
208.224108	432.000000
208.236608	432.000000
208.249108	432.000000
208.261608	432.000000
208.274108	432.000000
208.286609	432.000000
208.299105	432.000000
208.311605	432.000000
208.324105	432.000000
208.336605	432.000000
208.349105	432.000000
208.361605	432.000000
208.374106	432.000000
208.386606	432.000000
208.399106	432.000000
208.411606	432.000000
208.424106	432.000000
208.436606	432.000000
208.449106	432.000000
208.461606	432.000000
208.474106	432.000000
208.486606	432.000000
208.499107	432.000000
208.511607	432.000000
208.524107	432.000000
208.536607	432.000000
208.549107	432.000000
208.561607	432.000000
208.574107	432.000000
208.586607	432.000000
208.599107	432.000000
208.611607	432.000000
208.624107	432.000000
208.636608	432.000000
208.649108	432.000000
208.661608	432.000000
208.674108	432.000000
208.686608	432.000000
208.699108	432.000000
208.711608	432.000000
208.724108	416.000000
208.736608	432.000000
208.749108	432.000000
208.761605	432.000000
208.774105	432.000000
208.786605	432.000000
208.799105	432.000000
208.811605	432.000000
208.824105	432.000000
208.836605	432.000000
208.849106	432.000000
208.861606	432.000000
208.874106	432.000000
208.886606	432.000000
208.899106	432.000000
208.911606	432.000000
208.924106	432.000000
208.936606	432.000000
208.949106	432.000000
208.961606	432.000000
208.974106	432.000000
208.986607	432.000000
208.999107	432.000000
209.011607	432.000000
209.024107	432.000000
209.036607	432.000000
209.049107	432.000000
209.061607	432.000000
209.074107	432.000000
209.086607	432.000000
209.099107	432.000000
209.111608	432.000000
209.124108	432.000000
209.136608	432.000000
209.149108	432.000000
209.161608	432.000000
209.174108	432.000000
209.186608	432.000000
209.199108	432.000000
209.211608	432.000000
209.224108	432.000000
209.236608	432.000000
209.249105	432.000000
209.261605	432.000000
209.274105	432.000000
209.286605	432.000000
209.299105	432.000000
209.311605	432.000000
209.324106	432.000000
209.336606	432.000000
209.349106	432.000000
209.361606	432.000000
209.374106	432.000000
209.386606	432.000000
209.399106	432.000000
209.411606	432.000000
209.424106	432.000000
209.436606	432.000000
209.449106	432.000000
209.461607	432.000000
209.474107	432.000000
209.486607	432.000000
209.499107	432.000000
209.511607	432.000000
209.524107	432.000000
209.536607	432.000000
209.549107	432.000000
209.561607	432.000000
209.574107	432.000000
209.586608	432.000000
209.599108	432.000000
209.611608	432.000000
209.624108	432.000000
209.636608	432.000000
209.649108	432.000000
209.661608	432.000000
209.674108	432.000000
209.686608	432.000000
209.699108	432.000000
209.711605	432.000000
209.724105	432.000000
209.736605	432.000000
209.749105	432.000000
209.761605	432.000000
209.774105	432.000000
209.786605	432.000000
209.799106	432.000000
209.811606	432.000000
209.824106	432.000000
209.836606	432.000000
209.849106	432.000000
209.861606	432.000000
209.874106	432.000000
209.886606	432.000000
209.899106	432.000000
209.911606	432.000000
209.924106	432.000000
209.936607	432.000000
209.949107	432.000000
209.961607	432.000000
209.974107	432.000000
209.986607	432.000000
209.999107	432.000000
210.011607	432.000000
210.024107	432.000000
210.036607	432.000000
210.049107	432.000000
210.061608	432.000000
210.074108	432.000000
210.086608	432.000000
210.099108	432.000000
210.111608	432.000000
210.124108	432.000000
210.136608	432.000000
210.149108	432.000000
210.161608	432.000000
210.174108	432.000000
210.186608	432.000000
210.199105	432.000000
210.211605	432.000000
210.224105	432.000000
210.236605	432.000000
210.249105	432.000000
210.261605	432.000000
210.274105	432.000000
210.286606	432.000000
210.299106	432.000000
210.311606	432.000000
210.324106	432.000000
210.336606	432.000000
210.349106	432.000000
210.361606	432.000000
210.374106	432.000000
210.386606	432.000000
210.399106	432.000000
210.411607	432.000000
210.424107	432.000000
210.436607	432.000000
210.449107	432.000000
210.461607	432.000000
210.474107	432.000000
210.486607	432.000000
210.499107	432.000000
210.511607	432.000000
210.524107	432.000000
210.536607	432.000000
210.549108	432.000000
210.561608	432.000000
210.574108	432.000000
210.586608	432.000000
210.599108	432.000000
210.611608	432.000000
210.624108	432.000000
210.636608	432.000000
210.649108	432.000000
210.661608	432.000000
210.674105	432.000000
210.686605	432.000000
210.699105	432.000000
210.711605	432.000000
210.724105	432.000000
210.736605	432.000000
210.749105	432.000000
210.761606	432.000000
210.774106	432.000000
210.786606	432.000000
210.799106	432.000000
210.811606	432.000000
210.824106	432.000000
210.836606	432.000000
210.849106	432.000000
210.861606	432.000000
210.874106	432.000000
210.886607	432.000000
210.899107	432.000000
210.911607	432.000000
210.924107	432.000000
210.936607	432.000000
210.949107	432.000000
210.961607	432.000000
210.974107	432.000000
210.986607	432.000000
210.999107	432.000000
211.011607	432.000000
211.024108	432.000000
211.036608	432.000000
211.049108	432.000000
211.061608	432.000000
211.074108	432.000000
211.086608	432.000000
211.099108	432.000000
211.111608	432.000000
211.124108	432.000000
211.136608	432.000000
211.149109	432.000000
211.161605	432.000000
211.174105	432.000000
211.186605	432.000000
211.199105	432.000000
211.211605	432.000000
211.224105	432.000000
211.236606	432.000000
211.249106	432.000000
211.261606	432.000000
211.274106	432.000000
211.286606	432.000000
211.299106	432.000000
211.311606	432.000000
211.324106	432.000000
211.336606	432.000000
211.349106	432.000000
211.361606	432.000000
211.374107	432.000000
211.386607	432.000000
211.399107	432.000000
211.411607	432.000000
211.424107	432.000000
211.436607	432.000000
211.449107	432.000000
211.461607	432.000000
211.474107	432.000000
211.486607	432.000000
211.499108	432.000000
211.511608	432.000000
211.524108	432.000000
211.536608	432.000000
211.549108	432.000000
211.561608	432.000000
211.574108	432.000000
211.586608	432.000000
211.599108	432.000000
211.611608	432.000000
211.624105	432.000000
211.636605	432.000000
211.649105	432.000000
211.661605	432.000000
211.674105	432.000000
211.686605	432.000000
211.699105	432.000000
211.711606	432.000000
211.724106	432.000000
211.736606	432.000000
211.749106	432.000000
211.761606	432.000000
211.774106	432.000000
211.786606	432.000000
211.799106	432.000000
211.811606	432.000000
211.824106	432.000000
211.836606	432.000000
211.849107	432.000000
211.861607	432.000000
211.874107	432.000000
211.886607	432.000000
211.899107	432.000000
211.911607	432.000000
211.924107	432.000000
211.936607	432.000000
211.949107	432.000000
211.961607	432.000000
211.974108	432.000000
211.986608	432.000000
211.999108	432.000000
212.011608	432.000000
212.024108	432.000000
212.036608	432.000000
212.049108	432.000000
212.061608	432.000000
212.074108	432.000000
212.086608	432.000000
212.099108	432.000000
212.111605	432.000000
212.124105	432.000000
212.136605	432.000000
212.149105	432.000000
212.161605	432.000000
212.174105	432.000000
212.186605	432.000000
212.199106	432.000000
212.211606	432.000000
212.224106	432.000000
212.236606	432.000000
212.249106	432.000000
212.261606	432.000000
212.274106	432.000000
212.286606	432.000000
212.299106	432.000000
212.311606	432.000000
212.324107	432.000000
212.336607	432.000000
212.349107	432.000000
212.361607	432.000000
212.374107	432.000000
212.386607	432.000000
212.399107	432.000000
212.411607	432.000000
212.424107	432.000000
212.436607	432.000000
212.449107	432.000000
212.461608	432.000000
212.474108	432.000000
212.486608	432.000000
212.499108	432.000000
212.511608	432.000000
212.524108	432.000000
212.536608	432.000000
212.549108	432.000000
212.561608	432.000000
212.574105	432.000000
212.586605	432.000000
212.599105	432.000000
212.611605	432.000000
212.624105	432.000000
212.636605	432.000000
212.649105	432.000000
212.661605	432.000000
212.674106	432.000000
212.686606	432.000000
212.699106	432.000000
212.711606	432.000000
212.724106	432.000000
212.736606	432.000000
212.749106	432.000000
212.761606	432.000000
212.774106	432.000000
212.786606	432.000000
212.799107	432.000000
212.811607	432.000000
212.824107	432.000000
212.836607	432.000000
212.849107	432.000000
212.861607	432.000000
212.874107	432.000000
212.886607	432.000000
212.899107	432.000000
212.911607	432.000000
212.924107	432.000000
212.936608	432.000000
212.949108	432.000000
212.961608	432.000000
212.974108	432.000000
212.986608	432.000000
212.999108	432.000000
213.011608	432.000000
213.024108	432.000000
213.036608	432.000000
213.049108	432.000000
213.061609	432.000000
213.074105	432.000000
213.086605	432.000000
213.099105	432.000000
213.111605	432.000000
213.124105	432.000000
213.136605	432.000000
213.149106	432.000000
213.161606	432.000000
213.174106	432.000000
213.186606	432.000000
213.199106	432.000000
213.211606	432.000000
213.224106	432.000000
213.236606	432.000000
213.249106	432.000000
213.261606	432.000000
213.274106	432.000000
213.286607	432.000000
213.299107	432.000000
213.311607	432.000000
213.324107	432.000000
213.336607	432.000000
213.349107	432.000000
213.361607	432.000000
213.374107	432.000000
213.386607	432.000000
213.399107	432.000000
213.411608	432.000000
213.424108	432.000000
213.436608	432.000000
213.449108	432.000000
213.461608	432.000000
213.474108	432.000000
213.486608	432.000000
213.499108	432.000000
213.511608	432.000000
213.524108	432.000000
213.536605	432.000000
213.549105	432.000000
213.561605	432.000000
213.574105	432.000000
213.586605	432.000000
213.599105	432.000000
213.611605	432.000000
213.624106	432.000000
213.636606	432.000000
213.649106	432.000000
213.661606	432.000000
213.674106	432.000000
213.686606	432.000000
213.699106	432.000000
213.711606	432.000000
213.724106	432.000000
213.736606	432.000000
213.749106	432.000000
213.761607	432.000000
213.774107	432.000000
213.786607	432.000000
213.799107	432.000000
213.811607	432.000000
213.824107	432.000000
213.836607	432.000000
213.849107	432.000000
213.861607	432.000000
213.874107	432.000000
213.886608	432.000000
213.899108	432.000000
213.911608	432.000000
213.924108	432.000000
213.936608	432.000000
213.949108	432.000000
213.961608	432.000000
213.974108	432.000000
213.986608	432.000000
213.999108	432.000000
214.011608	432.000000
214.024105	432.000000
214.036605	432.000000
214.049105	432.000000
214.061605	432.000000
214.074105	432.000000
214.086605	432.000000
214.099106	432.000000
214.111606	432.000000
214.124106	432.000000
214.136606	432.000000
214.149106	432.000000
214.161606	432.000000
214.174106	432.000000
214.186606	432.000000
214.199106	432.000000
214.211606	432.000000
214.224106	432.000000
214.236607	432.000000
214.249107	432.000000
214.261607	432.000000
214.274107	432.000000
214.286607	432.000000
214.299107	432.000000
214.311607	432.000000
214.324107	432.000000
214.336607	432.000000
214.349107	432.000000
214.361608	432.000000
214.374108	432.000000
214.386608	432.000000
214.399108	432.000000
214.411608	432.000000
214.424108	432.000000
214.436608	432.000000
214.449108	432.000000
214.461608	432.000000
214.474108	432.000000
214.486605	432.000000
214.499105	432.000000
214.511605	432.000000
214.524105	432.000000
214.536605	432.000000
214.549105	432.000000
214.561605	432.000000
214.574105	432.000000
214.586606	432.000000
214.599106	432.000000
214.611606	432.000000
214.624106	432.000000
214.636606	432.000000
214.649106	432.000000
214.661606	432.000000
214.674106	432.000000
214.686606	432.000000
214.699106	432.000000
214.711607	432.000000
214.724107	432.000000
214.736607	432.000000
214.749107	432.000000
214.761607	432.000000
214.774107	432.000000
214.786607	432.000000
214.799107	432.000000
214.811607	432.000000
214.824107	432.000000
214.836607	432.000000
214.849108	432.000000
214.861608	432.000000
214.874108	432.000000
214.886608	432.000000
214.899108	432.000000
214.911608	432.000000
214.924108	432.000000
214.936608	432.000000
214.949108	432.000000
214.961608	432.000000
214.974109	432.000000
214.986605	432.000000
214.999105	432.000000
215.011605	432.000000
215.024105	432.000000
215.036605	432.000000
215.049105	432.000000
215.061606	432.000000
215.074106	432.000000
215.086606	432.000000
215.099106	432.000000
215.111606	432.000000
215.124106	432.000000
215.136606	432.000000
215.149106	432.000000
215.161606	432.000000
215.174106	432.000000
215.186607	432.000000
215.199107	432.000000
215.211607	432.000000
215.224107	432.000000
215.236607	432.000000
215.249107	432.000000
215.261607	432.000000
215.274107	432.000000
215.286607	432.000000
215.299107	432.000000
215.311607	432.000000
215.324108	432.000000
215.336608	432.000000
215.349108	432.000000
215.361608	432.000000
215.374108	432.000000
215.386608	432.000000
215.399108	432.000000
215.411608	432.000000
215.424108	432.000000
215.436608	432.000000
215.449105	432.000000
215.461605	432.000000
215.474105	432.000000
215.486605	432.000000
215.499105	432.000000
215.511605	432.000000
215.524105	432.000000
215.536606	432.000000
215.549106	432.000000
215.561606	432.000000
215.574106	432.000000
215.586606	432.000000
215.599106	432.000000
215.611606	432.000000
215.624106	432.000000
215.636606	432.000000
215.649106	432.000000
215.661606	432.000000
215.674107	432.000000
215.686607	432.000000
215.699107	432.000000
215.711607	432.000000
215.724107	432.000000
215.736607	432.000000
215.749107	432.000000
215.761607	432.000000
215.774107	432.000000
215.786607	432.000000
215.799108	432.000000
215.811608	432.000000
215.824108	432.000000
215.836608	432.000000
215.849108	432.000000
215.861608	432.000000
215.874108	432.000000
215.886608	432.000000
215.899108	432.000000
215.911608	432.000000
215.924108	432.000000
215.936605	432.000000
215.949105	432.000000
215.961605	432.000000
215.974105	432.000000
215.986605	432.000000
215.999105	432.000000
216.011606	432.000000
216.024106	432.000000
216.036606	432.000000
216.049106	432.000000
216.061606	432.000000
216.074106	432.000000
216.086606	432.000000
216.099106	432.000000
216.111606	432.000000
216.124106	432.000000
216.136606	432.000000
216.149107	432.000000
216.161607	432.000000
216.174107	432.000000
216.186607	432.000000
216.199107	432.000000
216.211607	432.000000
216.224107	432.000000
216.236607	432.000000
216.249107	432.000000
216.261607	432.000000
216.274108	432.000000
216.286608	432.000000
216.299108	432.000000
216.311608	432.000000
216.324108	432.000000
216.336608	432.000000
216.349108	432.000000
216.361608	432.000000
216.374108	432.000000
216.386608	432.000000
216.399105	432.000000
216.411605	432.000000
216.424105	432.000000
216.436605	432.000000
216.449105	432.000000
216.461605	432.000000
216.474105	432.000000
216.486605	432.000000
216.499106	432.000000
216.511606	432.000000
216.524106	432.000000
216.536606	432.000000
216.549106	432.000000
216.561606	432.000000
216.574106	432.000000
216.586606	432.000000
216.599106	432.000000
216.611606	432.000000
216.624107	432.000000
216.636607	432.000000
216.649107	432.000000
216.661607	432.000000
216.674107	432.000000
216.686607	432.000000
216.699107	432.000000
216.711607	432.000000
216.724107	432.000000
216.736607	432.000000
216.749107	432.000000
216.761608	432.000000
216.774108	432.000000
216.786608	432.000000
216.799108	432.000000
216.811608	432.000000
216.824108	432.000000
216.836608	432.000000
216.849108	432.000000
216.861608	432.000000
216.874108	432.000000
216.886609	432.000000
216.899105	432.000000
216.911605	432.000000
216.924105	432.000000
216.936605	432.000000
216.949105	432.000000
216.961605	432.000000
216.974106	432.000000
216.986606	432.000000
216.999106	432.000000
217.011606	432.000000
217.024106	432.000000
217.036606	432.000000
217.049106	432.000000
217.061606	432.000000
217.074106	432.000000
217.086606	432.000000
217.099107	432.000000
217.111607	432.000000
217.124107	432.000000
217.136607	432.000000
217.149107	432.000000
217.161607	432.000000
217.174107	432.000000
217.186607	432.000000
217.199107	432.000000
217.211607	432.000000
217.224107	432.000000
217.236608	432.000000
217.249108	432.000000
217.261608	432.000000
217.274108	432.000000
217.286608	432.000000
217.299108	432.000000
217.311608	432.000000
217.324108	432.000000
217.336608	432.000000
217.349108	432.000000
217.361605	432.000000
217.374105	432.000000
217.386605	432.000000
217.399105	432.000000
217.411605	432.000000
217.424105	432.000000
217.436605	432.000000
217.449106	432.000000
217.461606	432.000000
217.474106	432.000000
217.486606	432.000000
217.499106	432.000000
217.511606	432.000000
217.524106	432.000000
217.536606	432.000000
217.549106	432.000000
217.561606	432.000000
217.574107	432.000000
217.586607	432.000000
217.599107	432.000000
217.611607	432.000000
217.624107	432.000000
217.636607	432.000000
217.649107	432.000000
217.661607	432.000000
217.674107	432.000000
217.686607	432.000000
217.699107	432.000000
217.711608	432.000000
217.724108	432.000000
217.736608	432.000000
217.749108	432.000000
217.761608	432.000000
217.774108	432.000000
217.786608	432.000000
217.799108	432.000000
217.811608	432.000000
217.824108	432.000000
217.836608	432.000000
217.849105	432.000000
217.861605	432.000000
217.874105	432.000000
217.886605	432.000000
217.899105	432.000000
217.911605	432.000000
217.924106	432.000000
217.936606	432.000000
217.949106	432.000000
217.961606	432.000000
217.974106	432.000000
217.986606	432.000000
217.999106	432.000000
218.011606	432.000000
218.024106	432.000000
218.036606	432.000000
218.049106	432.000000
218.061607	432.000000
218.074107	432.000000
218.086607	432.000000
218.099107	432.000000
218.111607	432.000000
218.124107	432.000000
218.136607	432.000000
218.149107	432.000000
218.161607	432.000000
218.174107	432.000000
218.186608	432.000000
218.199108	432.000000
218.211608	432.000000
218.224108	432.000000
218.236608	432.000000
218.249108	432.000000
218.261608	432.000000
218.274108	432.000000
218.286608	432.000000
218.299108	432.000000
218.311605	432.000000
218.324105	432.000000
218.336605	432.000000
218.349105	432.000000
218.361605	432.000000
218.374105	432.000000
218.386605	432.000000
218.399106	432.000000
218.411606	432.000000
218.424106	432.000000
218.436606	432.000000
218.449106	432.000000
218.461606	432.000000
218.474106	432.000000
218.486606	432.000000
218.499106	432.000000
218.511606	432.000000
218.524106	432.000000
218.536607	432.000000
218.549107	432.000000
218.561607	432.000000
218.574107	432.000000
218.586607	432.000000
218.599107	432.000000
218.611607	432.000000
218.624107	432.000000
218.636607	432.000000
218.649107	432.000000
218.661608	432.000000
218.674108	432.000000
218.686608	432.000000
218.699108	432.000000
218.711608	432.000000
218.724108	432.000000
218.736608	432.000000
218.749108	432.000000
218.761608	432.000000
218.774108	432.000000
218.786608	432.000000
218.799105	432.000000
218.811605	432.000000
218.824105	432.000000
218.836605	432.000000
218.849105	432.000000
218.861605	432.000000
218.874105	432.000000
218.886606	432.000000
218.899106	432.000000
218.911606	432.000000
218.924106	432.000000
218.936606	432.000000
218.949106	432.000000
218.961606	432.000000
218.974106	432.000000
218.986606	432.000000
218.999106	432.000000
219.011607	432.000000
219.024107	432.000000
219.036607	432.000000
219.049107	432.000000
219.061607	432.000000
219.074107	432.000000
219.086607	432.000000
219.099107	432.000000
219.111607	432.000000
219.124107	432.000000
219.136607	432.000000
219.149108	432.000000
219.161608	432.000000
219.174108	432.000000
219.186608	432.000000
219.199108	432.000000
219.211608	432.000000
219.224108	432.000000
219.236608	432.000000
219.249108	432.000000
219.261605	432.000000
219.274105	432.000000
219.286605	432.000000
219.299105	432.000000
219.311605	432.000000
219.324105	432.000000
219.336605	432.000000
219.349105	432.000000
219.361606	432.000000
219.374106	432.000000
219.386606	432.000000
219.399106	432.000000
219.411606	432.000000
219.424106	432.000000
219.436606	432.000000
219.449106	432.000000
219.461606	432.000000
219.474106	432.000000
219.486607	432.000000
219.499107	432.000000
219.511607	432.000000
219.524107	432.000000
219.536607	432.000000
219.549107	432.000000
219.561607	432.000000
219.574107	432.000000
219.586607	432.000000
219.599107	432.000000
219.611607	432.000000
219.624108	432.000000
219.636608	432.000000
219.649108	432.000000
219.661608	432.000000
219.674108	432.000000
219.686608	432.000000
219.699108	432.000000
219.711608	432.000000
219.724108	432.000000
219.736608	432.000000
219.749109	432.000000
219.761605	432.000000
219.774105	432.000000
219.786605	432.000000
219.799105	432.000000
219.811605	432.000000
219.824105	432.000000
219.836606	432.000000
219.849106	432.000000
219.861606	432.000000
219.874106	432.000000
219.886606	432.000000
219.899106	432.000000
219.911606	432.000000
219.924106	432.000000
219.936606	432.000000
219.949106	432.000000
219.961606	432.000000
219.974107	432.000000
219.986607	432.000000
219.999107	432.000000
220.011607	432.000000
220.024107	432.000000
220.036607	432.000000
220.049107	432.000000
220.061607	432.000000
220.074107	432.000000
220.086607	432.000000
220.099108	432.000000
220.111608	432.000000
220.124108	432.000000
220.136608	432.000000
220.149108	432.000000
220.161608	432.000000
220.174108	432.000000
220.186608	432.000000
220.199108	432.000000
220.211608	432.000000
220.224105	432.000000
220.236605	432.000000
220.249105	432.000000
220.261605	432.000000
220.274105	432.000000
220.286605	432.000000
220.299105	432.000000
220.311606	432.000000
220.324106	432.000000
220.336606	432.000000
220.349106	432.000000
220.361606	432.000000
220.374106	432.000000
220.386606	432.000000
220.399106	432.000000
220.411606	432.000000
220.424106	432.000000
220.436606	432.000000
220.449107	432.000000
220.461607	432.000000
220.474107	432.000000
220.486607	432.000000
220.499107	432.000000
220.511607	432.000000
220.524107	432.000000
220.536607	432.000000
220.549107	432.000000
220.561607	432.000000
220.574108	432.000000
220.586608	432.000000
220.599108	432.000000
220.611608	432.000000
220.624108	432.000000
220.636608	432.000000
220.649108	432.000000
220.661608	432.000000
220.674108	432.000000
220.686608	432.000000
220.699108	432.000000
220.711605	432.000000
220.724105	432.000000
220.736605	432.000000
220.749105	432.000000
220.761605	432.000000
220.774105	432.000000
220.786605	432.000000
220.799106	432.000000
220.811606	432.000000
220.824106	432.000000
220.836606	432.000000
220.849106	432.000000
220.861606	432.000000
220.874106	432.000000
220.886606	432.000000
220.899106	432.000000
220.911606	432.000000
220.924107	432.000000
220.936607	432.000000
220.949107	432.000000
220.961607	432.000000
220.974107	432.000000
220.986607	432.000000
220.999107	432.000000
221.011607	432.000000
221.024107	432.000000
221.036607	432.000000
221.049107	432.000000
221.061608	432.000000
221.074108	432.000000
221.086608	432.000000
221.099108	432.000000
221.111608	432.000000
221.124108	432.000000
221.136608	432.000000
221.149108	432.000000
221.161608	432.000000
221.174105	432.000000
221.186605	432.000000
221.199105	432.000000
221.211605	432.000000
221.224105	432.000000
221.236605	432.000000
221.249105	432.000000
221.261605	432.000000
221.274106	432.000000
221.286606	432.000000
221.299106	432.000000
221.311606	432.000000
221.324106	432.000000
221.336606	432.000000
221.349106	432.000000
221.361606	432.000000
221.374106	432.000000
221.386606	432.000000
221.399107	432.000000
221.411607	432.000000
221.424107	432.000000
221.436607	432.000000
221.449107	432.000000
221.461607	432.000000
221.474107	432.000000
221.486607	432.000000
221.499107	432.000000
221.511607	432.000000
221.524107	432.000000
221.536608	432.000000
221.549108	432.000000
221.561608	432.000000
221.574108	432.000000
221.586608	432.000000
221.599108	432.000000
221.611608	432.000000
221.624108	432.000000
221.636608	432.000000
221.649108	432.000000
221.661609	432.000000
221.674105	432.000000
221.686605	432.000000
221.699105	432.000000
221.711605	432.000000
221.724105	432.000000
221.736605	432.000000
221.749106	432.000000
221.761606	432.000000
221.774106	432.000000
221.786606	432.000000
221.799106	432.000000
221.811606	432.000000
221.824106	432.000000
221.836606	432.000000
221.849106	432.000000
221.861606	432.000000
221.874107	432.000000
221.886607	432.000000
221.899107	432.000000
221.911607	432.000000
221.924107	432.000000
221.936607	432.000000
221.949107	432.000000
221.961607	432.000000
221.974107	432.000000
221.986607	432.000000
221.999107	432.000000
222.011608	432.000000
222.024108	432.000000
222.036608	432.000000
222.049108	432.000000
222.061608	432.000000
222.074108	432.000000
222.086608	432.000000
222.099108	432.000000
222.111608	432.000000
222.124108	432.000000
222.136605	432.000000
222.149105	432.000000
222.161605	432.000000
222.174105	432.000000
222.186605	432.000000
222.199105	432.000000
222.211605	432.000000
222.224106	432.000000
222.236606	432.000000
222.249106	432.000000
222.261606	432.000000
222.274106	432.000000
222.286606	432.000000
222.299106	432.000000
222.311606	432.000000
222.324106	432.000000
222.336606	432.000000
222.349106	432.000000
222.361607	432.000000
222.374107	432.000000
222.386607	432.000000
222.399107	432.000000
222.411607	432.000000
222.424107	432.000000
222.436607	432.000000
222.449107	432.000000
222.461607	432.000000
222.474107	432.000000
222.486608	432.000000
222.499108	432.000000
222.511608	432.000000
222.524108	432.000000
222.536608	432.000000
222.549108	432.000000
222.561608	432.000000
222.574108	432.000000
222.586608	432.000000
222.599108	432.000000
222.611608	432.000000
222.624105	432.000000
222.636605	432.000000
222.649105	432.000000
222.661605	432.000000
222.674105	432.000000
222.686605	432.000000
222.699106	432.000000
222.711606	432.000000
222.724106	432.000000
222.736606	432.000000
222.749106	432.000000
222.761606	432.000000
222.774106	432.000000
222.786606	432.000000
222.799106	432.000000
222.811606	432.000000
222.824106	432.000000
222.836607	432.000000
222.849107	432.000000
222.861607	432.000000
222.874107	432.000000
222.886607	432.000000
222.899107	432.000000
222.911607	432.000000
222.924107	432.000000
222.936607	432.000000
222.949107	432.000000
222.961608	432.000000
222.974108	432.000000
222.986608	432.000000
222.999108	432.000000
223.011608	432.000000
223.024108	432.000000
223.036608	432.000000
223.049108	432.000000
223.061608	432.000000
223.074108	432.000000
223.086605	432.000000
223.099105	432.000000
223.111605	432.000000
223.124105	432.000000
223.136605	432.000000
223.149105	432.000000
223.161605	432.000000
223.174105	432.000000
223.186606	432.000000
223.199106	432.000000
223.211606	432.000000
223.224106	432.000000
223.236606	432.000000
223.249106	432.000000
223.261606	432.000000
223.274106	432.000000
223.286606	432.000000
223.299106	432.000000
223.311607	432.000000
223.324107	432.000000
223.336607	432.000000
223.349107	432.000000
223.361607	432.000000
223.374107	432.000000
223.386607	432.000000
223.399107	432.000000
223.411607	432.000000
223.424107	432.000000
223.436607	432.000000
223.449108	432.000000
223.461608	432.000000
223.474108	432.000000
223.486608	432.000000
223.499108	432.000000
223.511608	432.000000
223.524108	432.000000
223.536608	432.000000
223.549108	432.000000
223.561608	432.000000
223.574109	432.000000
223.586605	432.000000
223.599105	432.000000
223.611605	432.000000
223.624105	432.000000
223.636605	432.000000
223.649105	432.000000
223.661606	432.000000
223.674106	432.000000
223.686606	432.000000
223.699106	432.000000
223.711606	432.000000
223.724106	432.000000
223.736606	432.000000
223.749106	432.000000
223.761606	432.000000
223.774106	432.000000
223.786607	432.000000
223.799107	432.000000
223.811607	432.000000
223.824107	432.000000
223.836607	432.000000
223.849107	432.000000
223.861607	432.000000
223.874107	432.000000
223.886607	432.000000
223.899107	432.000000
223.911607	432.000000
223.924108	432.000000
223.936608	432.000000
223.949108	432.000000
223.961608	432.000000
223.974108	432.000000
223.986608	432.000000
223.999108	432.000000
224.011608	432.000000
224.024108	432.000000
224.036608	432.000000
224.049105	432.000000
224.061605	432.000000
224.074105	432.000000
224.086605	432.000000
224.099105	432.000000
224.111605	432.000000
224.124105	432.000000
224.136606	432.000000
224.149106	432.000000
224.161606	432.000000
224.174106	432.000000
224.186606	432.000000
224.199106	432.000000
224.211606	432.000000
224.224106	432.000000
224.236606	432.000000
224.249106	432.000000
224.261606	432.000000
224.274107	432.000000
224.286607	432.000000
224.299107	432.000000
224.311607	432.000000
224.324107	432.000000
224.336607	432.000000
224.349107	432.000000
224.361607	432.000000
224.374107	432.000000
224.386607	432.000000
224.399108	432.000000
224.411608	432.000000
224.424108	432.000000
224.436608	432.000000
224.449108	432.000000
224.461608	432.000000
224.474108	432.000000
224.486608	432.000000
224.499108	432.000000
224.511608	432.000000
224.524108	432.000000
224.536605	432.000000
224.549105	432.000000
224.561605	432.000000
224.574105	432.000000
224.586605	432.000000
224.599105	432.000000
224.611606	432.000000
224.624106	432.000000
224.636606	432.000000
224.649106	432.000000
224.661606	432.000000
224.674106	432.000000
224.686606	432.000000
224.699106	432.000000
224.711606	432.000000
224.724106	432.000000
224.736606	432.000000
224.749107	432.000000
224.761607	432.000000
224.774107	432.000000
224.786607	432.000000
224.799107	432.000000
224.811607	432.000000
224.824107	432.000000
224.836607	432.000000
224.849107	432.000000
224.861607	432.000000
224.874108	432.000000
224.886608	432.000000
224.899108	432.000000
224.911608	432.000000
224.924108	432.000000
224.936608	432.000000
224.949108	432.000000
224.961608	432.000000
224.974108	432.000000
224.986608	432.000000
224.999105	432.000000
225.011605	432.000000
225.024105	432.000000
225.036605	432.000000
225.049105	432.000000
225.061605	432.000000
225.074105	432.000000
225.086605	432.000000
225.099106	432.000000
225.111606	432.000000
225.124106	432.000000
225.136606	432.000000
225.149106	432.000000
225.161606	432.000000
225.174106	432.000000
225.186606	432.000000
225.199106	432.000000
225.211606	432.000000
225.224107	432.000000
225.236607	432.000000
225.249107	432.000000
225.261607	432.000000
225.274107	432.000000
225.286607	432.000000
225.299107	432.000000
225.311607	432.000000
225.324107	432.000000
225.336607	432.000000
225.349107	432.000000
225.361608	432.000000
225.374108	432.000000
225.386608	432.000000
225.399108	432.000000
225.411608	432.000000
225.424108	432.000000
225.436608	432.000000
225.449108	432.000000
225.461608	432.000000
225.474108	432.000000
225.486609	432.000000
225.499105	432.000000
225.511605	432.000000
225.524105	432.000000
225.536605	432.000000
225.549105	432.000000
225.561605	432.000000
225.574106	432.000000
225.586606	432.000000
225.599106	432.000000
225.611606	432.000000
225.624106	432.000000
225.636606	432.000000
225.649106	432.000000
225.661606	432.000000
225.674106	432.000000
225.686606	432.000000
225.699107	432.000000
225.711607	432.000000
225.724107	432.000000
225.736607	432.000000
225.749107	432.000000
225.761607	432.000000
225.774107	432.000000
225.786607	432.000000
225.799107	432.000000
225.811607	432.000000
225.824107	432.000000
225.836608	432.000000
225.849108	432.000000
225.861608	432.000000
225.874108	432.000000
225.886608	432.000000
225.899108	432.000000
225.911608	432.000000
225.924108	432.000000
225.936608	432.000000
225.949108	432.000000
225.961605	432.000000
225.974105	432.000000
225.986605	432.000000
225.999105	432.000000
226.011605	432.000000
226.024105	432.000000
226.036605	432.000000
226.049106	432.000000
226.061606	432.000000
226.074106	432.000000
226.086606	432.000000
226.099106	432.000000
226.111606	432.000000
226.124106	432.000000
226.136606	432.000000
226.149106	432.000000
226.161606	432.000000
226.174107	432.000000
226.186607	432.000000
226.199107	432.000000
226.211607	432.000000
226.224107	432.000000
226.236607	432.000000
226.249107	432.000000
226.261607	432.000000
226.274107	432.000000
226.286607	432.000000
226.299107	432.000000
226.311608	432.000000
226.324108	432.000000
226.336608	432.000000
226.349108	432.000000
226.361608	432.000000
226.374108	432.000000
226.386608	432.000000
226.399108	432.000000
226.411608	432.000000
226.424108	432.000000
226.436609	432.000000
226.449105	432.000000
226.461605	432.000000
226.474105	432.000000
226.486605	432.000000
226.499105	432.000000
226.511605	432.000000
226.524106	432.000000
226.536606	432.000000
226.549106	432.000000
226.561606	432.000000
226.574106	432.000000
226.586606	432.000000
226.599106	432.000000
226.611606	432.000000
226.624106	432.000000
226.636606	432.000000
226.649106	432.000000
226.661607	432.000000
226.674107	432.000000
226.686607	432.000000
226.699107	432.000000
226.711607	432.000000
226.724107	432.000000
226.736607	432.000000
226.749107	432.000000
226.761607	432.000000
226.774107	432.000000
226.786608	432.000000
226.799108	432.000000
226.811608	432.000000
226.824108	432.000000
226.836608	432.000000
226.849108	432.000000
226.861608	432.000000
226.874108	432.000000
226.886608	432.000000
226.899108	432.000000
226.911605	432.000000
226.924105	432.000000
226.936605	432.000000
226.949105	432.000000
226.961605	432.000000
226.974105	432.000000
226.986605	432.000000
226.999106	432.000000
227.011606	432.000000
227.024106	432.000000
227.036606	432.000000
227.049106	432.000000
227.061606	432.000000
227.074106	432.000000
227.086606	432.000000
227.099106	432.000000
227.111606	432.000000
227.124106	432.000000
227.136607	432.000000
227.149107	432.000000
227.161607	432.000000
227.174107	432.000000
227.186607	432.000000
227.199107	432.000000
227.211607	432.000000
227.224107	432.000000
227.236607	432.000000
227.249107	432.000000
227.261608	432.000000
227.274108	432.000000
227.286608	432.000000
227.299108	432.000000
227.311608	432.000000
227.324108	432.000000
227.336608	432.000000
227.349108	416.000000
227.361608	432.000000
227.374108	432.000000
227.386608	432.000000
227.399105	432.000000
227.411605	432.000000
227.424105	432.000000
227.436605	432.000000
227.449105	432.000000
227.461605	432.000000
227.474105	432.000000
227.486606	432.000000
227.499106	432.000000
227.511606	432.000000
227.524106	432.000000
227.536606	432.000000
227.549106	432.000000
227.561606	432.000000
227.574106	432.000000
227.586606	432.000000
227.599106	432.000000
227.611607	432.000000
227.624107	432.000000
227.636607	432.000000
227.649107	432.000000
227.661607	432.000000
227.674107	432.000000
227.686607	432.000000
227.699107	432.000000
227.711607	432.000000
227.724107	432.000000
227.736607	432.000000
227.749108	432.000000
227.761608	432.000000
227.774108	432.000000
227.786608	432.000000
227.799108	432.000000
227.811608	432.000000
227.824108	432.000000
227.836608	432.000000
227.849108	432.000000
227.861605	432.000000
227.874105	432.000000
227.886605	432.000000
227.899105	432.000000
227.911605	432.000000
227.924105	432.000000
227.936605	432.000000
227.949105	432.000000
227.961606	432.000000
227.974106	432.000000
227.986606	432.000000
227.999106	432.000000
228.011606	432.000000
228.024106	432.000000
228.036606	432.000000
228.049106	432.000000
228.061606	432.000000
228.074106	432.000000
228.086607	432.000000
228.099107	432.000000
228.111607	432.000000
228.124107	432.000000
228.136607	432.000000
228.149107	432.000000
228.161607	432.000000
228.174107	432.000000
228.186607	432.000000
228.199107	432.000000
228.211607	432.000000
228.224108	432.000000
228.236608	432.000000
228.249108	432.000000
228.261608	432.000000
228.274108	432.000000
228.286608	432.000000
228.299108	432.000000
228.311608	432.000000
228.324108	432.000000
228.336608	432.000000
228.349109	432.000000
228.361605	432.000000
228.374105	432.000000
228.386605	432.000000
228.399105	432.000000
228.411605	432.000000
228.424105	432.000000
228.436606	432.000000
228.449106	432.000000
228.461606	432.000000
228.474106	432.000000
228.486606	432.000000
228.499106	432.000000
228.511606	432.000000
228.524106	432.000000
228.536606	432.000000
228.549106	432.000000
228.561606	432.000000
228.574107	432.000000
228.586607	432.000000
228.599107	432.000000
228.611607	432.000000
228.624107	432.000000
228.636607	432.000000
228.649107	432.000000
228.661607	432.000000
228.674107	432.000000
228.686607	432.000000
228.699108	432.000000
228.711608	432.000000
228.724108	432.000000
228.736608	432.000000
228.749108	432.000000
228.761608	432.000000
228.774108	432.000000
228.786608	432.000000
228.799108	448.000000
228.811608	448.000000
228.824105	448.000000
228.836605	464.000000
228.849105	464.000000
228.861605	464.000000
228.874105	464.000000
228.886605	464.000000
228.899105	464.000000
228.911606	464.000000
228.924106	464.000000
228.936606	464.000000
228.949106	464.000000
228.961606	464.000000
228.974106	448.000000
228.986606	448.000000
228.999106	448.000000
229.011606	448.000000
229.024106	448.000000
229.036606	448.000000
229.049107	448.000000
229.061607	448.000000
229.074107	448.000000
229.086607	448.000000
229.099107	448.000000
229.111607	432.000000
229.124107	432.000000
229.136607	432.000000
229.149107	432.000000
229.161607	432.000000
229.174108	432.000000
229.186608	432.000000
229.199108	432.000000
229.211608	432.000000
229.224108	432.000000
229.236608	432.000000
229.249108	432.000000
229.261608	448.000000
229.274108	448.000000
229.286608	464.000000
229.299108	464.000000
229.311605	480.000000
229.324105	480.000000
229.336605	480.000000
229.349105	480.000000
229.361605	480.000000
229.374105	480.000000
229.386605	480.000000
229.399106	480.000000
229.411606	480.000000
229.424106	464.000000
229.436606	464.000000
229.449106	464.000000
229.461606	464.000000
229.474106	448.000000
229.486606	448.000000
229.499106	448.000000
229.511606	448.000000
229.524107	448.000000
229.536607	448.000000
229.549107	448.000000
229.561607	432.000000
229.574107	432.000000
229.586607	432.000000
229.599107	432.000000
229.611607	432.000000
229.624107	432.000000
229.636607	432.000000
229.649107	432.000000
229.661608	432.000000
229.674108	432.000000
229.686608	432.000000
229.699108	432.000000
229.711608	432.000000
229.724108	432.000000
229.736608	432.000000
229.749108	432.000000
229.761608	432.000000
229.774105	432.000000
229.786605	432.000000
229.799105	432.000000
229.811605	432.000000
229.824105	432.000000
229.836605	432.000000
229.849105	432.000000
229.861605	432.000000
229.874106	432.000000
229.886606	432.000000
229.899106	432.000000
229.911606	432.000000
229.924106	432.000000
229.936606	432.000000
229.949106	432.000000
229.961606	432.000000
229.974106	432.000000
229.986606	432.000000
229.999107	432.000000
230.011607	432.000000
230.024107	432.000000
230.036607	432.000000
230.049107	432.000000
230.061607	432.000000
230.074107	432.000000
230.086607	432.000000
230.099107	432.000000
230.111607	432.000000
230.124107	432.000000
230.136608	432.000000
230.149108	432.000000
230.161608	432.000000
230.174108	432.000000
230.186608	432.000000
230.199108	432.000000
230.211608	432.000000
230.224108	432.000000
230.236608	432.000000
230.249108	432.000000
230.261609	432.000000
230.274105	432.000000
230.286605	432.000000
230.299105	432.000000
230.311605	432.000000
230.324105	432.000000
230.336605	432.000000
230.349106	432.000000
230.361606	432.000000
230.374106	432.000000
230.386606	432.000000
230.399106	432.000000
230.411606	432.000000
230.424106	432.000000
230.436606	432.000000
230.449106	432.000000
230.461606	432.000000
230.474107	432.000000
230.486607	432.000000
230.499107	432.000000
230.511607	432.000000
230.524107	432.000000
230.536607	432.000000
230.549107	448.000000
230.561607	464.000000
230.574107	464.000000
230.586607	480.000000
230.599107	496.000000
230.611608	496.000000
230.624108	512.000000
230.636608	512.000000
230.649108	528.000000
230.661608	528.000000
230.674108	528.000000
230.686608	512.000000
230.699108	512.000000
230.711608	496.000000
230.724108	496.000000
230.736605	496.000000
230.749105	480.000000
230.761605	480.000000
230.774105	464.000000
230.786605	464.000000
230.799105	464.000000
230.811605	464.000000
230.824106	464.000000
230.836606	448.000000
230.849106	448.000000
230.861606	448.000000
230.874106	448.000000
230.886606	448.000000
230.899106	448.000000
230.911606	448.000000
230.924106	448.000000
230.936606	432.000000
230.949106	432.000000
230.961607	432.000000
230.974107	432.000000
230.986607	448.000000
230.999107	448.000000
231.011607	448.000000
231.024107	432.000000
231.036607	432.000000
231.049107	432.000000
231.061607	432.000000
231.074107	432.000000
231.086608	432.000000
231.099108	432.000000
231.111608	432.000000
231.124108	432.000000
231.136608	432.000000
231.149108	432.000000
231.161608	432.000000
231.174108	432.000000
231.186608	432.000000
231.199108	432.000000
231.211608	432.000000
231.224105	432.000000
231.236605	432.000000
231.249105	432.000000
231.261605	432.000000
231.274105	432.000000
231.286605	432.000000
231.299106	432.000000
231.311606	432.000000
231.324106	432.000000
231.336606	432.000000
231.349106	432.000000
231.361606	432.000000
231.374106	432.000000
231.386606	432.000000
231.399106	432.000000
231.411606	432.000000
231.424106	432.000000
231.436607	432.000000
231.449107	432.000000
231.461607	432.000000
231.474107	432.000000
231.486607	432.000000
231.499107	432.000000
231.511607	432.000000
231.524107	432.000000
231.536607	432.000000
231.549107	432.000000
231.561608	432.000000
231.574108	432.000000
231.586608	432.000000
231.599108	432.000000
231.611608	432.000000
231.624108	432.000000
231.636608	432.000000
231.649108	432.000000
231.661608	432.000000
231.674108	432.000000
231.686605	432.000000
231.699105	432.000000
231.711605	432.000000
231.724105	432.000000
231.736605	432.000000
231.749105	432.000000
231.761605	432.000000
231.774105	432.000000
231.786606	432.000000
231.799106	432.000000
231.811606	432.000000
231.824106	432.000000
231.836606	432.000000
231.849106	432.000000
231.861606	432.000000
231.874106	432.000000
231.886606	432.000000
231.899106	432.000000
231.911607	432.000000
231.924107	432.000000
231.936607	432.000000
231.949107	432.000000
231.961607	432.000000
231.974107	432.000000
231.986607	448.000000
231.999107	448.000000
232.011607	448.000000
232.024107	464.000000
232.036607	464.000000
232.049108	464.000000
232.061608	480.000000
232.074108	480.000000
232.086608	480.000000
232.099108	480.000000
232.111608	480.000000
232.124108	464.000000
232.136608	464.000000
232.149108	464.000000
232.161608	464.000000
232.174109	464.000000
232.186605	464.000000
232.199105	464.000000
232.211605	448.000000
232.224105	448.000000
232.236605	448.000000
232.249105	448.000000
232.261606	448.000000
232.274106	448.000000
232.286606	448.000000
232.299106	448.000000
232.311606	432.000000
232.324106	432.000000
232.336606	432.000000
232.349106	432.000000
232.361606	432.000000
232.374106	432.000000
232.386607	432.000000
232.399107	432.000000
232.411607	432.000000
232.424107	432.000000
232.436607	432.000000
232.449107	432.000000
232.461607	432.000000
232.474107	432.000000
232.486607	432.000000
232.499107	432.000000
232.511607	432.000000
232.524108	432.000000
232.536608	432.000000
232.549108	432.000000
232.561608	432.000000
232.574108	432.000000
232.586608	432.000000
232.599108	432.000000
232.611608	432.000000
232.624108	432.000000
232.636608	432.000000
232.649105	432.000000
232.661605	432.000000
232.674105	432.000000
232.686605	432.000000
232.699105	432.000000
232.711605	432.000000
232.724105	432.000000
232.736606	432.000000
232.749106	432.000000
232.761606	432.000000
232.774106	432.000000
232.786606	432.000000
232.799106	432.000000
232.811606	432.000000
232.824106	432.000000
232.836606	432.000000
232.849106	432.000000
232.861606	432.000000
232.874107	432.000000
232.886607	432.000000
232.899107	432.000000
232.911607	432.000000
232.924107	432.000000
232.936607	432.000000
232.949107	432.000000
232.961607	432.000000
232.974107	432.000000
232.986607	432.000000
232.999108	432.000000
233.011608	432.000000
233.024108	432.000000
233.036608	432.000000
233.049108	432.000000
233.061608	432.000000
233.074108	432.000000
233.086608	432.000000
233.099108	432.000000
233.111608	432.000000
233.124108	432.000000
233.136605	432.000000
233.149105	432.000000
233.161605	432.000000
233.174105	432.000000
233.186605	432.000000
233.199105	432.000000
233.211606	432.000000
233.224106	432.000000
233.236606	432.000000
233.249106	432.000000
233.261606	432.000000
233.274106	432.000000
233.286606	432.000000
233.299106	432.000000
233.311606	432.000000
233.324106	432.000000
233.336606	432.000000
233.349107	432.000000
233.361607	432.000000
233.374107	432.000000
233.386607	432.000000
233.399107	432.000000
233.411607	432.000000
233.424107	432.000000
233.436607	432.000000
233.449107	432.000000
233.461607	432.000000
233.474108	432.000000
233.486608	432.000000
233.499108	432.000000
233.511608	432.000000
233.524108	432.000000
233.536608	432.000000
233.549108	432.000000
233.561608	432.000000
233.574108	432.000000
233.586608	432.000000
233.599105	432.000000
233.611605	432.000000
233.624105	432.000000
233.636605	432.000000
233.649105	432.000000
233.661605	432.000000
233.674105	432.000000
233.686605	432.000000
233.699106	432.000000
233.711606	432.000000
233.724106	432.000000
233.736606	432.000000
233.749106	432.000000
233.761606	432.000000
233.774106	432.000000
233.786606	432.000000
233.799106	432.000000
233.811606	432.000000
233.824107	432.000000
233.836607	432.000000
233.849107	432.000000
233.861607	432.000000
233.874107	432.000000
233.886607	432.000000
233.899107	432.000000
233.911607	432.000000
233.924107	432.000000
233.936607	432.000000
233.949107	432.000000
233.961608	432.000000
233.974108	432.000000
233.986608	432.000000
233.999108	432.000000
234.011608	432.000000
234.024108	432.000000
234.036608	432.000000
234.049108	432.000000
234.061608	432.000000
234.074108	432.000000
234.086609	432.000000
234.099105	432.000000
234.111605	432.000000
234.124105	432.000000
234.136605	432.000000
234.149105	432.000000
234.161605	432.000000
234.174106	432.000000
234.186606	432.000000
234.199106	432.000000
234.211606	432.000000
234.224106	432.000000
234.236606	432.000000
234.249106	432.000000
234.261606	432.000000
234.274106	432.000000
234.286606	432.000000
234.299107	432.000000
234.311607	432.000000
234.324107	432.000000
234.336607	432.000000
234.349107	432.000000
234.361607	432.000000
234.374107	432.000000
234.386607	432.000000
234.399107	432.000000
234.411607	432.000000
234.424107	432.000000
234.436608	432.000000
234.449108	432.000000
234.461608	432.000000
234.474108	432.000000
234.486608	432.000000
234.499108	432.000000
234.511608	432.000000
234.524108	432.000000
234.536608	432.000000
234.549108	432.000000
234.561605	432.000000
234.574105	432.000000
234.586605	432.000000
234.599105	432.000000
234.611605	432.000000
234.624105	432.000000
234.636605	432.000000
234.649106	432.000000
234.661606	432.000000
234.674106	432.000000
234.686606	432.000000
234.699106	432.000000
234.711606	432.000000
234.724106	432.000000
234.736606	432.000000
234.749106	432.000000
234.761606	432.000000
234.774107	432.000000
234.786607	432.000000
234.799107	432.000000
234.811607	432.000000
234.824107	432.000000
234.836607	432.000000
234.849107	432.000000
234.861607	432.000000
234.874107	432.000000
234.886607	432.000000
234.899107	432.000000
234.911608	432.000000
234.924108	432.000000
234.936608	432.000000
234.949108	432.000000
234.961608	432.000000
234.974108	432.000000
234.986608	432.000000
234.999108	432.000000
235.011608	432.000000
235.024108	432.000000
235.036609	432.000000
235.049105	432.000000
235.061605	432.000000
235.074105	432.000000
235.086605	432.000000
235.099105	432.000000
235.111605	432.000000
235.124106	432.000000
235.136606	432.000000
235.149106	432.000000
235.161606	432.000000
235.174106	432.000000
235.186606	432.000000
235.199106	432.000000
235.211606	432.000000
235.224106	432.000000
235.236606	432.000000
235.249106	432.000000
235.261607	432.000000
235.274107	432.000000
235.286607	432.000000
235.299107	432.000000
235.311607	432.000000
235.324107	432.000000
235.336607	432.000000
235.349107	432.000000
235.361607	432.000000
235.374107	432.000000
235.386608	432.000000
235.399108	432.000000
235.411608	432.000000
235.424108	432.000000
235.436608	432.000000
235.449108	432.000000
235.461608	432.000000
235.474108	432.000000
235.486608	432.000000
235.499108	432.000000
235.511605	432.000000
235.524105	432.000000
235.536605	432.000000
235.549105	432.000000
235.561605	432.000000
235.574105	432.000000
235.586605	432.000000
235.599106	432.000000
235.611606	432.000000
235.624106	432.000000
235.636606	432.000000
235.649106	432.000000
235.661606	432.000000
235.674106	432.000000
235.686606	432.000000
235.699106	432.000000
235.711606	432.000000
235.724106	432.000000
235.736607	432.000000
235.749107	432.000000
235.761607	432.000000
235.774107	432.000000
235.786607	432.000000
235.799107	432.000000
235.811607	432.000000
235.824107	432.000000
235.836607	432.000000
235.849107	432.000000
235.861608	432.000000
235.874108	432.000000
235.886608	432.000000
235.899108	432.000000
235.911608	432.000000
235.924108	432.000000
235.936608	432.000000
235.949108	432.000000
235.961608	432.000000
235.974108	432.000000
235.986608	432.000000
235.999105	432.000000
236.011605	432.000000
236.024105	432.000000
236.036605	432.000000
236.049105	432.000000
236.061605	432.000000
236.074105	432.000000
236.086606	432.000000
236.099106	432.000000
236.111606	432.000000
236.124106	432.000000
236.136606	432.000000
236.149106	432.000000
236.161606	432.000000
236.174106	432.000000
236.186606	432.000000
236.199106	432.000000
236.211607	432.000000
236.224107	432.000000
236.236607	432.000000
236.249107	432.000000
236.261607	432.000000
236.274107	432.000000
236.286607	432.000000
236.299107	432.000000
236.311607	432.000000
236.324107	432.000000
236.336607	432.000000
236.349108	432.000000
236.361608	432.000000
236.374108	432.000000
236.386608	432.000000
236.399108	432.000000
236.411608	432.000000
236.424108	432.000000
236.436608	432.000000
236.449108	432.000000
236.461605	432.000000
236.474105	432.000000
236.486605	432.000000
236.499105	432.000000
236.511605	432.000000
236.524105	432.000000
236.536605	432.000000
236.549105	432.000000
236.561606	432.000000
236.574106	432.000000
236.586606	432.000000
236.599106	432.000000
236.611606	432.000000
236.624106	432.000000
236.636606	432.000000
236.649106	432.000000
236.661606	432.000000
236.674106	432.000000
236.686607	432.000000
236.699107	432.000000
236.711607	432.000000
236.724107	432.000000
236.736607	432.000000
236.749107	432.000000
236.761607	432.000000
236.774107	432.000000
236.786607	432.000000
236.799107	432.000000
236.811607	432.000000
236.824108	432.000000
236.836608	432.000000
236.849108	432.000000
236.861608	432.000000
236.874108	432.000000
236.886608	432.000000
236.899108	432.000000
236.911608	432.000000
236.924108	432.000000
236.936608	432.000000
236.949109	432.000000
236.961605	432.000000
236.974105	432.000000
236.986605	432.000000
236.999105	432.000000
237.011605	432.000000
237.024105	432.000000
237.036606	432.000000
237.049106	432.000000
237.061606	432.000000
237.074106	432.000000
237.086606	432.000000
237.099106	432.000000
237.111606	432.000000
237.124106	432.000000
237.136606	432.000000
237.149106	432.000000
237.161606	432.000000
237.174107	432.000000
237.186607	432.000000
237.199107	432.000000
237.211607	432.000000
237.224107	432.000000
237.236607	432.000000
237.249107	432.000000
237.261607	432.000000
237.274107	432.000000
237.286607	432.000000
237.299108	432.000000
237.311608	432.000000
237.324108	432.000000
237.336608	432.000000
237.349108	432.000000
237.361608	432.000000
237.374108	432.000000
237.386608	432.000000
237.399108	432.000000
237.411608	432.000000
237.424105	432.000000
237.436605	432.000000
237.449105	432.000000
237.461605	432.000000
237.474105	432.000000
237.486605	432.000000
237.499105	432.000000
237.511606	432.000000
237.524106	432.000000
237.536606	432.000000
237.549106	432.000000
237.561606	432.000000
237.574106	432.000000
237.586606	432.000000
237.599106	432.000000
237.611606	432.000000
237.624106	432.000000
237.636606	432.000000
237.649107	432.000000
237.661607	432.000000
237.674107	432.000000
237.686607	432.000000
237.699107	432.000000
237.711607	432.000000
237.724107	432.000000
237.736607	432.000000
237.749107	432.000000
237.761607	432.000000
237.774108	432.000000
237.786608	432.000000
237.799108	432.000000
237.811608	432.000000
237.824108	432.000000
237.836608	432.000000
237.849108	432.000000
237.861608	432.000000
237.874108	432.000000
237.886608	432.000000
237.899108	432.000000
237.911605	432.000000
237.924105	432.000000
237.936605	432.000000
237.949105	432.000000
237.961605	432.000000
237.974105	432.000000
237.986605	432.000000
237.999106	432.000000
238.011606	432.000000
238.024106	432.000000
238.036606	432.000000
238.049106	432.000000
238.061606	432.000000
238.074106	432.000000
238.086606	432.000000
238.099106	432.000000
238.111606	432.000000
238.124107	432.000000
238.136607	432.000000
238.149107	432.000000
238.161607	432.000000
238.174107	432.000000
238.186607	432.000000
238.199107	432.000000
238.211607	432.000000
238.224107	432.000000
238.236607	432.000000
238.249107	432.000000
238.261608	432.000000
238.274108	432.000000
238.286608	432.000000
238.299108	432.000000
238.311608	432.000000
238.324108	432.000000
238.336608	432.000000
238.349108	432.000000
238.361608	432.000000
238.374105	432.000000
238.386605	432.000000
238.399105	432.000000
238.411605	432.000000
238.424105	432.000000
238.436605	432.000000
238.449105	432.000000
238.461605	432.000000
238.474106	432.000000
238.486606	432.000000
238.499106	432.000000
238.511606	432.000000
238.524106	432.000000
238.536606	432.000000
238.549106	432.000000
238.561606	432.000000
238.574106	432.000000
238.586606	432.000000
238.599107	432.000000
238.611607	432.000000
238.624107	432.000000
238.636607	432.000000
238.649107	432.000000
238.661607	432.000000
238.674107	432.000000
238.686607	432.000000
238.699107	432.000000
238.711607	432.000000
238.724107	432.000000
238.736608	432.000000
238.749108	432.000000
238.761608	432.000000
238.774108	432.000000
238.786608	432.000000
238.799108	432.000000
238.811608	432.000000
238.824108	432.000000
238.836608	432.000000
238.849108	432.000000
238.861609	432.000000
238.874105	432.000000
238.886605	432.000000
238.899105	432.000000
238.911605	432.000000
238.924105	432.000000
238.936605	432.000000
238.949106	432.000000
238.961606	432.000000
238.974106	432.000000
238.986606	432.000000
238.999106	432.000000
239.011606	432.000000
239.024106	432.000000
239.036606	432.000000
239.049106	432.000000
239.061606	432.000000
239.074107	432.000000
239.086607	432.000000
239.099107	432.000000
239.111607	432.000000
239.124107	432.000000
239.136607	432.000000
239.149107	432.000000
239.161607	432.000000
239.174107	432.000000
239.186607	432.000000
239.199107	432.000000
239.211608	432.000000
239.224108	432.000000
239.236608	432.000000
239.249108	432.000000
239.261608	432.000000
239.274108	432.000000
239.286608	432.000000
239.299108	432.000000
239.311608	432.000000
239.324108	432.000000
239.336605	432.000000
239.349105	432.000000
239.361605	432.000000
239.374105	432.000000
239.386605	432.000000
239.399105	432.000000
239.411605	432.000000
239.424106	432.000000
239.436606	432.000000
239.449106	432.000000
239.461606	432.000000
239.474106	432.000000
239.486606	432.000000
239.499106	432.000000
239.511606	432.000000
239.524106	432.000000
239.536606	432.000000
239.549106	432.000000
239.561607	432.000000
239.574107	432.000000
239.586607	432.000000
239.599107	432.000000
239.611607	432.000000
239.624107	432.000000
239.636607	432.000000
239.649107	432.000000
239.661607	432.000000
239.674107	432.000000
239.686608	432.000000
239.699108	432.000000
239.711608	432.000000
239.724108	432.000000
239.736608	432.000000
239.749108	432.000000
239.761608	432.000000
239.774108	432.000000
239.786608	432.000000
239.799108	432.000000
239.811608	432.000000
239.824105	432.000000
239.836605	432.000000
239.849105	432.000000
239.861605	432.000000
239.874105	432.000000
239.886605	432.000000
239.899106	432.000000
239.911606	432.000000
239.924106	432.000000
239.936606	432.000000
239.949106	432.000000
239.961606	432.000000
239.974106	432.000000
239.986606	432.000000
239.999106	432.000000
240.011606	432.000000
240.024106	432.000000
240.036607	432.000000
240.049107	432.000000
240.061607	432.000000
240.074107	432.000000
240.086607	432.000000
240.099107	432.000000
240.111607	432.000000
240.124107	432.000000
240.136607	432.000000
240.149107	432.000000
240.161608	432.000000
240.174108	432.000000
240.186608	432.000000
240.199108	432.000000
240.211608	432.000000
240.224108	432.000000
240.236608	432.000000
240.249108	432.000000
240.261608	432.000000
240.274108	432.000000
240.286605	432.000000
240.299105	432.000000
240.311605	432.000000
240.324105	432.000000
240.336605	432.000000
240.349105	432.000000
240.361605	432.000000
240.374105	432.000000
240.386606	432.000000
240.399106	432.000000
240.411606	432.000000
240.424106	432.000000
240.436606	432.000000
240.449106	432.000000
240.461606	432.000000
240.474106	432.000000
240.486606	432.000000
240.499106	432.000000
240.511607	432.000000
240.524107	432.000000
240.536607	432.000000
240.549107	432.000000
240.561607	432.000000
240.574107	432.000000
240.586607	432.000000
240.599107	432.000000
240.611607	432.000000
240.624107	432.000000
240.636607	432.000000
240.649108	432.000000
240.661608	432.000000
240.674108	432.000000
240.686608	432.000000
240.699108	432.000000
240.711608	432.000000
240.724108	432.000000
240.736608	432.000000
240.749108	432.000000
240.761608	432.000000
240.774109	432.000000
240.786605	432.000000
240.799105	432.000000
240.811605	432.000000
240.824105	432.000000
240.836605	432.000000
240.849105	432.000000
240.861606	432.000000
240.874106	432.000000
240.886606	432.000000
240.899106	432.000000
240.911606	432.000000
240.924106	432.000000
240.936606	432.000000
240.949106	432.000000
240.961606	432.000000
240.974106	432.000000
240.986607	432.000000
240.999107	432.000000
241.011607	432.000000
241.024107	432.000000
241.036607	432.000000
241.049107	432.000000
241.061607	432.000000
241.074107	432.000000
241.086607	432.000000
241.099107	432.000000
241.111607	432.000000
241.124108	432.000000
241.136608	432.000000
241.149108	432.000000
241.161608	432.000000
241.174108	432.000000
241.186608	432.000000
241.199108	432.000000
241.211608	432.000000
241.224108	432.000000
241.236608	432.000000
241.249105	432.000000
241.261605	432.000000
241.274105	432.000000
241.286605	432.000000
241.299105	432.000000
241.311605	432.000000
241.324105	432.000000
241.336606	432.000000
241.349106	432.000000
241.361606	432.000000
241.374106	432.000000
241.386606	432.000000
241.399106	432.000000
241.411606	432.000000
241.424106	432.000000
241.436606	432.000000
241.449106	432.000000
241.461606	432.000000
241.474107	432.000000
241.486607	432.000000
241.499107	432.000000
241.511607	432.000000
241.524107	432.000000
241.536607	432.000000
241.549107	432.000000
241.561607	432.000000
241.574107	432.000000
241.586607	432.000000
241.599108	432.000000
241.611608	432.000000
241.624108	432.000000
241.636608	432.000000
241.649108	432.000000
241.661608	432.000000
241.674108	432.000000
241.686608	432.000000
241.699108	432.000000
241.711608	432.000000
241.724108	432.000000
241.736605	432.000000
241.749105	432.000000
241.761605	432.000000
241.774105	432.000000
241.786605	432.000000
241.799105	432.000000
241.811606	432.000000
241.824106	432.000000
241.836606	432.000000
241.849106	432.000000
241.861606	432.000000
241.874106	432.000000
241.886606	432.000000
241.899106	432.000000
241.911606	432.000000
241.924106	432.000000
241.936606	432.000000
241.949107	432.000000
241.961607	432.000000
241.974107	432.000000
241.986607	432.000000
241.999107	432.000000
242.011607	432.000000
242.024107	432.000000
242.036607	432.000000
242.049107	432.000000
242.061607	432.000000
242.074108	432.000000
242.086608	432.000000
242.099108	432.000000
242.111608	432.000000
242.124108	432.000000
242.136608	432.000000
242.149108	432.000000
242.161608	432.000000
242.174108	432.000000
242.186608	432.000000
242.199105	432.000000
242.211605	432.000000
242.224105	432.000000
242.236605	432.000000
242.249105	432.000000
242.261605	432.000000
242.274105	432.000000
242.286605	432.000000
242.299106	432.000000
242.311606	432.000000
242.324106	432.000000
242.336606	432.000000
242.349106	432.000000
242.361606	432.000000
242.374106	432.000000
242.386606	432.000000
242.399106	432.000000
242.411606	432.000000
242.424107	432.000000
242.436607	432.000000
242.449107	432.000000
242.461607	432.000000
242.474107	432.000000
242.486607	432.000000
242.499107	432.000000
242.511607	432.000000
242.524107	432.000000
242.536607	432.000000
242.549107	432.000000
242.561608	432.000000
242.574108	432.000000
242.586608	432.000000
242.599108	432.000000
242.611608	432.000000
242.624108	432.000000
242.636608	432.000000
242.649108	432.000000
242.661608	432.000000
242.674108	432.000000
242.686609	432.000000
242.699105	432.000000
242.711605	432.000000
242.724105	432.000000
242.736605	432.000000
242.749105	432.000000
242.761605	432.000000
242.774106	432.000000
242.786606	432.000000
242.799106	432.000000
242.811606	432.000000
242.824106	432.000000
242.836606	432.000000
242.849106	432.000000
242.861606	432.000000
242.874106	432.000000
242.886606	432.000000
242.899107	432.000000
242.911607	432.000000
242.924107	432.000000
242.936607	432.000000
242.949107	432.000000
242.961607	432.000000
242.974107	432.000000
242.986607	432.000000
242.999107	432.000000
243.011607	432.000000
243.024107	432.000000
243.036608	432.000000
243.049108	432.000000
243.061608	432.000000
243.074108	432.000000
243.086608	432.000000
243.099108	432.000000
243.111608	432.000000
243.124108	432.000000
243.136608	432.000000
243.149108	432.000000
243.161605	432.000000
243.174105	432.000000
243.186605	432.000000
243.199105	432.000000
243.211605	432.000000
243.224105	432.000000
243.236605	432.000000
243.249106	432.000000
243.261606	432.000000
243.274106	432.000000
243.286606	432.000000
243.299106	432.000000
243.311606	432.000000
243.324106	432.000000
243.336606	432.000000
243.349106	432.000000
243.361606	432.000000
243.374107	432.000000
243.386607	432.000000
243.399107	432.000000
243.411607	432.000000
243.424107	432.000000
243.436607	432.000000
243.449107	432.000000
243.461607	432.000000
243.474107	432.000000
243.486607	432.000000
243.499107	432.000000
243.511608	432.000000
243.524108	432.000000
243.536608	432.000000
243.549108	432.000000
243.561608	432.000000
243.574108	432.000000
243.586608	432.000000
243.599108	432.000000
243.611608	432.000000
243.624108	432.000000
243.636609	432.000000
243.649105	432.000000
243.661605	432.000000
243.674105	432.000000
243.686605	432.000000
243.699105	432.000000
243.711605	432.000000
243.724106	432.000000
243.736606	432.000000
243.749106	432.000000
243.761606	432.000000
243.774106	432.000000
243.786606	416.000000
243.799106	432.000000
243.811606	432.000000
243.824106	432.000000
243.836606	432.000000
243.849106	432.000000
243.861607	432.000000
243.874107	432.000000
243.886607	432.000000
243.899107	432.000000
243.911607	432.000000
243.924107	432.000000
243.936607	432.000000
243.949107	432.000000
243.961607	432.000000
243.974107	432.000000
243.986608	432.000000
243.999108	432.000000
244.011608	432.000000
244.024108	432.000000
244.036608	432.000000
244.049108	432.000000
244.061608	432.000000
244.074108	432.000000
244.086608	432.000000
244.099108	432.000000
244.111605	432.000000
244.124105	432.000000
244.136605	432.000000
244.149105	432.000000
244.161605	432.000000
244.174105	432.000000
244.186605	432.000000
244.199106	432.000000
244.211606	432.000000
244.224106	432.000000
244.236606	432.000000
244.249106	432.000000
244.261606	432.000000
244.274106	432.000000
244.286606	432.000000
244.299106	432.000000
244.311606	432.000000
244.324106	432.000000
244.336607	432.000000
244.349107	432.000000
244.361607	432.000000
244.374107	432.000000
244.386607	432.000000
244.399107	432.000000
244.411607	432.000000
244.424107	432.000000
244.436607	432.000000
244.449107	432.000000
244.461608	432.000000
244.474108	432.000000
244.486608	432.000000
244.499108	432.000000
244.511608	432.000000
244.524108	432.000000
244.536608	432.000000
244.549108	432.000000
244.561608	432.000000
244.574108	432.000000
244.586608	432.000000
244.599105	432.000000
244.611605	432.000000
244.624105	432.000000
244.636605	432.000000
244.649105	432.000000
244.661605	432.000000
244.674105	432.000000
244.686606	432.000000
244.699106	432.000000
244.711606	432.000000
244.724106	432.000000
244.736606	432.000000
244.749106	432.000000
244.761606	432.000000
244.774106	432.000000
244.786606	432.000000
244.799106	432.000000
244.811607	432.000000
244.824107	432.000000
244.836607	432.000000
244.849107	432.000000
244.861607	432.000000
244.874107	432.000000
244.886607	432.000000
244.899107	432.000000
244.911607	432.000000
244.924107	432.000000
244.936607	432.000000
244.949108	432.000000
244.961608	432.000000
244.974108	432.000000
244.986608	432.000000
244.999108	432.000000
245.011608	432.000000
245.024108	432.000000
245.036608	432.000000
245.049108	432.000000
245.061605	432.000000
245.074105	432.000000
245.086605	432.000000
245.099105	432.000000
245.111605	432.000000
245.124105	432.000000
245.136605	432.000000
245.149105	432.000000
245.161606	432.000000
245.174106	432.000000
245.186606	432.000000
245.199106	432.000000
245.211606	432.000000
245.224106	432.000000
245.236606	432.000000
245.249106	432.000000
245.261606	432.000000
245.274106	432.000000
245.286607	432.000000
245.299107	432.000000
245.311607	432.000000
245.324107	432.000000
245.336607	432.000000
245.349107	432.000000
245.361607	432.000000
245.374107	432.000000
245.386607	432.000000
245.399107	432.000000
245.411607	432.000000
245.424108	432.000000
245.436608	432.000000
245.449108	432.000000
245.461608	432.000000
245.474108	432.000000
245.486608	432.000000
245.499108	432.000000
245.511608	432.000000
245.524108	432.000000
245.536608	432.000000
245.549109	432.000000
245.561605	432.000000
245.574105	432.000000
245.586605	432.000000
245.599105	432.000000
245.611605	432.000000
245.624105	432.000000
245.636606	432.000000
245.649106	432.000000
245.661606	432.000000
245.674106	432.000000
245.686606	432.000000
245.699106	432.000000
245.711606	432.000000
245.724106	432.000000
245.736606	432.000000
245.749106	432.000000
245.761606	432.000000
245.774107	432.000000
245.786607	432.000000
245.799107	432.000000
245.811607	432.000000
245.824107	432.000000
245.836607	432.000000
245.849107	432.000000
245.861607	432.000000
245.874107	432.000000
245.886607	432.000000
245.899108	432.000000
245.911608	432.000000
245.924108	432.000000
245.936608	432.000000
245.949108	432.000000
245.961608	432.000000
245.974108	432.000000
245.986608	432.000000
245.999108	432.000000
246.011608	432.000000
246.024105	432.000000
246.036605	432.000000
246.049105	432.000000
246.061605	432.000000
246.074105	432.000000
246.086605	432.000000
246.099105	432.000000
246.111606	432.000000
246.124106	432.000000
246.136606	432.000000
246.149106	432.000000
246.161606	432.000000
246.174106	432.000000
246.186606	432.000000
246.199106	432.000000
246.211606	432.000000
246.224106	432.000000
246.236606	432.000000
246.249107	432.000000
246.261607	432.000000
246.274107	432.000000
246.286607	432.000000
246.299107	432.000000
246.311607	432.000000
246.324107	432.000000
246.336607	432.000000
246.349107	432.000000
246.361607	432.000000
246.374108	432.000000
246.386608	432.000000
246.399108	432.000000
246.411608	432.000000
246.424108	432.000000
246.436608	432.000000
246.449108	432.000000
246.461608	432.000000
246.474108	432.000000
246.486608	432.000000
246.499108	432.000000
246.511605	432.000000
246.524105	432.000000
246.536605	432.000000
246.549105	432.000000
246.561605	432.000000
246.574105	432.000000
246.586605	432.000000
246.599106	432.000000
246.611606	432.000000
246.624106	432.000000
246.636606	432.000000
246.649106	432.000000
246.661606	432.000000
246.674106	432.000000
246.686606	432.000000
246.699106	432.000000
246.711606	432.000000
246.724107	432.000000
246.736607	432.000000
246.749107	432.000000
246.761607	432.000000
246.774107	432.000000
246.786607	432.000000
246.799107	432.000000
246.811607	432.000000
246.824107	432.000000
246.836607	432.000000
246.849107	432.000000
246.861608	432.000000
246.874108	432.000000
246.886608	432.000000
246.899108	432.000000
246.911608	432.000000
246.924108	432.000000
246.936608	432.000000
246.949108	432.000000
246.961608	432.000000
246.974105	432.000000
246.986605	432.000000
246.999105	432.000000
247.011605	432.000000
247.024105	432.000000
247.036605	432.000000
247.049105	432.000000
247.061605	432.000000
247.074106	432.000000
247.086606	432.000000
247.099106	432.000000
247.111606	432.000000
247.124106	432.000000
247.136606	432.000000
247.149106	432.000000
247.161606	432.000000
247.174106	432.000000
247.186606	432.000000
247.199107	432.000000
247.211607	432.000000
247.224107	432.000000
247.236607	432.000000
247.249107	432.000000
247.261607	432.000000
247.274107	432.000000
247.286607	432.000000
247.299107	432.000000
247.311607	432.000000
247.324107	432.000000
247.336608	432.000000
247.349108	432.000000
247.361608	432.000000
247.374108	432.000000
247.386608	432.000000
247.399108	432.000000
247.411608	432.000000
247.424108	432.000000
247.436608	432.000000
247.449108	432.000000
247.461609	432.000000
247.474105	432.000000
247.486605	432.000000
247.499105	432.000000
247.511605	432.000000
247.524105	432.000000
247.536605	432.000000
247.549106	432.000000
247.561606	432.000000
247.574106	432.000000
247.586606	432.000000
247.599106	432.000000
247.611606	432.000000
247.624106	432.000000
247.636606	432.000000
247.649106	432.000000
247.661606	432.000000
247.674107	432.000000
247.686607	432.000000
247.699107	432.000000
247.711607	432.000000
247.724107	432.000000
247.736607	432.000000
247.749107	432.000000
247.761607	432.000000
247.774107	432.000000
247.786607	432.000000
247.799107	432.000000
247.811608	432.000000
247.824108	432.000000
247.836608	432.000000
247.849108	432.000000
247.861608	432.000000
247.874108	432.000000
247.886608	432.000000
247.899108	432.000000
247.911608	432.000000
247.924108	432.000000
247.936605	432.000000
247.949105	432.000000
247.961605	432.000000
247.974105	432.000000
247.986605	432.000000
247.999105	432.000000
248.011605	432.000000
248.024106	432.000000
248.036606	432.000000
248.049106	432.000000
248.061606	432.000000
248.074106	432.000000
248.086606	432.000000
248.099106	432.000000
248.111606	432.000000
248.124106	432.000000
248.136606	432.000000
248.149106	432.000000
248.161607	432.000000
248.174107	432.000000
248.186607	432.000000
248.199107	432.000000
248.211607	432.000000
248.224107	432.000000
248.236607	432.000000
248.249107	432.000000
248.261607	432.000000
248.274107	432.000000
248.286608	432.000000
248.299108	432.000000
248.311608	432.000000
248.324108	432.000000
248.336608	432.000000
248.349108	432.000000
248.361608	432.000000
248.374108	432.000000
248.386608	432.000000
248.399108	432.000000
248.411608	432.000000
248.424105	432.000000
248.436605	432.000000
248.449105	432.000000
248.461605	432.000000
248.474105	432.000000
248.486605	432.000000
248.499106	432.000000
248.511606	432.000000
248.524106	432.000000
248.536606	432.000000
248.549106	432.000000
248.561606	432.000000
248.574106	432.000000
248.586606	432.000000
248.599106	432.000000
248.611606	432.000000
248.624106	432.000000
248.636607	432.000000
248.649107	432.000000
248.661607	432.000000
248.674107	432.000000
248.686607	432.000000
248.699107	432.000000
248.711607	432.000000
248.724107	432.000000
248.736607	432.000000
248.749107	432.000000
248.761608	432.000000
248.774108	432.000000
248.786608	432.000000
248.799108	432.000000
248.811608	432.000000
248.824108	432.000000
248.836608	432.000000
248.849108	432.000000
248.861608	432.000000
248.874108	432.000000
248.886605	432.000000
248.899105	432.000000
248.911605	432.000000
248.924105	432.000000
248.936605	432.000000
248.949105	432.000000
248.961605	432.000000
248.974105	432.000000
248.986606	432.000000
248.999106	432.000000
249.011606	432.000000
249.024106	432.000000
249.036606	432.000000
249.049106	432.000000
249.061606	432.000000
249.074106	432.000000
249.086606	432.000000
249.099106	432.000000
249.111607	432.000000
249.124107	432.000000
249.136607	432.000000
249.149107	432.000000
249.161607	432.000000
249.174107	432.000000
249.186607	432.000000
249.199107	432.000000
249.211607	432.000000
249.224107	432.000000
249.236607	432.000000
249.249108	432.000000
249.261608	432.000000
249.274108	432.000000
249.286608	432.000000
249.299108	432.000000
249.311608	432.000000
249.324108	432.000000
249.336608	432.000000
249.349108	432.000000
249.361608	432.000000
249.374109	432.000000
249.386605	432.000000
249.399105	432.000000
249.411605	432.000000
249.424105	432.000000
249.436605	432.000000
249.449105	432.000000
249.461606	432.000000
249.474106	432.000000
249.486606	432.000000
249.499106	432.000000
249.511606	432.000000
249.524106	432.000000
249.536606	432.000000
249.549106	432.000000
249.561606	432.000000
249.574106	432.000000
249.586607	432.000000
249.599107	432.000000
249.611607	432.000000
249.624107	432.000000
249.636607	432.000000
249.649107	432.000000
249.661607	432.000000
249.674107	432.000000
249.686607	432.000000
249.699107	432.000000
249.711607	432.000000
249.724108	432.000000
249.736608	432.000000
249.749108	432.000000
249.761608	432.000000
249.774108	432.000000
249.786608	432.000000
249.799108	432.000000
249.811608	432.000000
249.824108	432.000000
249.836608	432.000000
249.849105	432.000000
249.861605	432.000000
249.874105	432.000000
249.886605	432.000000
249.899105	432.000000
249.911605	432.000000
249.924105	432.000000
249.936606	432.000000
249.949106	432.000000
249.961606	432.000000
249.974106	432.000000
249.986606	432.000000
249.999106	432.000000
250.011606	432.000000
250.024106	432.000000
250.036606	432.000000
250.049106	432.000000
250.061606	432.000000
250.074107	432.000000
250.086607	432.000000
250.099107	432.000000
250.111607	432.000000
250.124107	432.000000
250.136607	432.000000
250.149107	432.000000
250.161607	432.000000
250.174107	432.000000
250.186607	432.000000
250.199108	432.000000
250.211608	432.000000
250.224108	432.000000
250.236608	432.000000
250.249108	432.000000
250.261608	432.000000
250.274108	432.000000
250.286608	432.000000
250.299108	432.000000
250.311608	432.000000
250.324108	432.000000
250.336605	432.000000
250.349105	432.000000
250.361605	432.000000
250.374105	432.000000
250.386605	432.000000
250.399105	432.000000
250.411606	432.000000
250.424106	432.000000
250.436606	432.000000
250.449106	432.000000
250.461606	432.000000
250.474106	432.000000
250.486606	432.000000
250.499106	432.000000
250.511606	432.000000
250.524106	432.000000
250.536606	432.000000
250.549107	432.000000
250.561607	432.000000
250.574107	432.000000
250.586607	432.000000
250.599107	432.000000
250.611607	432.000000
250.624107	432.000000
250.636607	432.000000
250.649107	432.000000
250.661607	432.000000
250.674108	432.000000
250.686608	432.000000
250.699108	432.000000
250.711608	432.000000
250.724108	432.000000
250.736608	432.000000
250.749108	432.000000
250.761608	432.000000
250.774108	432.000000
250.786608	432.000000
250.799105	432.000000
250.811605	432.000000
250.824105	432.000000
250.836605	432.000000
250.849105	432.000000
250.861605	432.000000
250.874105	432.000000
250.886605	432.000000
250.899106	432.000000
250.911606	432.000000
250.924106	432.000000
250.936606	432.000000
250.949106	432.000000
250.961606	432.000000
250.974106	432.000000
250.986606	432.000000
250.999106	432.000000
251.011606	432.000000
251.024107	432.000000
251.036607	432.000000
251.049107	432.000000
251.061607	432.000000
251.074107	432.000000
251.086607	432.000000
251.099107	432.000000
251.111607	432.000000
251.124107	432.000000
251.136607	432.000000
251.149107	432.000000
251.161608	432.000000
251.174108	432.000000
251.186608	432.000000
251.199108	432.000000
251.211608	432.000000
251.224108	432.000000
251.236608	432.000000
251.249108	432.000000
251.261608	432.000000
251.274108	432.000000
251.286609	432.000000
251.299105	432.000000
251.311605	432.000000
251.324105	432.000000
251.336605	432.000000
251.349105	432.000000
251.361605	432.000000
251.374106	432.000000
251.386606	432.000000
251.399106	432.000000
251.411606	432.000000
251.424106	432.000000
251.436606	432.000000
251.449106	432.000000
251.461606	432.000000
251.474106	432.000000
251.486606	432.000000
251.499107	432.000000
251.511607	432.000000
251.524107	432.000000
251.536607	432.000000
251.549107	432.000000
251.561607	432.000000
251.574107	432.000000
251.586607	432.000000
251.599107	432.000000
251.611607	432.000000
251.624107	432.000000
251.636608	432.000000
251.649108	432.000000
251.661608	432.000000
251.674108	432.000000
251.686608	432.000000
251.699108	432.000000
251.711608	432.000000
251.724108	432.000000
251.736608	432.000000
251.749108	432.000000
251.761605	432.000000
251.774105	432.000000
251.786605	432.000000
251.799105	432.000000
251.811605	432.000000
251.824105	432.000000
251.836605	432.000000
251.849106	432.000000
251.861606	432.000000
251.874106	432.000000
251.886606	432.000000
251.899106	432.000000
251.911606	432.000000
251.924106	432.000000
251.936606	432.000000
251.949106	432.000000
251.961606	432.000000
251.974107	432.000000
251.986607	432.000000
251.999107	432.000000
252.011607	432.000000
252.024107	432.000000
252.036607	432.000000
252.049107	432.000000
252.061607	432.000000
252.074107	432.000000
252.086607	432.000000
252.099107	432.000000
252.111608	432.000000
252.124108	432.000000
252.136608	432.000000
252.149108	432.000000
252.161608	432.000000
252.174108	432.000000
252.186608	432.000000
252.199108	432.000000
252.211608	432.000000
252.224108	432.000000
252.236609	432.000000
252.249105	432.000000
252.261605	432.000000
252.274105	432.000000
252.286605	432.000000
252.299105	432.000000
252.311605	432.000000
252.324106	432.000000
252.336606	432.000000
252.349106	432.000000
252.361606	432.000000
252.374106	432.000000
252.386606	432.000000
252.399106	432.000000
252.411606	432.000000
252.424106	432.000000
252.436606	432.000000
252.449106	432.000000
252.461607	432.000000
252.474107	432.000000
252.486607	432.000000
252.499107	432.000000
252.511607	432.000000
252.524107	432.000000
252.536607	432.000000
252.549107	432.000000
252.561607	432.000000
252.574107	432.000000
252.586608	432.000000
252.599108	432.000000
252.611608	432.000000
252.624108	432.000000
252.636608	432.000000
252.649108	432.000000
252.661608	432.000000
252.674108	432.000000
252.686608	432.000000
252.699108	432.000000
252.711605	432.000000
252.724105	432.000000
252.736605	432.000000
252.749105	432.000000
252.761605	432.000000
252.774105	432.000000
252.786605	432.000000
252.799106	432.000000
252.811606	432.000000
252.824106	432.000000
252.836606	432.000000
252.849106	432.000000
252.861606	432.000000
252.874106	432.000000
252.886606	432.000000
252.899106	432.000000
252.911606	432.000000
252.924106	432.000000
252.936607	432.000000
252.949107	432.000000
252.961607	432.000000
252.974107	432.000000
252.986607	432.000000
252.999107	432.000000
253.011607	432.000000
253.024107	432.000000
253.036607	432.000000
253.049107	432.000000
253.061608	432.000000
253.074108	432.000000
253.086608	432.000000
253.099108	432.000000
253.111608	432.000000
253.124108	432.000000
253.136608	432.000000
253.149108	432.000000
253.161608	432.000000
253.174108	432.000000
253.186608	432.000000
253.199105	432.000000
253.211605	432.000000
253.224105	432.000000
253.236605	432.000000
253.249105	432.000000
253.261605	432.000000
253.274105	432.000000
253.286606	432.000000
253.299106	432.000000
253.311606	432.000000
253.324106	432.000000
253.336606	432.000000
253.349106	432.000000
253.361606	432.000000
253.374106	432.000000
253.386606	432.000000
253.399106	432.000000
253.411607	432.000000
253.424107	432.000000
253.436607	432.000000
253.449107	432.000000
253.461607	432.000000
253.474107	432.000000
253.486607	432.000000
253.499107	432.000000
253.511607	432.000000
253.524107	432.000000
253.536607	432.000000
253.549108	432.000000
253.561608	432.000000
253.574108	432.000000
253.586608	432.000000
253.599108	432.000000
253.611608	432.000000
253.624108	432.000000
253.636608	432.000000
253.649108	432.000000
253.661605	432.000000
253.674105	432.000000
253.686605	432.000000
253.699105	432.000000
253.711605	432.000000
253.724105	432.000000
253.736605	432.000000
253.749105	432.000000
253.761606	432.000000
253.774106	432.000000
253.786606	432.000000
253.799106	432.000000
253.811606	432.000000
253.824106	432.000000
253.836606	432.000000
253.849106	432.000000
253.861606	432.000000
253.874106	432.000000
253.886607	432.000000
253.899107	432.000000
253.911607	432.000000
253.924107	432.000000
253.936607	432.000000
253.949107	432.000000
253.961607	432.000000
253.974107	432.000000
253.986607	432.000000
253.999107	432.000000
254.011607	432.000000
254.024108	432.000000
254.036608	432.000000
254.049108	432.000000
254.061608	432.000000
254.074108	432.000000
254.086608	432.000000
254.099108	432.000000
254.111608	432.000000
254.124108	432.000000
254.136608	432.000000
254.149109	432.000000
254.161605	432.000000
254.174105	432.000000
254.186605	432.000000
254.199105	432.000000
254.211605	432.000000
254.224105	432.000000
254.236606	432.000000
254.249106	432.000000
254.261606	432.000000
254.274106	432.000000
254.286606	432.000000
254.299106	432.000000
254.311606	432.000000
254.324106	432.000000
254.336606	432.000000
254.349106	432.000000
254.361606	432.000000
254.374107	432.000000
254.386607	432.000000
254.399107	432.000000
254.411607	432.000000
254.424107	432.000000
254.436607	432.000000
254.449107	432.000000
254.461607	432.000000
254.474107	432.000000
254.486607	432.000000
254.499108	432.000000
254.511608	432.000000
254.524108	432.000000
254.536608	432.000000
254.549108	432.000000
254.561608	432.000000
254.574108	432.000000
254.586608	432.000000
254.599108	432.000000
254.611608	432.000000
254.624105	432.000000
254.636605	432.000000
254.649105	432.000000
254.661605	432.000000
254.674105	432.000000
254.686605	432.000000
254.699105	432.000000
254.711606	432.000000
254.724106	432.000000
254.736606	432.000000
254.749106	432.000000
254.761606	432.000000
254.774106	432.000000
254.786606	432.000000
254.799106	432.000000
254.811606	432.000000
254.824106	432.000000
254.836606	432.000000
254.849107	432.000000
254.861607	432.000000
254.874107	432.000000
254.886607	432.000000
254.899107	432.000000
254.911607	432.000000
254.924107	432.000000
254.936607	432.000000
254.949107	432.000000
254.961607	432.000000
254.974108	432.000000
254.986608	432.000000
254.999108	432.000000
255.011608	432.000000
255.024108	432.000000
255.036608	432.000000
255.049108	432.000000
255.061608	432.000000
255.074108	432.000000
255.086608	432.000000
255.099108	432.000000
255.111605	432.000000
255.124105	432.000000
255.136605	432.000000
255.149105	432.000000
255.161605	432.000000
255.174105	432.000000
255.186606	432.000000
255.199106	432.000000
255.211606	432.000000
255.224106	432.000000
255.236606	432.000000
255.249106	432.000000
255.261606	432.000000
255.274106	432.000000
255.286606	432.000000
255.299106	432.000000
255.311606	432.000000
255.324107	432.000000
255.336607	432.000000
255.349107	432.000000
255.361607	432.000000
255.374107	432.000000
255.386607	432.000000
255.399107	432.000000
255.411607	432.000000
255.424107	432.000000
255.436607	432.000000
255.449107	432.000000
255.461608	432.000000
255.474108	432.000000
255.486608	432.000000
255.499108	432.000000
255.511608	432.000000
255.524108	432.000000
255.536608	432.000000
255.549108	432.000000
255.561608	432.000000
255.574105	432.000000
255.586605	432.000000
255.599105	432.000000
255.611605	432.000000
255.624105	432.000000
255.636605	432.000000
255.649105	432.000000
255.661605	432.000000
255.674106	432.000000
255.686606	432.000000
255.699106	432.000000
255.711606	432.000000
255.724106	432.000000
255.736606	432.000000
255.749106	432.000000
255.761606	432.000000
255.774106	432.000000
255.786606	432.000000
255.799107	432.000000
255.811607	432.000000
255.824107	432.000000
255.836607	432.000000
255.849107	432.000000
255.861607	432.000000
255.874107	432.000000
255.886607	432.000000
255.899107	432.000000
255.911607	432.000000
255.924107	432.000000
255.936608	432.000000
255.949108	432.000000
255.961608	432.000000
255.974108	432.000000
255.986608	432.000000
255.999108	432.000000
256.011608	432.000000
256.024108	432.000000
256.036608	432.000000
256.049108	432.000000
256.061609	432.000000
256.074105	432.000000
256.086605	432.000000
256.099105	432.000000
256.111605	432.000000
256.124105	432.000000
256.136605	432.000000
256.149106	432.000000
256.161606	432.000000
256.174106	432.000000
256.186606	432.000000
256.199106	432.000000
256.211606	432.000000
256.224106	432.000000
256.236606	432.000000
256.249106	432.000000
256.261606	432.000000
256.274107	432.000000
256.286607	432.000000
256.299107	432.000000
256.311607	432.000000
256.324107	432.000000
256.336607	432.000000
256.349107	432.000000
256.361607	432.000000
256.374107	432.000000
256.386607	432.000000
256.399107	432.000000
256.411608	432.000000
256.424108	432.000000
256.436608	432.000000
256.449108	432.000000
256.461608	432.000000
256.474108	432.000000
256.486608	432.000000
256.499108	432.000000
256.511608	432.000000
256.524108	432.000000
256.536605	432.000000
256.549105	432.000000
256.561605	432.000000
256.574105	432.000000
256.586605	432.000000
256.599105	432.000000
256.611605	432.000000
256.624106	432.000000
256.636606	432.000000
256.649106	432.000000
256.661606	432.000000
256.674106	432.000000
256.686606	432.000000
256.699106	432.000000
256.711606	432.000000
256.724106	432.000000
256.736606	432.000000
256.749106	432.000000
256.761607	432.000000
256.774107	432.000000
256.786607	432.000000
256.799107	432.000000
256.811607	432.000000
256.824107	432.000000
256.836607	432.000000
256.849107	432.000000
256.861607	432.000000
256.874107	432.000000
256.886608	432.000000
256.899108	432.000000
256.911608	432.000000
256.924108	432.000000
256.936608	432.000000
256.949108	432.000000
256.961608	432.000000
256.974108	432.000000
256.986608	432.000000
256.999108	432.000000
257.011608	432.000000
257.024105	432.000000
257.036605	432.000000
257.049105	432.000000
257.061605	432.000000
257.074105	432.000000
257.086605	432.000000
257.099106	432.000000
257.111606	432.000000
257.124106	432.000000
257.136606	432.000000
257.149106	432.000000
257.161606	432.000000
257.174106	432.000000
257.186606	432.000000
257.199106	432.000000
257.211606	432.000000
257.224106	432.000000
257.236607	432.000000
257.249107	432.000000
257.261607	432.000000
257.274107	432.000000
257.286607	432.000000
257.299107	432.000000
257.311607	432.000000
257.324107	432.000000
257.336607	432.000000
257.349107	432.000000
257.361608	432.000000
257.374108	432.000000
257.386608	432.000000
257.399108	432.000000
257.411608	432.000000
257.424108	432.000000
257.436608	432.000000
257.449108	432.000000
257.461608	432.000000
257.474108	432.000000
257.486605	432.000000
257.499105	432.000000
257.511605	432.000000
257.524105	432.000000
257.536605	432.000000
257.549105	432.000000
257.561605	432.000000
257.574105	432.000000
257.586606	432.000000
257.599106	432.000000
257.611606	432.000000
257.624106	432.000000
257.636606	432.000000
257.649106	432.000000
257.661606	432.000000
257.674106	432.000000
257.686606	432.000000
257.699106	432.000000
257.711607	432.000000
257.724107	432.000000
257.736607	432.000000
257.749107	432.000000
257.761607	432.000000
257.774107	432.000000
257.786607	432.000000
257.799107	432.000000
257.811607	432.000000
257.824107	432.000000
257.836607	432.000000
257.849108	432.000000
257.861608	432.000000
257.874108	432.000000
257.886608	432.000000
257.899108	432.000000
257.911608	432.000000
257.924108	432.000000
257.936608	432.000000
257.949108	432.000000
257.961608	432.000000
257.974109	432.000000
257.986605	432.000000
257.999105	432.000000
258.011605	432.000000
258.024105	432.000000
258.036605	432.000000
258.049105	432.000000
258.061606	432.000000
258.074106	432.000000
258.086606	432.000000
258.099106	432.000000
258.111606	432.000000
258.124106	432.000000
258.136606	432.000000
258.149106	432.000000
258.161606	432.000000
258.174106	432.000000
258.186607	432.000000
258.199107	432.000000
258.211607	432.000000
258.224107	432.000000
258.236607	432.000000
258.249107	432.000000
258.261607	432.000000
258.274107	432.000000
258.286607	432.000000
258.299107	432.000000
258.311607	432.000000
258.324108	432.000000
258.336608	432.000000
258.349108	432.000000
258.361608	432.000000
258.374108	432.000000
258.386608	432.000000
258.399108	432.000000
258.411608	432.000000
258.424108	432.000000
258.436608	432.000000
258.449105	432.000000
258.461605	432.000000
258.474105	432.000000
258.486605	432.000000
258.499105	432.000000
258.511605	432.000000
258.524105	432.000000
258.536606	432.000000
258.549106	432.000000
258.561606	432.000000
258.574106	432.000000
258.586606	432.000000
258.599106	432.000000
258.611606	432.000000
258.624106	432.000000
258.636606	432.000000
258.649106	432.000000
258.661606	432.000000
258.674107	432.000000
258.686607	432.000000
258.699107	432.000000
258.711607	432.000000
258.724107	432.000000
258.736607	432.000000
258.749107	432.000000
258.761607	432.000000
258.774107	432.000000
258.786607	432.000000
258.799108	432.000000
258.811608	432.000000
258.824108	432.000000
258.836608	432.000000
258.849108	432.000000
258.861608	432.000000
258.874108	432.000000
258.886608	432.000000
258.899108	432.000000
258.911608	432.000000
258.924108	432.000000
258.936605	432.000000
258.949105	432.000000
258.961605	432.000000
258.974105	432.000000
258.986605	432.000000
258.999105	432.000000
259.011606	432.000000
259.024106	432.000000
259.036606	432.000000
259.049106	432.000000
259.061606	432.000000
259.074106	432.000000
259.086606	432.000000
259.099106	432.000000
259.111606	432.000000
259.124106	432.000000
259.136606	432.000000
259.149107	432.000000
259.161607	432.000000
259.174107	432.000000
259.186607	432.000000
259.199107	432.000000
259.211607	432.000000
259.224107	432.000000
259.236607	432.000000
259.249107	432.000000
259.261607	432.000000
259.274108	432.000000
259.286608	432.000000
259.299108	432.000000
259.311608	432.000000
259.324108	432.000000
259.336608	432.000000
259.349108	432.000000
259.361608	432.000000
259.374108	432.000000
259.386608	432.000000
259.399105	432.000000
259.411605	432.000000
259.424105	432.000000
259.436605	432.000000
259.449105	432.000000
259.461605	432.000000
259.474105	432.000000
259.486606	432.000000
259.499106	432.000000
259.511606	432.000000
259.524106	432.000000
259.536606	432.000000
259.549106	432.000000
259.561606	432.000000
259.574106	432.000000
259.586606	432.000000
259.599106	432.000000
259.611606	432.000000
259.624107	432.000000
259.636607	432.000000
259.649107	432.000000
259.661607	432.000000
259.674107	432.000000
259.686607	432.000000
259.699107	432.000000
259.711607	432.000000
259.724107	432.000000
259.736607	432.000000
259.749107	432.000000
259.761608	432.000000
259.774108	432.000000
259.786608	432.000000
259.799108	432.000000
259.811608	432.000000
259.824108	432.000000
259.836608	432.000000
259.849108	432.000000
259.861608	432.000000
259.874108	432.000000
259.886609	432.000000
259.899105	432.000000
259.911605	432.000000
259.924105	432.000000
259.936605	432.000000
259.949105	432.000000
259.961605	432.000000
259.974106	432.000000
259.986606	432.000000
259.999106	432.000000
260.011606	432.000000
260.024106	432.000000
260.036606	432.000000
260.049106	432.000000
260.061606	432.000000
260.074106	432.000000
260.086606	432.000000
260.099107	432.000000
260.111607	432.000000
260.124107	432.000000
260.136607	432.000000
260.149107	432.000000
260.161607	432.000000
260.174107	432.000000
260.186607	432.000000
260.199107	432.000000
260.211607	432.000000
260.224107	432.000000
260.236608	432.000000
260.249108	432.000000
260.261608	432.000000
260.274108	432.000000
260.286608	432.000000
260.299108	432.000000
260.311608	432.000000
260.324108	432.000000
260.336608	432.000000
260.349108	432.000000
260.361605	432.000000
260.374105	432.000000
260.386605	432.000000
260.399105	432.000000
260.411605	432.000000
260.424105	432.000000
260.436605	432.000000
260.449106	432.000000
260.461606	432.000000
260.474106	432.000000
260.486606	432.000000
260.499106	432.000000
260.511606	432.000000
260.524106	432.000000
260.536606	432.000000
260.549106	432.000000
260.561606	432.000000
260.574107	432.000000
260.586607	432.000000
260.599107	432.000000
260.611607	432.000000
260.624107	432.000000
260.636607	432.000000
260.649107	432.000000
260.661607	432.000000
260.674107	432.000000
260.686607	432.000000
260.699107	432.000000
260.711608	432.000000
260.724108	432.000000
260.736608	432.000000
260.749108	432.000000
260.761608	432.000000
260.774108	432.000000
260.786608	432.000000
260.799108	432.000000
260.811608	432.000000
260.824108	432.000000
260.836609	432.000000
260.849105	432.000000
260.861605	432.000000
260.874105	432.000000
260.886605	432.000000
260.899105	432.000000
260.911605	432.000000
260.924106	432.000000
260.936606	432.000000
260.949106	432.000000
260.961606	432.000000
260.974106	432.000000
260.986606	432.000000
260.999106	432.000000
261.011606	432.000000
261.024106	432.000000
261.036606	432.000000
261.049106	432.000000
261.061607	432.000000
261.074107	432.000000
261.086607	432.000000
261.099107	432.000000
261.111607	432.000000
261.124107	432.000000
261.136607	432.000000
261.149107	432.000000
261.161607	432.000000
261.174107	432.000000
261.186608	432.000000
261.199108	432.000000
261.211608	432.000000
261.224108	432.000000
261.236608	432.000000
261.249108	432.000000
261.261608	432.000000
261.274108	432.000000
261.286608	432.000000
261.299108	432.000000
261.311605	432.000000
261.324105	432.000000
261.336605	432.000000
261.349105	432.000000
261.361605	432.000000
261.374105	432.000000
261.386605	432.000000
261.399106	432.000000
261.411606	432.000000
261.424106	432.000000
261.436606	432.000000
261.449106	432.000000
261.461606	432.000000
261.474106	432.000000
261.486606	432.000000
261.499106	432.000000
261.511606	432.000000
261.524106	432.000000
261.536607	432.000000
261.549107	432.000000
261.561607	432.000000
261.574107	432.000000
261.586607	432.000000
261.599107	432.000000
261.611607	432.000000
261.624107	432.000000
261.636607	432.000000
261.649107	432.000000
261.661608	432.000000
261.674108	432.000000
261.686608	432.000000
261.699108	432.000000
261.711608	432.000000
261.724108	432.000000
261.736608	432.000000
261.749108	432.000000
261.761608	432.000000
261.774108	432.000000
261.786608	432.000000
261.799105	432.000000
261.811605	432.000000
261.824105	432.000000
261.836605	432.000000
261.849105	432.000000
261.861605	432.000000
261.874105	432.000000
261.886606	432.000000
261.899106	432.000000
261.911606	432.000000
261.924106	432.000000
261.936606	432.000000
261.949106	432.000000
261.961606	432.000000
261.974106	432.000000
261.986606	432.000000
261.999106	432.000000
262.011607	432.000000
262.024107	432.000000
262.036607	432.000000
262.049107	432.000000
262.061607	432.000000
262.074107	432.000000
262.086607	432.000000
262.099107	432.000000
262.111607	432.000000
262.124107	432.000000
262.136607	432.000000
262.149108	432.000000
262.161608	432.000000
262.174108	432.000000
262.186608	432.000000
262.199108	432.000000
262.211608	432.000000
262.224108	432.000000
262.236608	432.000000
262.249108	432.000000
262.261605	432.000000
262.274105	432.000000
262.286605	432.000000
262.299105	432.000000
262.311605	432.000000
262.324105	432.000000
262.336605	432.000000
262.349105	432.000000
262.361606	432.000000
262.374106	432.000000
262.386606	432.000000
262.399106	432.000000
262.411606	432.000000
262.424106	432.000000
262.436606	432.000000
262.449106	432.000000
262.461606	432.000000
262.474106	432.000000
262.486607	432.000000
262.499107	432.000000
262.511607	432.000000
262.524107	432.000000
262.536607	432.000000
262.549107	432.000000
262.561607	432.000000
262.574107	432.000000
262.586607	432.000000
262.599107	432.000000
262.611607	432.000000
262.624108	432.000000
262.636608	432.000000
262.649108	432.000000
262.661608	432.000000
262.674108	432.000000
262.686608	432.000000
262.699108	432.000000
262.711608	432.000000
262.724108	432.000000
262.736608	432.000000
262.749109	432.000000
262.761605	432.000000
262.774105	432.000000
262.786605	432.000000
262.799105	432.000000
262.811605	432.000000
262.824105	432.000000
262.836606	432.000000
262.849106	432.000000
262.861606	432.000000
262.874106	432.000000
262.886606	432.000000
262.899106	432.000000
262.911606	432.000000
262.924106	432.000000
262.936606	432.000000
262.949106	432.000000
262.961606	432.000000
262.974107	432.000000
262.986607	432.000000
262.999107	432.000000
263.011607	432.000000
263.024107	432.000000
263.036607	432.000000
263.049107	432.000000
263.061607	432.000000
263.074107	432.000000
263.086607	432.000000
263.099108	432.000000
263.111608	432.000000
263.124108	432.000000
263.136608	432.000000
263.149108	432.000000
263.161608	432.000000
263.174108	432.000000
263.186608	432.000000
263.199108	432.000000
263.211608	432.000000
263.224105	432.000000
263.236605	432.000000
263.249105	432.000000
263.261605	432.000000
263.274105	432.000000
263.286605	432.000000
263.299105	432.000000
263.311606	432.000000
263.324106	432.000000
263.336606	432.000000
263.349106	432.000000
263.361606	432.000000
263.374106	432.000000
263.386606	432.000000
263.399106	432.000000
263.411606	432.000000
263.424106	432.000000
263.436606	432.000000
263.449107	432.000000
263.461607	432.000000
263.474107	432.000000
263.486607	432.000000
263.499107	432.000000
263.511607	432.000000
263.524107	432.000000
263.536607	432.000000
263.549107	432.000000
263.561607	432.000000
263.574108	432.000000
263.586608	432.000000
263.599108	432.000000
263.611608	432.000000
263.624108	432.000000
263.636608	432.000000
263.649108	432.000000
263.661608	432.000000
263.674108	432.000000
263.686608	432.000000
263.699108	432.000000
263.711605	432.000000
263.724105	432.000000
263.736605	432.000000
263.749105	432.000000
263.761605	432.000000
263.774105	432.000000
263.786606	432.000000
263.799106	432.000000
263.811606	432.000000
263.824106	432.000000
263.836606	432.000000
263.849106	432.000000
263.861606	432.000000
263.874106	432.000000
263.886606	432.000000
263.899106	432.000000
263.911606	432.000000
263.924107	432.000000
263.936607	432.000000
263.949107	432.000000
263.961607	432.000000
263.974107	432.000000
263.986607	432.000000
263.999107	432.000000
264.011607	432.000000
264.024107	432.000000
264.036607	432.000000
264.049107	432.000000
264.061608	432.000000
264.074108	432.000000
264.086608	432.000000
264.099108	432.000000
264.111608	432.000000
264.124108	432.000000
264.136608	432.000000
264.149108	432.000000
264.161608	432.000000
264.174105	432.000000
264.186605	432.000000
264.199105	432.000000
264.211605	432.000000
264.224105	432.000000
264.236605	432.000000
264.249105	432.000000
264.261605	432.000000
264.274106	432.000000
264.286606	432.000000
264.299106	432.000000
264.311606	432.000000
264.324106	432.000000
264.336606	432.000000
264.349106	432.000000
264.361606	432.000000
264.374106	432.000000
264.386606	432.000000
264.399107	432.000000
264.411607	432.000000
264.424107	432.000000
264.436607	432.000000
264.449107	432.000000
264.461607	432.000000
264.474107	432.000000
264.486607	432.000000
264.499107	432.000000
264.511607	432.000000
264.524107	432.000000
264.536608	432.000000
264.549108	432.000000
264.561608	432.000000
264.574108	432.000000
264.586608	432.000000
264.599108	432.000000
264.611608	432.000000
264.624108	432.000000
264.636608	432.000000
264.649108	432.000000
264.661609	432.000000
264.674105	432.000000
264.686605	432.000000
264.699105	432.000000
264.711605	432.000000
264.724105	432.000000
264.736605	432.000000
264.749106	432.000000
264.761606	432.000000
264.774106	432.000000
264.786606	432.000000
264.799106	432.000000
264.811606	432.000000
264.824106	432.000000
264.836606	432.000000
264.849106	432.000000
264.861606	432.000000
264.874107	432.000000
264.886607	432.000000
264.899107	432.000000
264.911607	432.000000
264.924107	432.000000
264.936607	432.000000
264.949107	432.000000
264.961607	432.000000
264.974107	432.000000
264.986607	432.000000
264.999107	432.000000
265.011608	432.000000
265.024108	432.000000
265.036608	432.000000
265.049108	432.000000
265.061608	432.000000
265.074108	432.000000
265.086608	432.000000
265.099108	432.000000
265.111608	432.000000
265.124108	432.000000
265.136605	432.000000
265.149105	432.000000
265.161605	432.000000
265.174105	432.000000
265.186605	432.000000
265.199105	432.000000
265.211605	432.000000
265.224106	432.000000
265.236606	432.000000
265.249106	432.000000
265.261606	432.000000
265.274106	432.000000
265.286606	432.000000
265.299106	432.000000
265.311606	432.000000
265.324106	432.000000
265.336606	432.000000
265.349106	432.000000
265.361607	432.000000
265.374107	432.000000
265.386607	432.000000
265.399107	432.000000
265.411607	432.000000
265.424107	432.000000
265.436607	432.000000
265.449107	432.000000
265.461607	432.000000
265.474107	432.000000
265.486608	432.000000
265.499108	432.000000
265.511608	432.000000
265.524108	432.000000
265.536608	432.000000
265.549108	432.000000
265.561608	432.000000
265.574108	432.000000
265.586608	432.000000
265.599108	432.000000
265.611608	432.000000
265.624105	432.000000
265.636605	432.000000
265.649105	432.000000
265.661605	432.000000
265.674105	432.000000
265.686605	432.000000
265.699106	432.000000
265.711606	432.000000
265.724106	432.000000
265.736606	432.000000
265.749106	432.000000
265.761606	432.000000
265.774106	432.000000
265.786606	432.000000
265.799106	432.000000
265.811606	432.000000
265.824106	432.000000
265.836607	432.000000
265.849107	432.000000
265.861607	432.000000
265.874107	432.000000
265.886607	432.000000
265.899107	432.000000
265.911607	432.000000
265.924107	432.000000
265.936607	432.000000
265.949107	432.000000
265.961608	432.000000
265.974108	432.000000
265.986608	432.000000
265.999108	432.000000
266.011608	432.000000
266.024108	432.000000
266.036608	432.000000
266.049108	432.000000
266.061608	432.000000
266.074108	432.000000
266.086605	432.000000
266.099105	432.000000
266.111605	432.000000
266.124105	432.000000
266.136605	432.000000
266.149105	432.000000
266.161605	432.000000
266.174105	432.000000
266.186606	432.000000
266.199106	432.000000
266.211606	432.000000
266.224106	432.000000
266.236606	432.000000
266.249106	432.000000
266.261606	432.000000
266.274106	432.000000
266.286606	432.000000
266.299106	432.000000
266.311607	432.000000
266.324107	432.000000
266.336607	432.000000
266.349107	432.000000
266.361607	432.000000
266.374107	432.000000
266.386607	432.000000
266.399107	432.000000
266.411607	432.000000
266.424107	432.000000
266.436607	432.000000
266.449108	432.000000
266.461608	432.000000
266.474108	432.000000
266.486608	432.000000
266.499108	432.000000
266.511608	432.000000
266.524108	432.000000
266.536608	432.000000
266.549108	432.000000
266.561608	432.000000
266.574109	432.000000
266.586605	432.000000
266.599105	432.000000
266.611605	432.000000
266.624105	432.000000
266.636605	432.000000
266.649105	432.000000
266.661606	432.000000
266.674106	432.000000
266.686606	432.000000
266.699106	432.000000
266.711606	432.000000
266.724106	432.000000
266.736606	432.000000
266.749106	432.000000
266.761606	432.000000
266.774106	432.000000
266.786607	432.000000
266.799107	432.000000
266.811607	432.000000
266.824107	432.000000
266.836607	432.000000
266.849107	432.000000
266.861607	432.000000
266.874107	432.000000
266.886607	432.000000
266.899107	432.000000
266.911607	432.000000
266.924108	432.000000
266.936608	432.000000
266.949108	432.000000
266.961608	432.000000
266.974108	432.000000
266.986608	432.000000
266.999108	432.000000
267.011608	432.000000
267.024108	432.000000
267.036608	432.000000
267.049105	432.000000
267.061605	432.000000
267.074105	432.000000
267.086605	432.000000
267.099105	432.000000
267.111605	432.000000
267.124105	432.000000
267.136606	432.000000
267.149106	432.000000
267.161606	432.000000
267.174106	432.000000
267.186606	432.000000
267.199106	432.000000
267.211606	432.000000
267.224106	432.000000
267.236606	432.000000
267.249106	432.000000
267.261606	432.000000
267.274107	432.000000
267.286607	432.000000
267.299107	432.000000
267.311607	432.000000
267.324107	432.000000
267.336607	432.000000
267.349107	432.000000
267.361607	432.000000
267.374107	432.000000
267.386607	432.000000
267.399108	432.000000
267.411608	432.000000
267.424108	432.000000
267.436608	432.000000
267.449108	432.000000
267.461608	432.000000
267.474108	432.000000
267.486608	432.000000
267.499108	432.000000
267.511608	432.000000
267.524108	432.000000
267.536605	432.000000
267.549105	432.000000
267.561605	432.000000
267.574105	432.000000
267.586605	432.000000
267.599105	432.000000
267.611606	432.000000
267.624106	432.000000
267.636606	432.000000
267.649106	432.000000
267.661606	432.000000
267.674106	432.000000
267.686606	432.000000
267.699106	432.000000
267.711606	432.000000
267.724106	432.000000
267.736606	432.000000
267.749107	432.000000
267.761607	432.000000
267.774107	432.000000
267.786607	432.000000
267.799107	432.000000
267.811607	432.000000
267.824107	432.000000
267.836607	432.000000
267.849107	432.000000
267.861607	432.000000
267.874108	432.000000
267.886608	432.000000
267.899108	432.000000
267.911608	432.000000
267.924108	432.000000
267.936608	432.000000
267.949108	432.000000
267.961608	432.000000
267.974108	432.000000
267.986608	432.000000
267.999105	432.000000
268.011605	432.000000
268.024105	432.000000
268.036605	432.000000
268.049105	432.000000
268.061605	432.000000
268.074105	432.000000
268.086606	432.000000
268.099106	432.000000
268.111606	432.000000
268.124106	432.000000
268.136606	432.000000
268.149106	432.000000
268.161606	432.000000
268.174106	432.000000
268.186606	432.000000
268.199106	432.000000
268.211606	432.000000
268.224107	432.000000
268.236607	432.000000
268.249107	432.000000
268.261607	432.000000
268.274107	432.000000
268.286607	432.000000
268.299107	432.000000
268.311607	432.000000
268.324107	432.000000
268.336607	432.000000
268.349108	432.000000
268.361608	432.000000
268.374108	432.000000
268.386608	432.000000
268.399108	432.000000
268.411608	432.000000
268.424108	432.000000
268.436608	432.000000
268.449108	432.000000
268.461608	432.000000
268.474108	432.000000
268.486609	432.000000
268.499105	432.000000
268.511605	432.000000
268.524105	432.000000
268.536605	432.000000
268.549105	432.000000
268.561605	432.000000
268.574106	432.000000
268.586606	432.000000
268.599106	432.000000
268.611606	432.000000
268.624106	432.000000
268.636606	432.000000
268.649106	432.000000
268.661606	432.000000
268.674106	432.000000
268.686606	432.000000
268.699107	432.000000
268.711607	432.000000
268.724107	432.000000
268.736607	432.000000
268.749107	432.000000
268.761607	432.000000
268.774107	432.000000
268.786607	432.000000
268.799107	432.000000
268.811607	432.000000
268.824107	432.000000
268.836608	432.000000
268.849108	432.000000
268.861608	432.000000
268.874108	432.000000
268.886608	432.000000
268.899108	432.000000
268.911608	432.000000
268.924108	432.000000
268.936608	432.000000
268.949108	432.000000
268.961605	432.000000
268.974105	432.000000
268.986605	432.000000
268.999105	432.000000
269.011605	432.000000
269.024105	432.000000
269.036605	432.000000
269.049106	432.000000
269.061606	432.000000
269.074106	432.000000
269.086606	432.000000
269.099106	432.000000
269.111606	432.000000
269.124106	432.000000
269.136606	432.000000
269.149106	432.000000
269.161606	432.000000
269.174107	432.000000
269.186607	432.000000
269.199107	432.000000
269.211607	432.000000
269.224107	432.000000
269.236607	432.000000
269.249107	432.000000
269.261607	432.000000
269.274107	432.000000
269.286607	432.000000
269.299107	432.000000
269.311608	432.000000
269.324108	432.000000
269.336608	432.000000
269.349108	432.000000
269.361608	432.000000
269.374108	432.000000
269.386608	432.000000
269.399108	432.000000
269.411608	432.000000
269.424108	432.000000
269.436609	432.000000
269.449105	432.000000
269.461605	432.000000
269.474105	432.000000
269.486605	432.000000
269.499105	432.000000
269.511605	432.000000
269.524106	432.000000
269.536606	432.000000
269.549106	432.000000
269.561606	432.000000
269.574106	432.000000
269.586606	432.000000
269.599106	432.000000
269.611606	432.000000
269.624106	432.000000
269.636606	432.000000
269.649106	432.000000
269.661607	432.000000
269.674107	432.000000
269.686607	432.000000
269.699107	432.000000
269.711607	432.000000
269.724107	432.000000
269.736607	432.000000
269.749107	432.000000
269.761607	432.000000
269.774107	432.000000
269.786608	432.000000
269.799108	432.000000
269.811608	432.000000
269.824108	432.000000
269.836608	432.000000
269.849108	432.000000
269.861608	432.000000
269.874108	432.000000
269.886608	432.000000
269.899108	432.000000
269.911605	432.000000
269.924105	432.000000
269.936605	432.000000
269.949105	432.000000
269.961605	432.000000
269.974105	432.000000
269.986605	432.000000
269.999106	432.000000
270.011606	432.000000
270.024106	432.000000
270.036606	432.000000
270.049106	432.000000
270.061606	432.000000
270.074106	432.000000
270.086606	432.000000
270.099106	432.000000
270.111606	432.000000
270.124106	432.000000
270.136607	432.000000
270.149107	432.000000
270.161607	432.000000
270.174107	432.000000
270.186607	432.000000
270.199107	432.000000
270.211607	432.000000
270.224107	432.000000
270.236607	432.000000
270.249107	432.000000
270.261608	432.000000
270.274108	432.000000
270.286608	432.000000
270.299108	432.000000
270.311608	432.000000
270.324108	432.000000
270.336608	432.000000
270.349108	432.000000
270.361608	432.000000
270.374108	432.000000
270.386608	432.000000
270.399105	432.000000
270.411605	432.000000
270.424105	432.000000
270.436605	432.000000
270.449105	432.000000
270.461605	432.000000
270.474105	432.000000
270.486606	432.000000
270.499106	432.000000
270.511606	432.000000
270.524106	432.000000
270.536606	432.000000
270.549106	432.000000
270.561606	432.000000
270.574106	432.000000
270.586606	432.000000
270.599106	432.000000
270.611607	432.000000
270.624107	432.000000
270.636607	432.000000
270.649107	432.000000
270.661607	432.000000
270.674107	432.000000
270.686607	432.000000
270.699107	432.000000
270.711607	432.000000
270.724107	432.000000
270.736607	432.000000
270.749108	432.000000
270.761608	432.000000
270.774108	432.000000
270.786608	432.000000
270.799108	432.000000
270.811608	432.000000
270.824108	432.000000
270.836608	432.000000
270.849108	432.000000
270.861605	432.000000
270.874105	432.000000
270.886605	432.000000
270.899105	432.000000
270.911605	432.000000
270.924105	432.000000
270.936605	432.000000
270.949105	432.000000
270.961606	432.000000
270.974106	432.000000
270.986606	432.000000
270.999106	432.000000
271.011606	432.000000
271.024106	432.000000
271.036606	432.000000
271.049106	432.000000
271.061606	432.000000
271.074106	432.000000
271.086607	432.000000
271.099107	432.000000
271.111607	432.000000
271.124107	432.000000
271.136607	432.000000
271.149107	432.000000
271.161607	432.000000
271.174107	432.000000
271.186607	432.000000
271.199107	432.000000
271.211607	432.000000
271.224108	432.000000
271.236608	432.000000
271.249108	432.000000
271.261608	432.000000
271.274108	432.000000
271.286608	432.000000
271.299108	432.000000
271.311608	432.000000
271.324108	432.000000
271.336608	432.000000
271.349109	432.000000
271.361605	448.000000
271.374105	464.000000
271.386605	464.000000
271.399105	480.000000
271.411605	496.000000
271.424105	512.000000
271.436606	512.000000
271.449106	528.000000
271.461606	528.000000
271.474106	528.000000
271.486606	528.000000
271.499106	528.000000
271.511606	512.000000
271.524106	512.000000
271.536606	496.000000
271.549106	496.000000
271.561606	496.000000
271.574107	480.000000
271.586607	480.000000
271.599107	464.000000
271.611607	464.000000
271.624107	464.000000
271.636607	464.000000
271.649107	464.000000
271.661607	448.000000
271.674107	448.000000
271.686607	448.000000
271.699108	448.000000
271.711608	448.000000
271.724108	448.000000
271.736608	448.000000
271.749108	448.000000
271.761608	448.000000
271.774108	448.000000
271.786608	448.000000
271.799108	448.000000
271.811608	448.000000
271.824105	448.000000
271.836605	448.000000
271.849105	448.000000
271.861605	448.000000
271.874105	448.000000
271.886605	432.000000
271.899105	432.000000
271.911606	432.000000
271.924106	432.000000
271.936606	432.000000
271.949106	432.000000
271.961606	432.000000
271.974106	432.000000
271.986606	432.000000
271.999106	432.000000
272.011606	432.000000
272.024106	432.000000
272.036606	432.000000
272.049107	432.000000
272.061607	432.000000
272.074107	432.000000
272.086607	432.000000
272.099107	432.000000
272.111607	432.000000
272.124107	432.000000
272.136607	432.000000
272.149107	432.000000
272.161607	432.000000
272.174108	432.000000
272.186608	432.000000
272.199108	432.000000
272.211608	432.000000
272.224108	432.000000
272.236608	432.000000
272.249108	432.000000
272.261608	432.000000
272.274108	432.000000
272.286608	432.000000
272.299108	432.000000
272.311605	432.000000
272.324105	432.000000
272.336605	432.000000
272.349105	432.000000
272.361605	464.000000
272.374105	496.000000
272.386606	576.000000
272.399106	672.000000
272.411606	784.000000
272.424106	880.000000
272.436606	960.000000
272.449106	1024.000000
272.461606	1088.000000
272.474106	1120.000000
272.486606	1120.000000
272.499106	1120.000000
272.511606	1088.000000
272.524107	1040.000000
272.536607	992.000000
272.549107	944.000000
272.561607	912.000000
272.574107	880.000000
272.586607	832.000000
272.599107	800.000000
272.611607	768.000000
272.624107	736.000000
272.636607	704.000000
272.649108	688.000000
272.661608	656.000000
272.674108	640.000000
272.686608	608.000000
272.699108	592.000000
272.711608	576.000000
272.724108	576.000000
272.736608	560.000000
272.749108	560.000000
272.761608	544.000000
272.774105	544.000000
272.786605	528.000000
272.799105	512.000000
272.811605	512.000000
272.824105	512.000000
272.836605	512.000000
272.849105	512.000000
272.861605	512.000000
272.874106	512.000000
272.886606	512.000000
272.899106	512.000000
272.911606	512.000000
272.924106	512.000000
272.936606	512.000000
272.949106	512.000000
272.961606	512.000000
272.974106	496.000000
272.986606	496.000000
272.999107	496.000000
273.011607	480.000000
273.024107	480.000000
273.036607	480.000000
273.049107	464.000000
273.061607	464.000000
273.074107	464.000000
273.086607	448.000000
273.099107	448.000000
273.111607	448.000000
273.124107	448.000000
273.136608	448.000000
273.149108	448.000000
273.161608	448.000000
273.174108	448.000000
273.186608	448.000000
273.199108	448.000000
273.211608	448.000000
273.224108	448.000000
273.236608	448.000000
273.249108	448.000000
273.261609	448.000000
273.274105	448.000000
273.286605	448.000000
273.299105	448.000000
273.311605	448.000000
273.324105	448.000000
273.336605	448.000000
273.349106	448.000000
273.361606	432.000000
273.374106	448.000000
273.386606	432.000000
273.399106	432.000000
273.411606	432.000000
273.424106	432.000000
273.436606	432.000000
273.449106	432.000000
273.461606	432.000000
273.474107	432.000000
273.486607	432.000000
273.499107	432.000000
273.511607	432.000000
273.524107	432.000000
273.536607	432.000000
273.549107	432.000000
273.561607	432.000000
273.574107	432.000000
273.586607	432.000000
273.599107	432.000000
273.611608	432.000000
273.624108	432.000000
273.636608	432.000000
273.649108	432.000000
273.661608	432.000000
273.674108	432.000000
273.686608	432.000000
273.699108	432.000000
273.711608	432.000000
273.724108	432.000000
273.736605	432.000000
273.749105	432.000000
273.761605	432.000000
273.774105	432.000000
273.786605	432.000000
273.799105	432.000000
273.811605	432.000000
273.824106	432.000000
273.836606	432.000000
273.849106	432.000000
273.861606	432.000000
273.874106	432.000000
273.886606	432.000000
273.899106	432.000000
273.911606	432.000000
273.924106	432.000000
273.936606	432.000000
273.949106	432.000000
273.961607	432.000000
273.974107	432.000000
273.986607	432.000000
273.999107	432.000000
274.011607	432.000000
274.024107	432.000000
274.036607	432.000000
274.049107	432.000000
274.061607	448.000000
274.074107	480.000000
274.086608	512.000000
274.099108	560.000000
274.111608	608.000000
274.124108	640.000000
274.136608	672.000000
274.149108	704.000000
274.161608	720.000000
274.174108	720.000000
274.186608	720.000000
274.199108	704.000000
274.211608	688.000000
274.224105	672.000000
274.236605	656.000000
274.249105	640.000000
274.261605	608.000000
274.274105	592.000000
274.286605	576.000000
274.299106	560.000000
274.311606	544.000000
274.324106	528.000000
274.336606	512.000000
274.349106	512.000000
274.361606	496.000000
274.374106	496.000000
274.386606	496.000000
274.399106	480.000000
274.411606	480.000000
274.424106	480.000000
274.436607	480.000000
274.449107	480.000000
274.461607	464.000000
274.474107	464.000000
274.486607	464.000000
274.499107	464.000000
274.511607	464.000000
274.524107	464.000000
274.536607	448.000000
274.549107	448.000000
274.561608	448.000000
274.574108	448.000000
274.586608	448.000000
274.599108	448.000000
274.611608	448.000000
274.624108	448.000000
274.636608	448.000000
274.649108	464.000000
274.661608	464.000000
274.674108	464.000000
274.686605	464.000000
274.699105	480.000000
274.711605	480.000000
274.724105	480.000000
274.736605	480.000000
274.749105	480.000000
274.761605	464.000000
274.774105	464.000000
274.786606	464.000000
274.799106	464.000000
274.811606	464.000000
274.824106	464.000000
274.836606	448.000000
274.849106	448.000000
274.861606	448.000000
274.874106	448.000000
274.886606	448.000000
274.899106	448.000000
274.911607	448.000000
274.924107	448.000000
274.936607	448.000000
274.949107	464.000000
274.961607	512.000000
274.974107	720.000000
274.986607	1040.000000
274.999107	1408.000000
275.011607	1824.000000
275.024107	2224.000000
275.036607	2592.000000
275.049108	2912.000000
275.061608	3152.000000
275.074108	3296.000000
275.086608	3360.000000
275.099108	3360.000000
275.111608	3264.000000
275.124108	3136.000000
275.136608	2960.000000
275.149108	2752.000000
275.161608	2512.000000
275.174109	2272.000000
275.186605	2048.000000
275.199105	1856.000000
275.211605	1680.000000
275.224105	1520.000000
275.236605	1392.000000
275.249105	1280.000000
275.261606	1184.000000
275.274106	1104.000000
275.286606	1040.000000
275.299106	976.000000
275.311606	944.000000
275.324106	912.000000
275.336606	880.000000
275.349106	864.000000
275.361606	832.000000
275.374106	816.000000
275.386607	784.000000
275.399107	768.000000
275.411607	752.000000
275.424107	720.000000
275.436607	704.000000
275.449107	688.000000
275.461607	672.000000
275.474107	656.000000
275.486607	640.000000
275.499107	608.000000
275.511607	592.000000
275.524108	592.000000
275.536608	576.000000
275.549108	560.000000
275.561608	544.000000
275.574108	544.000000
275.586608	528.000000
275.599108	512.000000
275.611608	512.000000
275.624108	512.000000
275.636608	496.000000
275.649105	496.000000
275.661605	496.000000
275.674105	480.000000
275.686605	480.000000
275.699105	480.000000
275.711605	480.000000
275.724105	480.000000
275.736606	480.000000
275.749106	464.000000
275.761606	464.000000
275.774106	464.000000
275.786606	464.000000
275.799106	464.000000
275.811606	464.000000
275.824106	464.000000
275.836606	464.000000
275.849106	464.000000
275.861606	464.000000
275.874107	464.000000
275.886607	448.000000
275.899107	448.000000
275.911607	448.000000
275.924107	448.000000
275.936607	448.000000
275.949107	448.000000
275.961607	448.000000
275.974107	448.000000
275.986607	432.000000
275.999108	448.000000
276.011608	448.000000
276.024108	448.000000
276.036608	432.000000
276.049108	432.000000
276.061608	448.000000
276.074108	432.000000
276.086608	432.000000
276.099108	432.000000
276.111608	432.000000
276.124108	432.000000
276.136605	432.000000
276.149105	432.000000
276.161605	432.000000
276.174105	432.000000
276.186605	432.000000
276.199105	432.000000
276.211606	432.000000
276.224106	432.000000
276.236606	432.000000
276.249106	432.000000
276.261606	432.000000
276.274106	432.000000
276.286606	432.000000
276.299106	432.000000
276.311606	432.000000
276.324106	432.000000
276.336606	432.000000
276.349107	432.000000
276.361607	432.000000
276.374107	432.000000
276.386607	432.000000
276.399107	432.000000
276.411607	432.000000
276.424107	432.000000
276.436607	432.000000
276.449107	432.000000
276.461607	432.000000
276.474108	432.000000
276.486608	432.000000
276.499108	432.000000
276.511608	432.000000
276.524108	432.000000
276.536608	432.000000
276.549108	432.000000
276.561608	432.000000
276.574108	432.000000
276.586608	432.000000
276.599105	432.000000
276.611605	432.000000
276.624105	432.000000
276.636605	432.000000
276.649105	432.000000
276.661605	432.000000
276.674105	448.000000
276.686606	480.000000
276.699106	512.000000
276.711606	544.000000
276.724106	576.000000
276.736606	608.000000
276.749106	624.000000
276.761606	640.000000
276.774106	656.000000
276.786606	656.000000
276.799106	640.000000
276.811606	640.000000
276.824107	624.000000
276.836607	624.000000
276.849107	608.000000
276.861607	608.000000
276.874107	608.000000
276.886607	608.000000
276.899107	624.000000
276.911607	624.000000
276.924107	640.000000
276.936607	640.000000
276.949108	640.000000
276.961608	624.000000
276.974108	624.000000
276.986608	608.000000
276.999108	592.000000
277.011608	592.000000
277.024108	576.000000
277.036608	560.000000
277.049108	544.000000
277.061608	544.000000
277.074108	528.000000
277.086609	512.000000
277.099105	512.000000
277.111605	496.000000
277.124105	496.000000
277.136605	496.000000
277.149105	480.000000
277.161605	480.000000
277.174106	480.000000
277.186606	480.000000
277.199106	464.000000
277.211606	464.000000
277.224106	464.000000
277.236606	464.000000
277.249106	464.000000
277.261606	464.000000
277.274106	464.000000
277.286606	464.000000
277.299107	448.000000
277.311607	448.000000
277.324107	448.000000
277.336607	448.000000
277.349107	448.000000
277.361607	448.000000
277.374107	448.000000
277.386607	448.000000
277.399107	432.000000
277.411607	432.000000
277.424107	432.000000
277.436608	448.000000
277.449108	448.000000
277.461608	432.000000
277.474108	448.000000
277.486608	432.000000
277.499108	448.000000
277.511608	448.000000
277.524108	432.000000
277.536608	448.000000
277.549108	432.000000
277.561605	448.000000
277.574105	432.000000
277.586605	432.000000
277.599105	432.000000
277.611605	432.000000
277.624105	432.000000
277.636605	432.000000
277.649106	432.000000
277.661606	432.000000
277.674106	432.000000
277.686606	432.000000
277.699106	432.000000
277.711606	432.000000
277.724106	432.000000
277.736606	432.000000
277.749106	432.000000
277.761606	432.000000
277.774107	432.000000
277.786607	432.000000
277.799107	432.000000
277.811607	432.000000
277.824107	432.000000
277.836607	432.000000
277.849107	432.000000
277.861607	432.000000
277.874107	432.000000
277.886607	432.000000
277.899107	432.000000
277.911608	432.000000
277.924108	432.000000
277.936608	432.000000
277.949108	432.000000
277.961608	432.000000
277.974108	432.000000
277.986608	432.000000
277.999108	432.000000
278.011608	432.000000
278.024108	432.000000
278.036609	432.000000
278.049105	432.000000
278.061605	432.000000
278.074105	432.000000
278.086605	432.000000
278.099105	432.000000
278.111605	432.000000
278.124106	432.000000
278.136606	432.000000
278.149106	432.000000
278.161606	432.000000
278.174106	432.000000
278.186606	432.000000
278.199106	432.000000
278.211606	432.000000
278.224106	432.000000
278.236606	432.000000
278.249106	432.000000
278.261607	432.000000
278.274107	432.000000
278.286607	432.000000
278.299107	432.000000
278.311607	432.000000
278.324107	432.000000
278.336607	432.000000
278.349107	432.000000
278.361607	432.000000
278.374107	448.000000
278.386608	464.000000
278.399108	480.000000
278.411608	512.000000
278.424108	528.000000
278.436608	560.000000
278.449108	560.000000
278.461608	576.000000
278.474108	576.000000
278.486608	576.000000
278.499108	576.000000
278.511605	576.000000
278.524105	576.000000
278.536605	560.000000
278.549105	544.000000
278.561605	544.000000
278.574105	528.000000
278.586605	512.000000
278.599106	512.000000
278.611606	496.000000
278.624106	496.000000
278.636606	480.000000
278.649106	480.000000
278.661606	464.000000
278.674106	464.000000
278.686606	464.000000
278.699106	464.000000
278.711606	464.000000
278.724106	464.000000
278.736607	464.000000
278.749107	448.000000
278.761607	448.000000
278.774107	448.000000
278.786607	448.000000
278.799107	448.000000
278.811607	448.000000
278.824107	448.000000
278.836607	448.000000
278.849107	448.000000
278.861608	432.000000
278.874108	432.000000
278.886608	432.000000
278.899108	448.000000
278.911608	448.000000
278.924108	432.000000
278.936608	448.000000
278.949108	448.000000
278.961608	448.000000
278.974108	448.000000
278.986608	464.000000
278.999105	464.000000
279.011605	480.000000
279.024105	480.000000
279.036605	480.000000
279.049105	480.000000
279.061605	480.000000
279.074105	480.000000
279.086606	480.000000
279.099106	480.000000
279.111606	480.000000
279.124106	480.000000
279.136606	464.000000
279.149106	464.000000
279.161606	464.000000
279.174106	464.000000
279.186606	464.000000
279.199106	448.000000
279.211607	448.000000
279.224107	448.000000
279.236607	448.000000
279.249107	448.000000
279.261607	448.000000
279.274107	432.000000
279.286607	432.000000
279.299107	432.000000
279.311607	432.000000
279.324107	432.000000
279.336607	432.000000
279.349108	432.000000
279.361608	432.000000
279.374108	448.000000
279.386608	432.000000
279.399108	432.000000
279.411608	432.000000
279.424108	448.000000
279.436608	448.000000
279.449108	432.000000
279.461605	432.000000
279.474105	432.000000
279.486605	432.000000
279.499105	432.000000
279.511605	432.000000
279.524105	432.000000
279.536605	432.000000
279.549105	432.000000
279.561606	432.000000
279.574106	432.000000
279.586606	432.000000
279.599106	432.000000
279.611606	432.000000
279.624106	432.000000
279.636606	432.000000
279.649106	432.000000
279.661606	432.000000
279.674106	432.000000
279.686607	432.000000
279.699107	432.000000
279.711607	432.000000
279.724107	432.000000
279.736607	432.000000
279.749107	432.000000
279.761607	432.000000
279.774107	432.000000
279.786607	432.000000
279.799107	432.000000
279.811607	432.000000
279.824108	432.000000
279.836608	432.000000
279.849108	432.000000
279.861608	432.000000
279.874108	432.000000
279.886608	432.000000
279.899108	432.000000
279.911608	432.000000
279.924108	432.000000
279.936608	432.000000
279.949109	432.000000
279.961605	432.000000
279.974105	432.000000
279.986605	432.000000
279.999105	432.000000
280.011605	432.000000
280.024105	432.000000
280.036606	432.000000
280.049106	432.000000
280.061606	432.000000
280.074106	432.000000
280.086606	432.000000
280.099106	432.000000
280.111606	432.000000
280.124106	432.000000
280.136606	432.000000
280.149106	432.000000
280.161606	432.000000
280.174107	432.000000
280.186607	432.000000
280.199107	432.000000
280.211607	432.000000
280.224107	432.000000
280.236607	432.000000
280.249107	432.000000
280.261607	432.000000
280.274107	432.000000
280.286607	432.000000
280.299108	432.000000
280.311608	432.000000
280.324108	432.000000
280.336608	432.000000
280.349108	432.000000
280.361608	432.000000
280.374108	432.000000
280.386608	432.000000
280.399108	432.000000
280.411608	432.000000
280.424105	432.000000
280.436605	432.000000
280.449105	432.000000
280.461605	432.000000
280.474105	432.000000
280.486605	432.000000
280.499105	432.000000
280.511606	432.000000
280.524106	432.000000
280.536606	432.000000
280.549106	432.000000
280.561606	432.000000
280.574106	432.000000
280.586606	432.000000
280.599106	432.000000
280.611606	432.000000
280.624106	432.000000
280.636606	432.000000
280.649107	432.000000
280.661607	432.000000
280.674107	432.000000
280.686607	432.000000
280.699107	432.000000
280.711607	432.000000
280.724107	432.000000
280.736607	432.000000
280.749107	432.000000
280.761607	432.000000
280.774108	432.000000
280.786608	432.000000
280.799108	432.000000
280.811608	432.000000
280.824108	432.000000
280.836608	432.000000
280.849108	432.000000
280.861608	432.000000
280.874108	432.000000
280.886608	432.000000
280.899108	432.000000
280.911605	432.000000
280.924105	432.000000
280.936605	432.000000
280.949105	432.000000
280.961605	432.000000
280.974105	432.000000
280.986606	432.000000
280.999106	432.000000
281.011606	432.000000
281.024106	432.000000
281.036606	432.000000
281.049106	432.000000
281.061606	432.000000
281.074106	432.000000
281.086606	432.000000
281.099106	432.000000
281.111606	432.000000
281.124107	432.000000
281.136607	432.000000
281.149107	432.000000
281.161607	432.000000
281.174107	432.000000
281.186607	432.000000
281.199107	432.000000
281.211607	432.000000
281.224107	432.000000
281.236607	432.000000
281.249108	432.000000
281.261608	432.000000
281.274108	432.000000
281.286608	432.000000
281.299108	432.000000
281.311608	432.000000
281.324108	432.000000
281.336608	432.000000
281.349108	432.000000
281.361608	432.000000
281.374105	432.000000
281.386605	432.000000
281.399105	432.000000
281.411605	432.000000
281.424105	432.000000
281.436605	432.000000
281.449105	432.000000
281.461605	432.000000
281.474106	432.000000
281.486606	432.000000
281.499106	432.000000
281.511606	432.000000
281.524106	432.000000
281.536606	432.000000
281.549106	432.000000
281.561606	432.000000
281.574106	432.000000
281.586606	432.000000
281.599107	432.000000
281.611607	432.000000
281.624107	432.000000
281.636607	432.000000
281.649107	432.000000
281.661607	432.000000
281.674107	432.000000
281.686607	432.000000
281.699107	432.000000
281.711607	432.000000
281.724107	432.000000
281.736608	432.000000
281.749108	432.000000
281.761608	432.000000
281.774108	432.000000
281.786608	432.000000
281.799108	432.000000
281.811608	432.000000
281.824108	432.000000
281.836608	432.000000
281.849108	432.000000
281.861609	432.000000
281.874105	432.000000
281.886605	432.000000
281.899105	432.000000
281.911605	432.000000
281.924105	432.000000
281.936605	432.000000
281.949106	432.000000
281.961606	432.000000
281.974106	432.000000
281.986606	432.000000
281.999106	432.000000
282.011606	432.000000
282.024106	432.000000
282.036606	432.000000
282.049106	432.000000
282.061606	432.000000
282.074107	432.000000
282.086607	432.000000
282.099107	432.000000
282.111607	432.000000
282.124107	432.000000
282.136607	432.000000
282.149107	432.000000
282.161607	432.000000
282.174107	432.000000
282.186607	432.000000
282.199107	432.000000
282.211608	432.000000
282.224108	432.000000
282.236608	432.000000
282.249108	432.000000
282.261608	432.000000
282.274108	432.000000
282.286608	432.000000
282.299108	432.000000
282.311608	432.000000
282.324108	432.000000
282.336605	432.000000
282.349105	432.000000
282.361605	432.000000
282.374105	432.000000
282.386605	432.000000
282.399105	432.000000
282.411605	432.000000
282.424106	432.000000
282.436606	432.000000
282.449106	432.000000
282.461606	432.000000
282.474106	432.000000
282.486606	432.000000
282.499106	432.000000
282.511606	432.000000
282.524106	432.000000
282.536606	432.000000
282.549106	432.000000
282.561607	432.000000
282.574107	432.000000
282.586607	432.000000
282.599107	432.000000
282.611607	432.000000
282.624107	432.000000
282.636607	432.000000
282.649107	432.000000
282.661607	432.000000
282.674107	432.000000
282.686608	432.000000
282.699108	432.000000
282.711608	432.000000
282.724108	432.000000
282.736608	432.000000
282.749108	432.000000
282.761608	432.000000
282.774108	432.000000
282.786608	432.000000
282.799108	432.000000
282.811608	432.000000
282.824105	432.000000
282.836605	432.000000
282.849105	432.000000
282.861605	432.000000
282.874105	432.000000
282.886605	432.000000
282.899106	432.000000
282.911606	432.000000
282.924106	432.000000
282.936606	432.000000
282.949106	432.000000
282.961606	432.000000
282.974106	432.000000
282.986606	432.000000
282.999106	432.000000
283.011606	432.000000
283.024106	432.000000
283.036607	432.000000
283.049107	432.000000
283.061607	432.000000
283.074107	432.000000
283.086607	432.000000
283.099107	432.000000
283.111607	432.000000
283.124107	432.000000
283.136607	432.000000
283.149107	432.000000
283.161608	432.000000
283.174108	432.000000
283.186608	432.000000
283.199108	432.000000
283.211608	432.000000
283.224108	432.000000
283.236608	432.000000
283.249108	432.000000
283.261608	432.000000
283.274108	432.000000
283.286605	432.000000
283.299105	432.000000
283.311605	432.000000
283.324105	432.000000
283.336605	432.000000
283.349105	432.000000
283.361605	432.000000
283.374105	432.000000
283.386606	432.000000
283.399106	432.000000
283.411606	432.000000
283.424106	432.000000
283.436606	432.000000
283.449106	432.000000
283.461606	432.000000
283.474106	432.000000
283.486606	432.000000
283.499106	432.000000
283.511607	432.000000
283.524107	432.000000
283.536607	432.000000
283.549107	432.000000
283.561607	432.000000
283.574107	432.000000
283.586607	432.000000
283.599107	432.000000
283.611607	432.000000
283.624107	432.000000
283.636607	432.000000
283.649108	432.000000
283.661608	432.000000
283.674108	432.000000
283.686608	432.000000
283.699108	432.000000
283.711608	432.000000
283.724108	432.000000
283.736608	432.000000
283.749108	432.000000
283.761608	432.000000
283.774109	432.000000
283.786605	432.000000
283.799105	432.000000
283.811605	432.000000
283.824105	432.000000
283.836605	432.000000
283.849105	432.000000
283.861606	432.000000
283.874106	432.000000
283.886606	432.000000
283.899106	432.000000
283.911606	432.000000
283.924106	432.000000
283.936606	432.000000
283.949106	432.000000
283.961606	432.000000
283.974106	432.000000
283.986607	432.000000
283.999107	432.000000
284.011607	432.000000
284.024107	432.000000
284.036607	432.000000
284.049107	432.000000
284.061607	432.000000
284.074107	432.000000
284.086607	432.000000
284.099107	432.000000
284.111607	432.000000
284.124108	432.000000
284.136608	432.000000
284.149108	432.000000
284.161608	432.000000
284.174108	432.000000
284.186608	432.000000
284.199108	432.000000
284.211608	432.000000
284.224108	432.000000
284.236608	432.000000
284.249105	432.000000
284.261605	432.000000
284.274105	432.000000
284.286605	432.000000
284.299105	432.000000
284.311605	432.000000
284.324105	432.000000
284.336606	432.000000
284.349106	432.000000
284.361606	432.000000
284.374106	432.000000
284.386606	432.000000
284.399106	432.000000
284.411606	432.000000
284.424106	432.000000
284.436606	432.000000
284.449106	432.000000
284.461606	432.000000
284.474107	432.000000
284.486607	432.000000
284.499107	432.000000
284.511607	432.000000
284.524107	432.000000
284.536607	432.000000
284.549107	432.000000
284.561607	432.000000
284.574107	432.000000
284.586607	432.000000
284.599108	432.000000
284.611608	432.000000
284.624108	432.000000
284.636608	432.000000
284.649108	432.000000
284.661608	432.000000
284.674108	432.000000
284.686608	432.000000
284.699108	432.000000
284.711608	432.000000
284.724108	432.000000
284.736605	432.000000
284.749105	432.000000
284.761605	432.000000
284.774105	432.000000
284.786605	432.000000
284.799105	432.000000
284.811606	432.000000
284.824106	432.000000
284.836606	432.000000
284.849106	432.000000
284.861606	432.000000
284.874106	432.000000
284.886606	432.000000
284.899106	432.000000
284.911606	432.000000
284.924106	432.000000
284.936606	432.000000
284.949107	432.000000
284.961607	432.000000
284.974107	432.000000
284.986607	432.000000
284.999107	432.000000
285.011607	432.000000
285.024107	432.000000
285.036607	432.000000
285.049107	432.000000
285.061607	432.000000
285.074108	432.000000
285.086608	432.000000
285.099108	432.000000
285.111608	432.000000
285.124108	432.000000
285.136608	432.000000
285.149108	432.000000
285.161608	432.000000
285.174108	432.000000
285.186608	432.000000
285.199105	432.000000
285.211605	432.000000
285.224105	432.000000
285.236605	432.000000
285.249105	432.000000
285.261605	432.000000
285.274105	432.000000
285.286606	432.000000
285.299106	432.000000
285.311606	432.000000
285.324106	432.000000
285.336606	432.000000
285.349106	432.000000
285.361606	432.000000
285.374106	432.000000
285.386606	432.000000
285.399106	432.000000
285.411606	432.000000
285.424107	432.000000
285.436607	432.000000
285.449107	432.000000
285.461607	432.000000
285.474107	432.000000
285.486607	432.000000
285.499107	432.000000
285.511607	432.000000
285.524107	432.000000
285.536607	432.000000
285.549108	432.000000
285.561608	432.000000
285.574108	432.000000
285.586608	432.000000
285.599108	432.000000
285.611608	432.000000
285.624108	432.000000
285.636608	432.000000
285.649108	432.000000
285.661608	432.000000
285.674108	432.000000
285.686605	432.000000
285.699105	432.000000
285.711605	432.000000
285.724105	432.000000
285.736605	432.000000
285.749105	432.000000
285.761605	432.000000
285.774106	432.000000
285.786606	432.000000
285.799106	432.000000
285.811606	432.000000
285.824106	432.000000
285.836606	432.000000
285.849106	432.000000
285.861606	432.000000
285.874106	432.000000
285.886606	432.000000
285.899107	432.000000
285.911607	432.000000
285.924107	432.000000
285.936607	432.000000
285.949107	432.000000
285.961607	432.000000
285.974107	432.000000
285.986607	432.000000
285.999107	432.000000
286.011607	432.000000
286.024107	432.000000
286.036608	432.000000
286.049108	432.000000
286.061608	432.000000
286.074108	432.000000
286.086608	432.000000
286.099108	432.000000
286.111608	432.000000
286.124108	432.000000
286.136608	432.000000
286.149108	432.000000
286.161605	432.000000
286.174105	432.000000
286.186605	432.000000
286.199105	432.000000
286.211605	432.000000
286.224105	432.000000
286.236605	432.000000
286.249106	432.000000
286.261606	432.000000
286.274106	432.000000
286.286606	432.000000
286.299106	432.000000
286.311606	432.000000
286.324106	432.000000
286.336606	432.000000
286.349106	432.000000
286.361606	432.000000
286.374107	432.000000
286.386607	432.000000
286.399107	432.000000
286.411607	432.000000
286.424107	432.000000
286.436607	432.000000
286.449107	432.000000
286.461607	432.000000
286.474107	432.000000
286.486607	432.000000
286.499107	432.000000
286.511608	432.000000
286.524108	432.000000
286.536608	432.000000
286.549108	432.000000
286.561608	432.000000
286.574108	432.000000
286.586608	432.000000
286.599108	432.000000
286.611608	432.000000
286.624108	432.000000
286.636609	432.000000
286.649105	432.000000
286.661605	432.000000
286.674105	432.000000
286.686605	432.000000
286.699105	432.000000
286.711605	432.000000
286.724106	432.000000
286.736606	432.000000
286.749106	432.000000
286.761606	432.000000
286.774106	432.000000
286.786606	432.000000
286.799106	432.000000
286.811606	432.000000
286.824106	432.000000
286.836606	432.000000
286.849106	432.000000
286.861607	432.000000
286.874107	432.000000
286.886607	432.000000
286.899107	432.000000
286.911607	432.000000
286.924107	432.000000
286.936607	432.000000
286.949107	432.000000
286.961607	432.000000
286.974107	432.000000
286.986608	432.000000
286.999108	432.000000
287.011608	432.000000
287.024108	432.000000
287.036608	432.000000
287.049108	432.000000
287.061608	432.000000
287.074108	432.000000
287.086608	432.000000
287.099108	432.000000
287.111605	432.000000
287.124105	432.000000
287.136605	432.000000
287.149105	432.000000
287.161605	432.000000
287.174105	432.000000
287.186605	432.000000
287.199106	432.000000
287.211606	432.000000
287.224106	432.000000
287.236606	432.000000
287.249106	432.000000
287.261606	432.000000
287.274106	432.000000
287.286606	432.000000
287.299106	432.000000
287.311606	432.000000
287.324106	432.000000
287.336607	432.000000
287.349107	432.000000
287.361607	432.000000
287.374107	432.000000
287.386607	432.000000
287.399107	432.000000
287.411607	432.000000
287.424107	432.000000
287.436607	432.000000
287.449107	432.000000
287.461608	432.000000
287.474108	432.000000
287.486608	432.000000
287.499108	432.000000
287.511608	432.000000
287.524108	432.000000
287.536608	432.000000
287.549108	432.000000
287.561608	432.000000
287.574108	432.000000
287.586608	432.000000
287.599105	432.000000
287.611605	432.000000
287.624105	432.000000
287.636605	432.000000
287.649105	432.000000
287.661605	432.000000
287.674105	432.000000
287.686606	432.000000
287.699106	432.000000
287.711606	432.000000
287.724106	432.000000
287.736606	432.000000
287.749106	432.000000
287.761606	432.000000
287.774106	432.000000
287.786606	432.000000
287.799106	432.000000
287.811607	432.000000
287.824107	432.000000
287.836607	432.000000
287.849107	432.000000
287.861607	432.000000
287.874107	432.000000
287.886607	432.000000
287.899107	432.000000
287.911607	432.000000
287.924107	432.000000
287.936607	432.000000
287.949108	432.000000
287.961608	432.000000
287.974108	432.000000
287.986608	432.000000
287.999108	432.000000
288.011608	432.000000
288.024108	432.000000
288.036608	432.000000
288.049108	432.000000
288.061605	432.000000
288.074105	432.000000
288.086605	432.000000
288.099105	432.000000
288.111605	432.000000
288.124105	432.000000
288.136605	432.000000
288.149105	432.000000
288.161606	432.000000
288.174106	432.000000
288.186606	432.000000
288.199106	432.000000
288.211606	432.000000
288.224106	432.000000
288.236606	432.000000
288.249106	432.000000
288.261606	432.000000
288.274106	432.000000
288.286607	432.000000
288.299107	432.000000
288.311607	432.000000
288.324107	432.000000
288.336607	432.000000
288.349107	432.000000
288.361607	432.000000
288.374107	432.000000
288.386607	432.000000
288.399107	432.000000
288.411607	432.000000
288.424108	432.000000
288.436608	432.000000
288.449108	432.000000
288.461608	432.000000
288.474108	432.000000
288.486608	432.000000
288.499108	432.000000
288.511608	432.000000
288.524108	432.000000
288.536608	432.000000
288.549109	432.000000
288.561605	432.000000
288.574105	432.000000
288.586605	432.000000
288.599105	432.000000
288.611605	432.000000
288.624105	432.000000
288.636606	432.000000
288.649106	432.000000
288.661606	432.000000
288.674106	432.000000
288.686606	432.000000
288.699106	432.000000
288.711606	432.000000
288.724106	432.000000
288.736606	432.000000
288.749106	432.000000
288.761606	432.000000
288.774107	432.000000
288.786607	432.000000
288.799107	432.000000
288.811607	432.000000
288.824107	432.000000
288.836607	432.000000
288.849107	432.000000
288.861607	432.000000
288.874107	432.000000
288.886607	432.000000
288.899108	432.000000
288.911608	432.000000
288.924108	432.000000
288.936608	432.000000
288.949108	432.000000
288.961608	432.000000
288.974108	432.000000
288.986608	432.000000
288.999108	432.000000
289.011608	432.000000
289.024105	432.000000
289.036605	432.000000
289.049105	432.000000
289.061605	432.000000
289.074105	432.000000
289.086605	432.000000
289.099105	432.000000
289.111606	432.000000
289.124106	432.000000
289.136606	432.000000
289.149106	432.000000
289.161606	432.000000
289.174106	432.000000
289.186606	432.000000
289.199106	432.000000
289.211606	432.000000
289.224106	432.000000
289.236606	432.000000
289.249107	432.000000
289.261607	432.000000
289.274107	432.000000
289.286607	432.000000
289.299107	432.000000
289.311607	432.000000
289.324107	432.000000
289.336607	432.000000
289.349107	432.000000
289.361607	432.000000
289.374108	432.000000
289.386608	432.000000
289.399108	432.000000
289.411608	432.000000
289.424108	432.000000
289.436608	432.000000
289.449108	432.000000
289.461608	432.000000
289.474108	432.000000
289.486608	432.000000
289.499108	432.000000
289.511605	432.000000
289.524105	432.000000
289.536605	432.000000
289.549105	432.000000
289.561605	432.000000
289.574105	432.000000
289.586606	432.000000
289.599106	432.000000
289.611606	432.000000
289.624106	432.000000
289.636606	432.000000
289.649106	432.000000
289.661606	432.000000
289.674106	432.000000
289.686606	416.000000
289.699106	432.000000
289.711606	432.000000
289.724107	432.000000
289.736607	432.000000
289.749107	432.000000
289.761607	432.000000
289.774107	432.000000
289.786607	432.000000
289.799107	432.000000
289.811607	432.000000
289.824107	432.000000
289.836607	432.000000
289.849108	432.000000
289.861608	432.000000
289.874108	432.000000
289.886608	432.000000
289.899108	432.000000
289.911608	432.000000
289.924108	432.000000
289.936608	432.000000
289.949108	432.000000
289.961608	432.000000
289.974105	432.000000
289.986605	432.000000
289.999105	432.000000
290.011605	432.000000
290.024105	432.000000
290.036605	432.000000
290.049105	432.000000
290.061605	432.000000
290.074106	432.000000
290.086606	432.000000
290.099106	432.000000
290.111606	432.000000
290.124106	432.000000
290.136606	432.000000
290.149106	432.000000
290.161606	432.000000
290.174106	432.000000
290.186606	432.000000
290.199107	432.000000
290.211607	432.000000
290.224107	432.000000
290.236607	432.000000
290.249107	432.000000
290.261607	432.000000
290.274107	432.000000
290.286607	432.000000
290.299107	432.000000
290.311607	432.000000
290.324107	432.000000
290.336608	432.000000
290.349108	432.000000
290.361608	432.000000
290.374108	432.000000
290.386608	432.000000
290.399108	432.000000
290.411608	432.000000
290.424108	432.000000
290.436608	432.000000
290.449108	432.000000
290.461609	432.000000
290.474105	432.000000
290.486605	432.000000
290.499105	432.000000
290.511605	432.000000
290.524105	432.000000
290.536605	432.000000
290.549106	432.000000
290.561606	432.000000
290.574106	432.000000
290.586606	432.000000
290.599106	432.000000
290.611606	432.000000
290.624106	432.000000
290.636606	432.000000
290.649106	432.000000
290.661606	432.000000
290.674107	432.000000
290.686607	432.000000
290.699107	432.000000
290.711607	432.000000
290.724107	432.000000
290.736607	432.000000
290.749107	432.000000
290.761607	432.000000
290.774107	432.000000
290.786607	432.000000
290.799107	432.000000
290.811608	432.000000
290.824108	432.000000
290.836608	432.000000
290.849108	432.000000
290.861608	432.000000
290.874108	432.000000
290.886608	432.000000
290.899108	432.000000
290.911608	432.000000
290.924108	432.000000
290.936605	432.000000
290.949105	432.000000
290.961605	432.000000
290.974105	432.000000
290.986605	432.000000
290.999105	432.000000
291.011605	432.000000
291.024106	432.000000
291.036606	432.000000
291.049106	432.000000
291.061606	432.000000
291.074106	432.000000
291.086606	432.000000
291.099106	432.000000
291.111606	432.000000
291.124106	432.000000
291.136606	432.000000
291.149106	432.000000
291.161607	432.000000
291.174107	432.000000
291.186607	432.000000
291.199107	432.000000
291.211607	432.000000
291.224107	432.000000
291.236607	432.000000
291.249107	432.000000
291.261607	432.000000
291.274107	432.000000
291.286608	432.000000
291.299108	432.000000
291.311608	432.000000
291.324108	432.000000
291.336608	432.000000
291.349108	432.000000
291.361608	432.000000
291.374108	432.000000
291.386608	432.000000
291.399108	432.000000
291.411608	432.000000
291.424105	432.000000
291.436605	432.000000
291.449105	432.000000
291.461605	432.000000
291.474105	432.000000
291.486605	432.000000
291.499106	432.000000
291.511606	432.000000
291.524106	432.000000
291.536606	432.000000
291.549106	432.000000
291.561606	432.000000
291.574106	432.000000
291.586606	432.000000
291.599106	432.000000
291.611606	432.000000
291.624106	432.000000
291.636607	432.000000
291.649107	432.000000
291.661607	432.000000
291.674107	432.000000
291.686607	432.000000
291.699107	432.000000
291.711607	432.000000
291.724107	432.000000
291.736607	432.000000
291.749107	432.000000
291.761608	432.000000
291.774108	432.000000
291.786608	432.000000
291.799108	432.000000
291.811608	432.000000
291.824108	432.000000
291.836608	432.000000
291.849108	432.000000
291.861608	432.000000
291.874108	432.000000
291.886605	432.000000
291.899105	432.000000
291.911605	432.000000
291.924105	432.000000
291.936605	432.000000
291.949105	432.000000
291.961605	432.000000
291.974105	432.000000
291.986606	432.000000
291.999106	432.000000
292.011606	432.000000
292.024106	432.000000
292.036606	432.000000
292.049106	432.000000
292.061606	432.000000
292.074106	432.000000
292.086606	432.000000
292.099106	432.000000
292.111607	432.000000
292.124107	432.000000
292.136607	432.000000
292.149107	432.000000
292.161607	432.000000
292.174107	432.000000
292.186607	432.000000
292.199107	432.000000
292.211607	432.000000
292.224107	432.000000
292.236607	432.000000
292.249108	432.000000
292.261608	432.000000
292.274108	432.000000
292.286608	432.000000
292.299108	432.000000
292.311608	432.000000
292.324108	432.000000
292.336608	432.000000
292.349108	432.000000
292.361608	432.000000
292.374109	432.000000
292.386605	432.000000
292.399105	432.000000
292.411605	432.000000
292.424105	432.000000
292.436605	432.000000
292.449105	432.000000
292.461606	432.000000
292.474106	432.000000
292.486606	432.000000
292.499106	432.000000
292.511606	432.000000
292.524106	432.000000
292.536606	432.000000
292.549106	432.000000
292.561606	432.000000
292.574106	432.000000
292.586607	432.000000
292.599107	432.000000
292.611607	432.000000
292.624107	432.000000
292.636607	432.000000
292.649107	432.000000
292.661607	432.000000
292.674107	432.000000
292.686607	432.000000
292.699107	432.000000
292.711607	432.000000
292.724108	432.000000
292.736608	432.000000
292.749108	432.000000
292.761608	432.000000
292.774108	432.000000
292.786608	432.000000
292.799108	432.000000
292.811608	432.000000
292.824108	432.000000
292.836608	432.000000
292.849105	432.000000
292.861605	432.000000
292.874105	432.000000
292.886605	432.000000
292.899105	432.000000
292.911605	432.000000
292.924105	432.000000
292.936606	432.000000
292.949106	432.000000
292.961606	432.000000
292.974106	432.000000
292.986606	432.000000
292.999106	432.000000
293.011606	432.000000
293.024106	432.000000
293.036606	432.000000
293.049106	432.000000
293.061606	432.000000
293.074107	432.000000
293.086607	432.000000
293.099107	432.000000
293.111607	432.000000
293.124107	432.000000
293.136607	432.000000
293.149107	432.000000
293.161607	432.000000
293.174107	432.000000
293.186607	432.000000
293.199108	432.000000
293.211608	432.000000
293.224108	432.000000
293.236608	432.000000
293.249108	432.000000
293.261608	432.000000
293.274108	432.000000
293.286608	432.000000
293.299108	432.000000
293.311608	432.000000
293.324108	432.000000
293.336605	432.000000
293.349105	432.000000
293.361605	432.000000
293.374105	432.000000
293.386605	432.000000
293.399105	432.000000
293.411606	432.000000
293.424106	432.000000
293.436606	432.000000
293.449106	432.000000
293.461606	432.000000
293.474106	432.000000
293.486606	432.000000
293.499106	432.000000
293.511606	432.000000
293.524106	432.000000
293.536606	432.000000
293.549107	432.000000
293.561607	432.000000
293.574107	432.000000
293.586607	432.000000
293.599107	432.000000
293.611607	432.000000
293.624107	432.000000
293.636607	432.000000
293.649107	432.000000
293.661607	432.000000
293.674108	432.000000
293.686608	432.000000
293.699108	432.000000
293.711608	432.000000
293.724108	432.000000
293.736608	432.000000
293.749108	432.000000
293.761608	432.000000
293.774108	432.000000
293.786608	432.000000
293.799105	432.000000
293.811605	432.000000
293.824105	432.000000
293.836605	432.000000
293.849105	432.000000
293.861605	432.000000
293.874105	432.000000
293.886606	432.000000
293.899106	448.000000
293.911606	464.000000
293.924106	464.000000
293.936606	480.000000
293.949106	480.000000
293.961606	496.000000
293.974106	496.000000
293.986606	496.000000
293.999106	496.000000
294.011606	496.000000
294.024107	480.000000
294.036607	480.000000
294.049107	480.000000
294.061607	480.000000
294.074107	464.000000
294.086607	464.000000
294.099107	464.000000
294.111607	464.000000
294.124107	448.000000
294.136607	448.000000
294.149108	448.000000
294.161608	448.000000
294.174108	448.000000
294.186608	448.000000
294.199108	432.000000
294.211608	448.000000
294.224108	448.000000
294.236608	432.000000
294.249108	432.000000
294.261608	432.000000
294.274108	432.000000
294.286605	432.000000
294.299105	432.000000
294.311605	432.000000
294.324105	432.000000
294.336605	432.000000
294.349105	432.000000
294.361605	432.000000
294.374106	432.000000
294.386606	432.000000
294.399106	432.000000
294.411606	432.000000
294.424106	432.000000
294.436606	432.000000
294.449106	432.000000
294.461606	432.000000
294.474106	432.000000
294.486606	432.000000
294.499107	432.000000
294.511607	432.000000
294.524107	432.000000
294.536607	432.000000
294.549107	432.000000
294.561607	432.000000
294.574107	432.000000
294.586607	432.000000
294.599107	432.000000
294.611607	432.000000
294.624107	432.000000
294.636608	432.000000
294.649108	432.000000
294.661608	432.000000
294.674108	432.000000
294.686608	432.000000
294.699108	432.000000
294.711608	432.000000
294.724108	432.000000
294.736608	432.000000
294.749108	432.000000
294.761605	432.000000
294.774105	432.000000
294.786605	432.000000
294.799105	432.000000
294.811605	432.000000
294.824105	432.000000
294.836605	432.000000
294.849106	432.000000
294.861606	432.000000
294.874106	432.000000
294.886606	432.000000
294.899106	432.000000
294.911606	432.000000
294.924106	432.000000
294.936606	432.000000
294.949106	432.000000
294.961606	432.000000
294.974107	432.000000
294.986607	432.000000
294.999107	432.000000
295.011607	432.000000
295.024107	432.000000
295.036607	432.000000
295.049107	432.000000
295.061607	432.000000
295.074107	432.000000
295.086607	432.000000
295.099107	432.000000
295.111608	432.000000
295.124108	432.000000
295.136608	432.000000
295.149108	432.000000
295.161608	432.000000
295.174108	432.000000
295.186608	432.000000
295.199108	432.000000
295.211608	432.000000
295.224108	432.000000
295.236609	432.000000
295.249105	432.000000
295.261605	432.000000
295.274105	432.000000
295.286605	432.000000
295.299105	432.000000
295.311605	432.000000
295.324106	432.000000
295.336606	432.000000
295.349106	432.000000
295.361606	432.000000
295.374106	432.000000
295.386606	432.000000
295.399106	432.000000
295.411606	432.000000
295.424106	432.000000
295.436606	432.000000
295.449106	432.000000
295.461607	432.000000
295.474107	432.000000
295.486607	432.000000
295.499107	432.000000
295.511607	432.000000
295.524107	432.000000
295.536607	432.000000
295.549107	432.000000
295.561607	432.000000
295.574107	432.000000
295.586608	432.000000
295.599108	432.000000
295.611608	432.000000
295.624108	432.000000
295.636608	432.000000
295.649108	432.000000
295.661608	432.000000
295.674108	432.000000
295.686608	432.000000
295.699108	432.000000
295.711605	432.000000
295.724105	432.000000
295.736605	432.000000
295.749105	432.000000
295.761605	432.000000
295.774105	432.000000
295.786605	432.000000
295.799106	432.000000
295.811606	432.000000
295.824106	432.000000
295.836606	432.000000
295.849106	432.000000
295.861606	432.000000
295.874106	432.000000
295.886606	432.000000
295.899106	432.000000
295.911606	432.000000
295.924106	432.000000
295.936607	432.000000
295.949107	432.000000
295.961607	432.000000
295.974107	432.000000
295.986607	432.000000
295.999107	432.000000
296.011607	432.000000
296.024107	432.000000
296.036607	432.000000
296.049107	432.000000
296.061608	432.000000
296.074108	432.000000
296.086608	432.000000
296.099108	432.000000
296.111608	432.000000
296.124108	432.000000
296.136608	432.000000
296.149108	432.000000
296.161608	432.000000
296.174108	432.000000
296.186608	432.000000
296.199105	432.000000
296.211605	432.000000
296.224105	432.000000
296.236605	432.000000
296.249105	432.000000
296.261605	432.000000
296.274105	432.000000
296.286606	432.000000
296.299106	432.000000
296.311606	432.000000
296.324106	432.000000
296.336606	432.000000
296.349106	432.000000
296.361606	432.000000
296.374106	432.000000
296.386606	432.000000
296.399106	432.000000
296.411607	432.000000
296.424107	432.000000
296.436607	432.000000
296.449107	432.000000
296.461607	432.000000
296.474107	432.000000
296.486607	432.000000
296.499107	432.000000
296.511607	432.000000
296.524107	432.000000
296.536607	432.000000
296.549108	432.000000
296.561608	432.000000
296.574108	432.000000
296.586608	432.000000
296.599108	432.000000
296.611608	432.000000
296.624108	432.000000
296.636608	432.000000
296.649108	432.000000
296.661605	432.000000
296.674105	432.000000
296.686605	432.000000
296.699105	432.000000
296.711605	432.000000
296.724105	432.000000
296.736605	432.000000
296.749105	432.000000
296.761606	432.000000
296.774106	432.000000
296.786606	432.000000
296.799106	432.000000
296.811606	432.000000
296.824106	432.000000
296.836606	432.000000
296.849106	432.000000
296.861606	432.000000
296.874106	432.000000
296.886607	432.000000
296.899107	432.000000
296.911607	432.000000
296.924107	432.000000
296.936607	432.000000
296.949107	432.000000
296.961607	432.000000
296.974107	432.000000
296.986607	432.000000
296.999107	432.000000
297.011607	432.000000
297.024108	432.000000
297.036608	432.000000
297.049108	432.000000
297.061608	432.000000
297.074108	432.000000
297.086608	432.000000
297.099108	432.000000
297.111608	432.000000
297.124108	432.000000
297.136608	432.000000
297.149109	432.000000
297.161605	432.000000
297.174105	432.000000
297.186605	432.000000
297.199105	432.000000
297.211605	432.000000
297.224105	432.000000
297.236606	432.000000
297.249106	432.000000
297.261606	432.000000
297.274106	432.000000
297.286606	432.000000
297.299106	432.000000
297.311606	432.000000
297.324106	432.000000
297.336606	432.000000
297.349106	432.000000
297.361606	432.000000
297.374107	432.000000
297.386607	432.000000
297.399107	432.000000
297.411607	432.000000
297.424107	432.000000
297.436607	432.000000
297.449107	432.000000
297.461607	432.000000
297.474107	432.000000
297.486607	432.000000
297.499108	432.000000
297.511608	432.000000
297.524108	432.000000
297.536608	432.000000
297.549108	432.000000
297.561608	432.000000
297.574108	432.000000
297.586608	432.000000
297.599108	432.000000
297.611608	432.000000
297.624105	432.000000
297.636605	432.000000
297.649105	432.000000
297.661605	432.000000
297.674105	432.000000
297.686605	432.000000
297.699105	432.000000
297.711606	432.000000
297.724106	432.000000
297.736606	432.000000
297.749106	432.000000
297.761606	432.000000
297.774106	432.000000
297.786606	432.000000
297.799106	432.000000
297.811606	432.000000
297.824106	432.000000
297.836606	432.000000
297.849107	432.000000
297.861607	432.000000
297.874107	432.000000
297.886607	432.000000
297.899107	432.000000
297.911607	432.000000
297.924107	432.000000
297.936607	432.000000
297.949107	432.000000
297.961607	432.000000
297.974108	432.000000
297.986608	432.000000
297.999108	432.000000
298.011608	432.000000
298.024108	432.000000
298.036608	432.000000
298.049108	432.000000
298.061608	432.000000
298.074108	432.000000
298.086608	432.000000
298.099108	432.000000
298.111605	432.000000
298.124105	432.000000
298.136605	432.000000
298.149105	432.000000
298.161605	432.000000
298.174105	432.000000
298.186606	432.000000
298.199106	432.000000
298.211606	432.000000
298.224106	432.000000
298.236606	432.000000
298.249106	432.000000
298.261606	432.000000
298.274106	432.000000
298.286606	432.000000
298.299106	432.000000
298.311606	432.000000
298.324107	432.000000
298.336607	432.000000
298.349107	432.000000
298.361607	432.000000
298.374107	432.000000
298.386607	432.000000
298.399107	432.000000
298.411607	432.000000
298.424107	432.000000
298.436607	432.000000
298.449108	432.000000
298.461608	432.000000
298.474108	432.000000
298.486608	432.000000
298.499108	432.000000
298.511608	432.000000
298.524108	432.000000
298.536608	432.000000
298.549108	432.000000
298.561608	432.000000
298.574105	432.000000
298.586605	432.000000
298.599105	432.000000
298.611605	432.000000
298.624105	432.000000
298.636605	432.000000
298.649105	432.000000
298.661605	432.000000
298.674106	432.000000
298.686606	432.000000
298.699106	432.000000
298.711606	432.000000
298.724106	432.000000
298.736606	432.000000
298.749106	432.000000
298.761606	432.000000
298.774106	432.000000
298.786606	432.000000
298.799107	432.000000
298.811607	432.000000
298.824107	432.000000
298.836607	432.000000
298.849107	432.000000
298.861607	432.000000
298.874107	432.000000
298.886607	432.000000
298.899107	432.000000
298.911607	432.000000
298.924107	432.000000
298.936608	432.000000
298.949108	432.000000
298.961608	432.000000
298.974108	432.000000
298.986608	432.000000
298.999108	432.000000
