{"comment": "", "serial_number": "7BF23BF4A344E5120202041131D5FF", "short_sn": 348, "mca_id_str": "0x103", "arm_version": {"registers": [259, 348, 3204706939, 1364079690, 1092624416, 4278525203, 256, 256, 17, 0, 0, 4, 16, 0, 0, 40], "fields": {"mca_id": 259, "short_sn": 348, "unique_sn_0": 3204706939, "unique_sn_1": 1364079690, "unique_sn_2": 1092624416, "unique_sn_3": 4278525203, "arm_hw": 256, "arm_sw": 256, "arm_build": 17, "arm_custom_0": 0, "arm_custom_1": 0, "fpga_version": 4, "fpga_build": 16, "fpga_custom_0": 0, "fpga_custom_1": 0, "fpga_speed": 40}, "user": {"unique_sn": "BF03F27B514E344A41202020FF051D13", "fpga_speed": 40000000.0}}, "arm_status": {"registers": [0.0, 797.7608642578125, 797.7608642578125, 28.654144287109375, 23.25, 28.422374725341797, 0.0, 0.0, 325.7471008300781, 1.0, 4.948186874389648, 1.0, 0.0, 0.0, 0.0, 0.0], "fields": {"op_voltage": 0.0, "voltage_target": 797.7608642578125, "set_voltage": 797.7608642578125, "cpu_temperature": 28.654144287109375, "x_temperature": 23.25, "avg_temperature": 28.422374725341797, "dg_target": 0.0, "led_target": 0.0, "wall_clock_time": 325.7471008300781, "op_status": 1.0, "supply_voltage": 4.948186874389648, "fpga_count": 1.0, "led_value": 0.0}, "user": {"fpga_status": 1}}, "fpga_status": {"registers": [372, 6980, 302, 10924, 0, 6929, 296, 3076, 0, 16, 28874, 0, 0, 0, 0, 0, 372, 6986, 302, 10924, 0, 6929, 296, 3076, 0, 16, 28874, 0, 0, 0, 0, 0], "fields": {"temperature": 372, "dc_offset": 6980, "status": 302, "anode_current": 10924, "roi_avg": 6929, "version": 4, "adc_bits": 12, "adc_sr": 40, "sensor": 1, "sys_clk": 0, "custom": 0, "build": 16, "rr_10": 28874, "rr_11": 0, "rr_12": 0}, "user": {"temperature": 23.25, "dc_offset": 0.1090625, "histo_done": 0, "lm_done": 1, "trace_done": 1, "led_valid": 1, "impedance": 1100.0, "roi_valid": 0, "max_volt": 0.8909374999999999, "max_current": 0.0008099431818181817, "anode_current": 2.959641543301669e-07, "adc_sr": 40000000.0, "num_buffers": 0}}, "fpga_ctrl": {"registers": [18348, 3, 5, 60, 50, 65280, 100, 1092, 0, 1, 0, 0, 513, 0, 16399, 32768], "fields": {"fine_gain": 18348, "baseline_threshold": 3, "cr1_upper": 0, "pulse_threshold": 5, "cr2_upper": 0, "hold_off_time": 60, "integration_time": 50, "roi_bounds": 65280, "trigger_delay": 100, "cr6_upper": 0, "ctrl_7": 1092, "run_time_0": 0, "run_time_1": 1, "short_it": 0, "put": 0, "ecomp": 1, "pcomp": 0, "gain_select": 2, "cr12_upper": 0, "ctrl_13": 0, "led_repeat_time": 15, "led_pulse_width": 64, "ha_mode": 0, "trace_mode": 0, "lm_mode": 0, "led_on": 0, "rtlt": 0, "sel_led": 0, "daq_mode": 0, "nai_mode": 0, "psd_on": 0, "psd_select": 0, "psd_reject": 0, "cr15_upper": 8}, "user": {"digital_gain": 9174.0, "integration_time": 1.25e-06, "hold_off_time": 1.5e-06, "short_it": 0.0, "baseline_threshold": 0.003, "pulse_threshold": 0.005, "trigger_delay": 2.5e-06, "roi_low": 0, "roi_high": 4080, "run_time": 107.3741824}}, "rates": {"registers": [76209, 548156, 548117, 514, 0, 0, 0, 0, 7559, 559887, 0, 0, 0, 559887, 0, 0], "fields": {"bank_0": {"ct": 76209, "ev": 548156, "ts": 548117, "dt": 514, "xev0": 7559, "xev1": 559887, "xev2": 0, "xev3": 0}, "bank_1": {"ct": 0, "ev": 0, "ts": 0, "dt": 0, "xev0": 0, "xev1": 559887, "xev2": 0, "xev3": 0}}, "user": {"bank_0": {"run_time": 124.8608256, "dead_time": 0.8421376, "event_rate": 4390.135956301093, "trigger_rate": 4389.823608534589, "pulse_rate": 4419.632305737664, "xev0_rate": 60.53940428213859, "xev1_rate": 4484.0885626820655, "xev2_rate": 0.0, "xev3_rate": 0.0, "event_rate_err": 11.859213276969596, "trigger_rate_err": 11.858791392009197, "pulse_rate_err": 11.939317434356681, "xev0_rate_err": 1.3926307041915416, "xev1_rate_err": 11.98544008737986, "xev2_rate_err": 0.0, "xev3_rate_err": 0.0}, "bank_1": {"run_time": 0, "dead_time": 0, "event_rate": 0, "trigger_rate": 0, "pulse_rate": 0, "xev0_rate": 0, "xev1_rate": 0, "xev2_rate": 0, "xev3_rate": 0, "event_rate_err": 0, "trigger_rate_err": 0, "pulse_rate_err": 0, "xev0_rate_err": 0, "xev1_rate_err": 0, "xev2_rate_err": 0, "xev3_rate_err": 0}}},