{"comment": "", "serial_number": "24B1734054525251202020412D105FF", "short_sn": 457, "mca_id_str": "0x103", "arm_version": {"registers": [259, 457, 1081323812, 1364349524, 1092624416, 4278521901, 120120040, 256, 18, 0, 0, 4, 1, 0, 0, 40], "fields": {"mca_id": 259, "short_sn": 457, "unique_sn_0": 1081323812, "unique_sn_1": 1364349524, "unique_sn_2": 1092624416, "unique_sn_3": 4278521901, "arm_hw": 120120040, "arm_sw": 256, "arm_build": 18, "arm_custom_0": 0, "arm_custom_1": 0, "fpga_version": 4, "fpga_build": 1, "fpga_custom_0": 0, "fpga_custom_1": 0, "fpga_speed": 40}, "user": {"unique_sn": "4073B1245152525441202020FF05102D", "fpga_speed": 40000000.0}}, "arm_status": {"registers": [0.0, 781.7000122070312, 781.7000122070312, 30.408491134643555, 25.4375, 30.3494930267334, 0.0, 0.0, 142.33126831054688, 0.0, 0.0, 0.0, 0.0, 0.0, 0.0, 0.0], "fields": {"op_voltage": 0.0, "voltage_target": 781.7000122070312, "set_voltage": 781.7000122070312, "cpu_temperature": 30.408491134643555, "x_temperature": 25.4375, "avg_temperature": 30.3494930267334, "dg_target": 0.0, "led_target": 0.0, "wall_clock_time": 142.33126831054688, "op_status": 0.0, "supply_voltage": 0.0, "fpga_count": 0.0, "led_value": 0.0}, "user": {"fpga_status": 0}}, "fpga_status": {"registers": [407, 7223, 302, 26837, 0, 5649, 296, 3076, 0, 1, 31, 0, 0, 0, 0, 0, 0, 0, 0, 0, 0, 0, 0, 0, 0, 0, 0, 0, 0, 0, 0, 0], "fields": {"temperature": 407, "dc_offset": 7223, "status": 302, "anode_current": 26837, "roi_avg": 5649, "version": 4, "adc_bits": 12, "adc_sr": 40, "sensor": 1, "sys_clk": 0, "custom": 0, "build": 1, "rr_10": 31, "rr_11": 0, "rr_12": 0}, "user": {"temperature": 25.4375, "dc_offset": 0.112859375, "histo_done": 0, "lm_done": 1, "trace_done": 1, "led_valid": 1, "impedance": 1100.0, "roi_valid": 0, "max_volt": 0.887140625, "max_current": 0.0008064914772727273, "anode_current": 7.270953871987083e-07, "adc_sr": 40000000.0, "num_buffers": 0}}, "fpga_ctrl": {"registers": [19552, 3, 7, 60, 50, 65280, 100, 1092, 0, 1, 0, 0, 513, 0, 16399, 32768], "fields": {"fine_gain": 19552, "baseline_threshold": 3, "cr1_upper": 0, "pulse_threshold": 7, "cr2_upper": 0, "hold_off_time": 60, "integration_time": 50, "roi_bounds": 65280, "trigger_delay": 100, "cr6_upper": 0, "ctrl_7": 1092, "run_time_0": 0, "run_time_1": 1, "short_it": 0, "put": 0, "ecomp": 1, "pcomp": 0, "gain_select": 2, "cr12_upper": 0, "ctrl_13": 0, "led_repeat_time": 15, "led_pulse_width": 64, "ha_mode": 0, "trace_mode": 0, "lm_mode": 0, "led_on": 0, "rtlt": 0, "sel_led": 0, "daq_mode": 0, "nai_mode": 0, "psd_on": 0, "psd_select": 0, "psd_reject": 0, "cr15_upper": 8}, "user": {"digital_gain": 9776.0, "integration_time": 1.25e-06, "hold_off_time": 1.5e-06, "short_it": 0.0, "baseline_threshold": 0.003, "pulse_threshold": 0.007, "trigger_delay": 2.5e-06, "roi_low": 0, "roi_high": 4080, "run_time": 107.3741824}}, "rates": {"registers": [36456, 756376, 756426, 693, 0, 0, 0, 0, 0, 756426, 0, 0, 0, 756426, 0, 0], "fields": {"bank_0": {"ct": 36456, "ev": 756376, "ts": 756426, "dt": 693, "xev0": 0, "xev1": 756426, "xev2": 0, "xev3": 0}, "bank_1": {"ct": 0, "ev": 0, "ts": 0, "dt": 0, "xev0": 0, "xev1": 756426, "xev2": 0, "xev3": 0}}, "user": {"bank_0": {"run_time": 59.7295104, "dead_time": 1.1354112, "event_rate": 12663.355097583388, "trigger_rate": 12664.192204729674, "pulse_rate": 12909.59346295403, "xev0_rate": 0.0, "xev1_rate": 12664.192204729674, "xev2_rate": 0.0, "xev3_rate": 0.0, "event_rate_err": 29.12124317146294, "trigger_rate_err": 29.12220568091342, "pulse_rate_err": 29.686523230807808, "xev0_rate_err": 0.0, "xev1_rate_err": 29.12220568091342, "xev2_rate_err": 0.0, "xev3_rate_err": 0.0}, "bank_1": {"run_time": 0, "dead_time": 0, "event_rate": 0, "trigger_rate": 0, "pulse_rate": 0, "xev0_rate": 0, "xev1_rate": 0, "xev2_rate": 0, "xev3_rate": 0, "event_rate_err": 0, "trigger_rate_err": 0, "pulse_rate_err": 0, "xev0_rate_err": 0, "xev1_rate_err": 0, "xev2_rate_err": 0, "xev3_rate_err": 0}}}, "histo": {"registers": [0, 0, 0, 0, 0, 0, 0, 0, 0, 0, 1, 0, 0, 1, 0, 0, 0, 1, 0, 1, 3, 6, 2, 26, 55, 126, 213, 415, 694, 1043, 1529, 2386, 3548, 5192, 7769, 10215, 11718, 11094, 8898, 6150, 4204, 3009, 2332, 1831, 1402, 1119, 957, 926, 890, 878, 861, 860, 884, 887, 829, 813, 807, 860, 883, 840, 809, 869, 829, 826, 814, 836, 937, 868, 879, 836, 868, 887, 854, 933, 854, 869, 966, 845, 881, 860, 898, 881, 888, 868, 896, 862, 880, 947, 899, 885, 874, 941, 896, 915, 1007, 889, 935, 920, 943, 942, 946, 955, 905, 943, 913, 914, 955, 931, 913, 916, 908, 912, 976, 903, 979, 928, 911, 923, 952, 959, 994, 920, 996, 994, 988, 1027, 1031, 964, 976, 971, 986, 1048, 992, 1042, 1117, 992, 1017, 1030, 1064, 1012, 1076, 1072, 1038, 1005, 1069, 1014, 1085, 1091, 1025, 1140, 1070, 1015, 1026, 1048, 993, 1024, 1017, 1060, 1049, 1042, 1048, 1020, 1021, 1051, 1049, 1015, 1005, 1012, 1057, 1002, 1049, 1038, 1066, 1058, 1078, 1031, 1023, 1024, 1075, 1045, 1104, 1088, 1100, 1121, 1133, 1250, 1199, 1326, 1318, 1354, 1338, 1371, 1468, 1543, 1656, 1621, 1697, 1787, 1798, 1866, 1880, 1926, 1832, 1859, 1882, 1867, 1831, 1901, 1834, 1766, 1825, 1697, 1706, 1671, 1729, 1690, 1676, 1584, 1568, 1594, 1616, 1545, 1516, 1495, 1501, 1462, 1492, 1346, 1428, 1342, 1400, 1362, 1281, 1313, 1334, 1338, 1303, 1322, 1299, 1264, 1286, 1219, 1266, 1158, 1179, 1268, 1182, 1188, 1202, 1173, 1183, 1136, 1143, 1116, 1130, 1160, 1092, 1112, 1087, 1071, 1056, 1073, 1023, 1094, 1050, 1010, 986, 1059, 1055, 1004, 1034, 1014, 1003, 972, 998, 979, 1010, 990, 979, 983, 959, 955, 968, 982, 945, 919, 925, 873, 879, 883, 959, 906, 903, 903, 804, 900, 866, 871, 863, 938, 842, 839, 886, 825, 810, 809, 871, 906, 886, 840, 836, 849, 798, 834, 840, 831, 840, 827, 803, 862, 776, 831, 803, 794, 805, 740, 810, 769, 777, 759, 795, 783, 742, 788, 713, 769, 807, 791, 740, 772, 809, 761, 740, 704, 756, 772, 756, 711, 744, 738, 749, 821, 766, 765, 772, 736, 740, 755, 755, 719, 671, 717, 759, 714, 731, 742, 724, 753, 784, 746, 733, 702, 774, 726, 737, 713, 694, 702, 721, 679, 760, 711, 686, 709, 679, 719, 731, 733, 711, 726, 686, 678, 720, 710, 706, 739, 711, 723, 665, 754, 709, 694, 708, 748, 735, 685, 702, 709, 795, 713, 704, 804, 725, 760, 708, 779, 796, 738, 728, 719, 734, 722, 751, 669, 737, 740, 722, 722, 793, 721, 717, 751, 721, 766, 699, 809, 772, 735, 743, 796, 735, 727, 735, 733, 792, 768, 767, 757, 744, 775, 727, 761, 703, 715, 723, 712, 754, 685, 668, 632, 645, 627, 583, 622, 603, 589, 550, 543, 528, 528, 458, 496, 425, 409, 433, 412, 458, 405, 371, 353, 333, 351, 318, 324, 321, 282, 286, 285, 284, 295, 291, 295, 251, 251, 244, 238, 228, 233, 210, 228, 227, 206, 213, 233, 198, 209, 211, 205, 178, 164, 183, 172, 170, 183, 176, 163, 157, 170, 177, 142, 142, 175, 149, 130, 147, 131, 141, 161, 138, 144, 156, 147, 128, 126, 154, 165, 122, 121, 128, 113, 118, 123, 115, 135, 134, 127, 116, 127, 150, 108, 101, 111, 121, 104, 107, 102, 103, 109, 108, 117, 103, 114, 123, 104, 112, 104, 122, 75, 109, 115, 112, 114, 92, 97, 100, 114, 81, 108, 109, 104, 100, 109, 106, 114, 93, 90, 96, 105, 103, 108, 104, 117, 115, 99, 110, 97, 67, 92, 99, 103, 120, 105, 108, 108, 131, 124, 149, 141, 132, 180, 174, 213, 173, 233, 297, 301, 340, 332, 398, 450, 539, 572, 614, 702, 738, 876, 987, 1074, 1150, 1302, 1393, 1506, 1555, 1726, 1917, 2040, 2232, 2445, 2507, 2705, 2856, 3186, 3301, 3346, 3543, 3709, 3988, 4007, 4306, 4626, 4671, 4617, 4727, 5026, 5042, 5205, 5224, 5415, 5421, 5478, 5510, 5506, 5534, 5321, 5457, 5242, 5129, 5090, 5023, 4641, 4495, 4585, 4305, 3994, 3847, 3602, 3582, 3378, 3164, 2827, 2646, 2487, 2274, 1979, 1934, 1710, 1567, 1467, 1273, 1114, 1039, 940, 791, 713, 586, 542, 487, 446, 352, 334, 269, 252, 243, 188, 143, 115, 113, 77, 82, 63, 68, 48, 38, 35, 27, 38, 21, 20, 19, 23, 10, 10, 12, 12, 16, 11, 17, 21, 10, 9, 9, 12, 12, 9, 9, 9, 12, 7, 12, 16, 11, 10, 13, 13, 9, 7, 10, 8, 11, 8, 6, 9, 11, 5, 9, 12, 14, 16, 13, 12, 9, 19, 9, 13, 12, 7, 10, 3, 9, 13, 9, 11, 15, 15, 8, 9, 10, 9, 6, 9, 10, 9, 9, 9, 7, 7, 5, 7, 12, 9, 6, 8, 13, 10,